po_id,supplier_id,sku_id,warehouse_id,order_date,expected_delivery_date,actual_delivery_date,quantity_ordered,quantity_received,unit_cost,status
PO-000001,SUP-07,SKU-00006,WH-VIC,2025-06-28,2025-07-06,2025-07-09,76.0,76.0,4.07,Late
PO-000002,SUP-06,SKU-00009,WH-WA,2025-06-28,2025-07-02,2025-07-03,100.0,100.0,4.65,Late
PO-000003,SUP-06,SKU-00003,WH-VIC,2025-06-29,2025-07-03,2025-07-04,158.0,158.0,5.99,Late
PO-000004,SUP-05,SKU-00001,WH-WA,2025-06-29,2025-07-08,2025-07-08,163.0,163.0,1.57,Received
PO-000005,SUP-05,SKU-00023,WH-NSW,2025-06-30,2025-07-09,2025-07-07,253.0,253.0,2.48,Received
PO-000006,SUP-02,SKU-00008,WH-QLD,2025-06-30,2025-07-10,2025-07-09,366.0,366.0,1.67,Received
PO-000007,SUP-05,SKU-00013,WH-QLD,2025-07-01,2025-07-10,2025-07-11,396.0,396.0,2.42,Late
PO-000008,SUP-06,SKU-00003,WH-NSW,2025-07-02,2025-07-06,2025-07-05,172.0,172.0,5.99,Received
PO-000009,SUP-01,SKU-00015,WH-NSW,2025-07-02,2025-07-06,2025-07-07,181.0,181.0,2.27,Late
PO-000010,SUP-06,SKU-00019,WH-NSW,2025-07-02,2025-07-06,2025-07-06,155.0,155.0,5.36,Received
PO-000011,SUP-02,SKU-00024,WH-NSW,2025-07-02,2025-07-12,2025-07-12,234.0,234.0,1.36,Received
PO-000012,SUP-02,SKU-00004,WH-QLD,2025-07-02,2025-07-21,2025-07-21,160.0,160.0,5.29,Received
PO-000013,SUP-07,SKU-00006,WH-QLD,2025-07-02,2025-07-10,2025-07-08,142.0,142.0,4.07,Received
PO-000014,SUP-03,SKU-00010,WH-QLD,2025-07-02,2025-07-21,2025-07-22,221.0,221.0,4.29,Late
PO-000015,SUP-07,SKU-00012,WH-QLD,2025-07-02,2025-07-10,2025-07-11,108.0,108.0,2.93,Late
PO-000016,SUP-02,SKU-00014,WH-QLD,2025-07-02,2025-07-12,2025-07-12,123.0,123.0,4.12,Received
PO-000017,SUP-06,SKU-00019,WH-QLD,2025-07-02,2025-07-06,2025-07-07,251.0,251.0,5.36,Late
PO-000018,SUP-07,SKU-00022,WH-QLD,2025-07-02,2025-07-10,2025-07-11,72.0,72.0,3.85,Late
PO-000019,SUP-06,SKU-00009,WH-VIC,2025-07-02,2025-07-06,2025-07-06,82.0,82.0,4.65,Received
PO-000020,SUP-01,SKU-00015,WH-WA,2025-07-02,2025-07-06,2025-07-06,80.0,80.0,2.27,Received
PO-000021,SUP-05,SKU-00017,WH-WA,2025-07-02,2025-07-11,2025-07-11,176.0,176.0,1.83,Received
PO-000022,SUP-06,SKU-00009,WH-QLD,2025-07-03,2025-07-07,2025-07-08,90.0,90.0,4.65,Late
PO-000023,SUP-01,SKU-00015,WH-QLD,2025-07-03,2025-07-07,2025-07-07,88.0,88.0,2.27,Received
PO-000024,SUP-04,SKU-00005,WH-VIC,2025-07-03,2025-07-21,2025-07-21,58.0,44.0,2.29,Received
PO-000025,SUP-06,SKU-00019,WH-VIC,2025-07-03,2025-07-07,2025-07-06,152.0,152.0,5.36,Received
PO-000026,SUP-02,SKU-00024,WH-VIC,2025-07-03,2025-07-13,2025-07-13,355.0,355.0,1.36,Received
PO-000027,SUP-06,SKU-00003,WH-WA,2025-07-03,2025-07-07,2025-07-07,69.0,69.0,5.99,Received
PO-000028,SUP-07,SKU-00012,WH-WA,2025-07-03,2025-07-11,2025-07-10,63.0,63.0,2.93,Received
PO-000029,SUP-06,SKU-00009,WH-NSW,2025-07-04,2025-07-08,2025-07-08,193.0,193.0,4.65,Received
PO-000030,SUP-07,SKU-00012,WH-NSW,2025-07-04,2025-07-12,2025-07-12,62.0,62.0,2.93,Received
PO-000031,SUP-07,SKU-00022,WH-NSW,2025-07-04,2025-07-12,2025-07-12,176.0,176.0,3.85,Received
PO-000032,SUP-06,SKU-00003,WH-QLD,2025-07-04,2025-07-08,2025-07-08,86.0,86.0,5.99,Received
PO-000033,SUP-03,SKU-00010,WH-VIC,2025-07-04,2025-07-23,2025-07-24,296.0,296.0,4.29,Late
PO-000034,SUP-07,SKU-00006,WH-WA,2025-07-04,2025-07-12,2025-07-11,101.0,101.0,4.07,Received
PO-000035,SUP-05,SKU-00023,WH-WA,2025-07-04,2025-07-13,2025-07-15,83.0,83.0,2.48,Late
PO-000036,SUP-04,SKU-00005,WH-NSW,2025-07-05,2025-07-23,2025-07-23,52.0,52.0,2.29,Received
PO-000037,SUP-02,SKU-00008,WH-NSW,2025-07-05,2025-07-15,2025-07-15,183.0,183.0,1.67,Received
PO-000038,SUP-02,SKU-00018,WH-QLD,2025-07-05,2025-07-15,2025-07-15,282.0,282.0,2.32,Received
PO-000039,SUP-07,SKU-00006,WH-VIC,2025-07-05,2025-07-13,2025-07-12,79.0,79.0,4.07,Received
PO-000040,SUP-01,SKU-00015,WH-VIC,2025-07-05,2025-07-09,2025-07-11,245.0,245.0,2.27,Late
PO-000041,SUP-06,SKU-00009,WH-WA,2025-07-05,2025-07-09,2025-07-09,135.0,135.0,4.65,Received
PO-000042,SUP-07,SKU-00020,WH-WA,2025-07-05,2025-07-25,2025-07-24,119.0,119.0,5.2,Received
PO-000043,SUP-07,SKU-00006,WH-NSW,2025-07-06,2025-07-14,2025-07-15,111.0,111.0,4.07,Late
PO-000044,SUP-04,SKU-00005,WH-QLD,2025-07-06,2025-07-24,2025-07-24,126.0,126.0,2.29,Received
PO-000045,SUP-02,SKU-00014,WH-VIC,2025-07-06,2025-07-16,2025-07-16,255.0,255.0,4.12,Received
PO-000046,SUP-02,SKU-00016,WH-VIC,2025-07-06,2025-07-25,2025-07-25,88.0,88.0,2.03,Received
PO-000047,SUP-02,SKU-00014,WH-WA,2025-07-06,2025-07-16,2025-07-16,144.0,144.0,4.12,Received
PO-000048,SUP-05,SKU-00007,WH-NSW,2025-07-07,2025-07-16,2025-07-16,232.0,232.0,2.62,Received
PO-000049,SUP-02,SKU-00018,WH-NSW,2025-07-07,2025-07-17,2025-07-17,235.0,235.0,2.32,Received
PO-000050,SUP-06,SKU-00003,WH-VIC,2025-07-07,2025-07-11,2025-07-11,215.0,215.0,5.99,Received
PO-000051,SUP-04,SKU-00021,WH-VIC,2025-07-07,2025-07-25,2025-07-26,142.0,142.0,2.1,Late
PO-000052,SUP-05,SKU-00007,WH-WA,2025-07-07,2025-07-16,2025-07-18,119.0,119.0,2.62,Late
PO-000053,SUP-06,SKU-00019,WH-WA,2025-07-07,2025-07-11,2025-07-11,57.0,57.0,5.36,Received
PO-000054,SUP-06,SKU-00003,WH-NSW,2025-07-08,2025-07-12,2025-07-11,240.0,240.0,5.99,Received
PO-000055,SUP-01,SKU-00015,WH-NSW,2025-07-08,2025-07-12,2025-07-12,149.0,149.0,2.27,Received
PO-000056,SUP-07,SKU-00020,WH-QLD,2025-07-08,2025-07-28,2025-07-27,274.0,274.0,5.2,Received
PO-000057,SUP-07,SKU-00022,WH-QLD,2025-07-08,2025-07-16,2025-07-18,55.0,55.0,3.85,Late
PO-000058,SUP-02,SKU-00008,WH-VIC,2025-07-08,2025-07-18,2025-07-17,337.0,337.0,1.67,Received
PO-000059,SUP-07,SKU-00022,WH-WA,2025-07-08,2025-07-16,2025-07-19,67.0,67.0,3.85,Late
PO-000060,SUP-06,SKU-00009,WH-NSW,2025-07-09,2025-07-13,2025-07-14,194.0,194.0,4.65,Late
PO-000061,SUP-05,SKU-00017,WH-NSW,2025-07-09,2025-07-18,2025-07-18,153.0,153.0,1.83,Received
PO-000062,SUP-06,SKU-00019,WH-NSW,2025-07-09,2025-07-13,2025-07-13,202.0,202.0,5.36,Received
PO-000063,SUP-07,SKU-00006,WH-QLD,2025-07-09,2025-07-17,2025-07-19,155.0,155.0,4.07,Late
PO-000064,SUP-06,SKU-00019,WH-QLD,2025-07-09,2025-07-13,2025-07-13,246.0,246.0,5.36,Received
PO-000065,SUP-01,SKU-00015,WH-WA,2025-07-09,2025-07-13,2025-07-13,87.0,87.0,2.27,Received
PO-000066,SUP-02,SKU-00018,WH-WA,2025-07-09,2025-07-19,2025-07-19,224.0,224.0,2.32,Received
PO-000067,SUP-02,SKU-00002,WH-NSW,2025-07-10,2025-07-20,2025-07-20,342.0,342.0,2.21,Received
PO-000068,SUP-02,SKU-00014,WH-NSW,2025-07-10,2025-07-20,2025-07-20,345.0,345.0,4.12,Received
PO-000069,SUP-07,SKU-00012,WH-QLD,2025-07-10,2025-07-18,2025-07-22,97.0,97.0,2.93,Late
PO-000070,SUP-01,SKU-00015,WH-QLD,2025-07-10,2025-07-14,2025-07-15,94.0,94.0,2.27,Late
PO-000071,SUP-02,SKU-00002,WH-VIC,2025-07-10,2025-07-20,2025-07-20,431.0,431.0,2.21,Received
PO-000072,SUP-06,SKU-00009,WH-VIC,2025-07-10,2025-07-14,2025-07-14,97.0,97.0,4.65,Received
PO-000073,SUP-01,SKU-00015,WH-VIC,2025-07-10,2025-07-14,2025-07-13,223.0,223.0,2.27,Received
PO-000074,SUP-07,SKU-00022,WH-VIC,2025-07-10,2025-07-18,2025-07-18,86.0,86.0,3.85,Received
PO-000075,SUP-02,SKU-00002,WH-WA,2025-07-10,2025-07-20,2025-07-21,62.0,62.0,2.21,Late
PO-000076,SUP-06,SKU-00003,WH-WA,2025-07-10,2025-07-14,2025-07-14,64.0,64.0,5.99,Received
PO-000077,SUP-07,SKU-00006,WH-WA,2025-07-10,2025-07-18,2025-07-20,80.0,80.0,4.07,Late
PO-000078,SUP-03,SKU-00010,WH-WA,2025-07-10,2025-07-29,2025-07-29,138.0,138.0,4.29,Received
PO-000079,SUP-04,SKU-00021,WH-WA,2025-07-10,2025-07-28,2025-08-01,114.0,114.0,2.1,Late
PO-000080,SUP-04,SKU-00011,WH-NSW,2025-07-11,2025-07-29,2025-07-29,105.0,105.0,5.92,Received
PO-000081,SUP-06,SKU-00003,WH-QLD,2025-07-11,2025-07-15,2025-07-15,108.0,108.0,5.99,Received
PO-000082,SUP-02,SKU-00008,WH-QLD,2025-07-11,2025-07-21,2025-07-21,454.0,454.0,1.67,Received
PO-000083,SUP-06,SKU-00009,WH-QLD,2025-07-11,2025-07-15,2025-07-15,95.0,95.0,4.65,Received
PO-000084,SUP-05,SKU-00017,WH-QLD,2025-07-11,2025-07-20,2025-07-21,353.0,353.0,1.83,Late
PO-000085,SUP-04,SKU-00021,WH-QLD,2025-07-11,2025-07-29,2025-07-27,126.0,126.0,2.1,Received
PO-000086,SUP-02,SKU-00004,WH-VIC,2025-07-11,2025-07-30,2025-07-31,294.0,294.0,5.29,Late
PO-000087,SUP-06,SKU-00019,WH-VIC,2025-07-11,2025-07-15,2025-07-15,244.0,244.0,5.36,Received
PO-000088,SUP-04,SKU-00005,WH-WA,2025-07-11,2025-07-29,2025-07-28,66.0,66.0,2.29,Received
PO-000089,SUP-07,SKU-00012,WH-WA,2025-07-11,2025-07-19,2025-07-20,62.0,62.0,2.93,Late
PO-000090,SUP-03,SKU-00010,WH-NSW,2025-07-12,2025-07-31,2025-07-30,158.0,158.0,4.29,Received
PO-000091,SUP-05,SKU-00013,WH-NSW,2025-07-12,2025-07-21,2025-07-20,155.0,155.0,2.42,Received
PO-000092,SUP-07,SKU-00022,WH-NSW,2025-07-12,2025-07-20,2025-07-20,164.0,164.0,3.85,Received
PO-000093,SUP-02,SKU-00002,WH-QLD,2025-07-12,2025-07-22,2025-07-22,261.0,261.0,2.21,Received
PO-000094,SUP-04,SKU-00011,WH-QLD,2025-07-12,2025-07-30,2025-07-28,84.0,84.0,5.92,Received
PO-000095,SUP-02,SKU-00016,WH-QLD,2025-07-12,2025-07-31,2025-07-31,259.0,259.0,2.03,Received
PO-000096,SUP-05,SKU-00023,WH-QLD,2025-07-12,2025-07-21,2025-07-21,341.0,341.0,2.48,Received
PO-000097,SUP-06,SKU-00009,WH-WA,2025-07-12,2025-07-16,2025-07-16,123.0,123.0,4.65,Received
PO-000098,SUP-05,SKU-00013,WH-WA,2025-07-12,2025-07-21,2025-07-19,239.0,239.0,2.42,Received
PO-000099,SUP-02,SKU-00004,WH-NSW,2025-07-13,2025-08-01,2025-08-01,90.0,90.0,5.29,Received
PO-000100,SUP-07,SKU-00006,WH-NSW,2025-07-13,2025-07-21,2025-07-22,111.0,111.0,4.07,Late
PO-000101,SUP-01,SKU-00015,WH-NSW,2025-07-13,2025-07-17,2025-07-17,129.0,129.0,2.27,Received
PO-000102,SUP-04,SKU-00021,WH-NSW,2025-07-13,2025-07-31,2025-07-30,52.0,39.0,2.1,Received
PO-000103,SUP-02,SKU-00024,WH-NSW,2025-07-13,2025-07-23,2025-07-23,219.0,219.0,1.36,Received
PO-000104,SUP-07,SKU-00006,WH-VIC,2025-07-13,2025-07-21,2025-07-21,76.0,76.0,4.07,Received
PO-000105,SUP-05,SKU-00007,WH-VIC,2025-07-13,2025-07-22,2025-07-23,311.0,311.0,2.62,Late
PO-000106,SUP-07,SKU-00020,WH-VIC,2025-07-13,2025-08-02,2025-08-03,263.0,263.0,5.2,Late
PO-000107,SUP-02,SKU-00004,WH-WA,2025-07-13,2025-08-01,2025-08-01,70.0,70.0,5.29,Received
PO-000108,SUP-02,SKU-00024,WH-WA,2025-07-13,2025-07-23,2025-07-23,69.0,69.0,1.36,Received
PO-000109,SUP-06,SKU-00003,WH-NSW,2025-07-14,2025-07-18,2025-07-19,177.0,177.0,5.99,Late
PO-000110,SUP-07,SKU-00020,WH-NSW,2025-07-14,2025-08-03,2025-08-01,242.0,242.0,5.2,Received
PO-000111,SUP-05,SKU-00007,WH-QLD,2025-07-14,2025-07-23,2025-07-23,379.0,379.0,2.62,Received
PO-000112,SUP-05,SKU-00001,WH-VIC,2025-07-14,2025-07-23,2025-07-23,275.0,275.0,1.57,Received
PO-000113,SUP-06,SKU-00003,WH-VIC,2025-07-14,2025-07-18,2025-07-18,185.0,185.0,5.99,Received
PO-000114,SUP-02,SKU-00018,WH-VIC,2025-07-14,2025-07-24,2025-07-23,412.0,412.0,2.32,Received
PO-000115,SUP-05,SKU-00001,WH-NSW,2025-07-15,2025-07-24,2025-07-23,136.0,136.0,1.57,Received
PO-000116,SUP-06,SKU-00009,WH-NSW,2025-07-15,2025-07-19,2025-07-18,162.0,162.0,4.65,Received
PO-000117,SUP-02,SKU-00016,WH-NSW,2025-07-15,2025-08-03,2025-08-03,81.0,81.0,2.03,Received
PO-000118,SUP-05,SKU-00001,WH-QLD,2025-07-15,2025-07-24,2025-07-26,232.0,191.0,1.57,Late
PO-000119,SUP-05,SKU-00013,WH-QLD,2025-07-15,2025-07-24,2025-07-23,420.0,420.0,2.42,Received
PO-000120,SUP-02,SKU-00014,WH-QLD,2025-07-15,2025-07-25,2025-07-25,120.0,120.0,4.12,Received
PO-000121,SUP-04,SKU-00011,WH-VIC,2025-07-15,2025-08-02,2025-08-02,154.0,154.0,5.92,Received
PO-000122,SUP-02,SKU-00016,WH-WA,2025-07-15,2025-08-03,2025-08-03,60.0,60.0,2.03,Received
PO-000123,SUP-05,SKU-00017,WH-WA,2025-07-15,2025-07-24,2025-07-24,187.0,187.0,1.83,Received
PO-000124,SUP-07,SKU-00012,WH-NSW,2025-07-16,2025-07-24,2025-07-24,51.0,51.0,2.93,Received
PO-000125,SUP-07,SKU-00006,WH-QLD,2025-07-16,2025-07-24,2025-07-26,149.0,149.0,4.07,Late
PO-000126,SUP-07,SKU-00012,WH-QLD,2025-07-16,2025-07-24,2025-07-24,84.0,84.0,2.93,Received
PO-000127,SUP-02,SKU-00018,WH-QLD,2025-07-16,2025-07-26,2025-07-26,302.0,302.0,2.32,Received
PO-000128,SUP-07,SKU-00022,WH-QLD,2025-07-16,2025-07-24,2025-07-23,60.0,60.0,3.85,Received
PO-000129,SUP-06,SKU-00009,WH-VIC,2025-07-16,2025-07-20,2025-07-20,101.0,101.0,4.65,Received
PO-000130,SUP-01,SKU-00015,WH-VIC,2025-07-16,2025-07-20,2025-07-21,192.0,192.0,2.27,Late
PO-000131,SUP-05,SKU-00017,WH-VIC,2025-07-16,2025-07-25,2025-07-25,163.0,163.0,1.83,Received
PO-000132,SUP-02,SKU-00024,WH-VIC,2025-07-16,2025-07-26,2025-07-26,328.0,242.0,1.36,Received
PO-000133,SUP-04,SKU-00011,WH-WA,2025-07-16,2025-08-03,2025-08-03,75.0,75.0,5.92,Received
PO-000134,SUP-01,SKU-00015,WH-WA,2025-07-16,2025-07-20,2025-07-20,82.0,82.0,2.27,Received
PO-000135,SUP-06,SKU-00019,WH-NSW,2025-07-17,2025-07-21,2025-07-21,200.0,200.0,5.36,Received
PO-000136,SUP-06,SKU-00009,WH-QLD,2025-07-17,2025-07-21,2025-07-21,96.0,96.0,4.65,Received
PO-000137,SUP-01,SKU-00015,WH-QLD,2025-07-17,2025-07-21,2025-07-22,87.0,87.0,2.27,Late
PO-000138,SUP-06,SKU-00019,WH-QLD,2025-07-17,2025-07-21,2025-07-21,264.0,264.0,5.36,Received
PO-000139,SUP-07,SKU-00020,WH-QLD,2025-07-17,2025-08-06,2025-08-05,280.0,280.0,5.2,Received
PO-000140,SUP-02,SKU-00014,WH-VIC,2025-07-17,2025-07-27,2025-07-26,287.0,287.0,4.12,Received
PO-000141,SUP-05,SKU-00001,WH-WA,2025-07-17,2025-07-26,2025-07-27,195.0,195.0,1.57,Late
PO-000142,SUP-06,SKU-00003,WH-WA,2025-07-17,2025-07-21,2025-07-21,67.0,67.0,5.99,Received
PO-000143,SUP-06,SKU-00009,WH-WA,2025-07-17,2025-07-21,2025-07-22,126.0,126.0,4.65,Late
PO-000144,SUP-07,SKU-00020,WH-WA,2025-07-17,2025-08-06,2025-08-06,127.0,127.0,5.2,Received
PO-000145,SUP-01,SKU-00015,WH-NSW,2025-07-18,2025-07-22,2025-07-22,161.0,161.0,2.27,Received
PO-000146,SUP-05,SKU-00023,WH-NSW,2025-07-18,2025-07-27,2025-07-28,250.0,250.0,2.48,Late
PO-000147,SUP-06,SKU-00003,WH-QLD,2025-07-18,2025-07-22,2025-07-23,116.0,116.0,5.99,Late
PO-000148,SUP-04,SKU-00005,WH-VIC,2025-07-18,2025-08-05,2025-08-04,75.0,75.0,2.29,Received
PO-000149,SUP-06,SKU-00019,WH-VIC,2025-07-18,2025-07-22,2025-07-22,162.0,162.0,5.36,Received
PO-000150,SUP-07,SKU-00006,WH-WA,2025-07-18,2025-07-26,2025-07-26,79.0,79.0,4.07,Received
PO-000151,SUP-07,SKU-00012,WH-WA,2025-07-18,2025-07-26,2025-07-25,64.0,64.0,2.93,Received
PO-000152,SUP-02,SKU-00014,WH-WA,2025-07-18,2025-07-28,2025-07-28,134.0,134.0,4.12,Received
PO-000153,SUP-06,SKU-00003,WH-NSW,2025-07-19,2025-07-23,2025-07-24,170.0,170.0,5.99,Late
PO-000154,SUP-02,SKU-00014,WH-NSW,2025-07-19,2025-07-29,2025-07-29,332.0,332.0,4.12,Received
PO-000155,SUP-02,SKU-00018,WH-NSW,2025-07-19,2025-07-29,2025-07-29,265.0,265.0,2.32,Received
PO-000156,SUP-07,SKU-00022,WH-NSW,2025-07-19,2025-07-27,2025-07-27,146.0,146.0,3.85,Received
PO-000157,SUP-02,SKU-00004,WH-QLD,2025-07-19,2025-08-07,2025-08-07,174.0,174.0,5.29,Received
PO-000158,SUP-03,SKU-00010,WH-QLD,2025-07-19,2025-08-07,2025-08-07,218.0,218.0,4.29,Received
PO-000159,SUP-02,SKU-00008,WH-VIC,2025-07-19,2025-07-29,2025-07-29,289.0,289.0,1.67,Received
PO-000160,SUP-03,SKU-00010,WH-VIC,2025-07-19,2025-08-07,2025-08-07,336.0,336.0,4.29,Received
PO-000161,SUP-01,SKU-00015,WH-VIC,2025-07-19,2025-07-23,2025-07-23,223.0,223.0,2.27,Received
PO-000162,SUP-07,SKU-00022,WH-VIC,2025-07-19,2025-07-27,2025-07-25,72.0,72.0,3.85,Received
PO-000163,SUP-07,SKU-00022,WH-WA,2025-07-19,2025-07-27,2025-07-25,72.0,72.0,3.85,Received
PO-000164,SUP-02,SKU-00008,WH-NSW,2025-07-20,2025-07-30,2025-07-30,189.0,189.0,1.67,Received
PO-000165,SUP-04,SKU-00005,WH-QLD,2025-07-20,2025-08-07,2025-08-07,130.0,130.0,2.29,Received
PO-000166,SUP-06,SKU-00003,WH-VIC,2025-07-20,2025-07-24,2025-07-24,211.0,211.0,5.99,Received
PO-000167,SUP-05,SKU-00023,WH-VIC,2025-07-20,2025-07-29,2025-07-28,190.0,190.0,2.48,Received
PO-000168,SUP-01,SKU-00015,WH-WA,2025-07-20,2025-07-24,2025-07-24,90.0,90.0,2.27,Received
PO-000169,SUP-06,SKU-00019,WH-WA,2025-07-20,2025-07-24,2025-07-24,57.0,57.0,5.36,Received
PO-000170,SUP-02,SKU-00002,WH-NSW,2025-07-21,2025-07-31,2025-07-31,394.0,394.0,2.21,Received
PO-000171,SUP-07,SKU-00006,WH-NSW,2025-07-21,2025-07-29,2025-07-29,114.0,114.0,4.07,Received
PO-000172,SUP-06,SKU-00009,WH-NSW,2025-07-21,2025-07-25,2025-07-26,189.0,189.0,4.65,Late
PO-000173,SUP-02,SKU-00008,WH-QLD,2025-07-21,2025-07-31,2025-07-31,396.0,396.0,1.67,Received
PO-000174,SUP-05,SKU-00017,WH-QLD,2025-07-21,2025-07-30,2025-07-30,345.0,345.0,1.83,Received
PO-000175,SUP-07,SKU-00006,WH-VIC,2025-07-21,2025-07-29,2025-07-31,76.0,76.0,4.07,Late
PO-000176,SUP-05,SKU-00013,WH-VIC,2025-07-21,2025-07-30,2025-07-28,267.0,267.0,2.42,Received
PO-000177,SUP-02,SKU-00018,WH-WA,2025-07-21,2025-07-31,2025-08-02,240.0,240.0,2.32,Late
PO-000178,SUP-05,SKU-00023,WH-WA,2025-07-21,2025-07-30,2025-07-28,112.0,112.0,2.48,Received
PO-000179,SUP-07,SKU-00006,WH-QLD,2025-07-22,2025-07-30,2025-08-02,142.0,142.0,4.07,Late
PO-000180,SUP-07,SKU-00012,WH-QLD,2025-07-22,2025-07-30,2025-08-01,78.0,78.0,2.93,Late
PO-000181,SUP-02,SKU-00016,WH-VIC,2025-07-22,2025-08-10,2025-08-09,75.0,75.0,2.03,Received
PO-000182,SUP-04,SKU-00021,WH-VIC,2025-07-22,2025-08-09,2025-08-07,151.0,151.0,2.1,Received
PO-000183,SUP-04,SKU-00005,WH-NSW,2025-07-23,2025-08-10,2025-08-11,58.0,58.0,2.29,Late
PO-000184,SUP-01,SKU-00015,WH-NSW,2025-07-23,2025-07-27,2025-07-28,172.0,172.0,2.27,Late
PO-000185,SUP-06,SKU-00009,WH-QLD,2025-07-23,2025-07-27,2025-07-27,90.0,90.0,4.65,Received
PO-000186,SUP-01,SKU-00015,WH-QLD,2025-07-23,2025-07-27,2025-07-28,108.0,108.0,2.27,Late
PO-000187,SUP-07,SKU-00022,WH-QLD,2025-07-23,2025-07-31,2025-07-31,61.0,61.0,3.85,Received
PO-000188,SUP-02,SKU-00002,WH-VIC,2025-07-23,2025-08-02,2025-08-02,479.0,479.0,2.21,Received
PO-000189,SUP-05,SKU-00017,WH-NSW,2025-07-24,2025-08-02,2025-08-02,183.0,183.0,1.83,Received
PO-000190,SUP-02,SKU-00024,WH-NSW,2025-07-24,2025-08-03,2025-08-03,266.0,266.0,1.36,Received
PO-000191,SUP-06,SKU-00019,WH-QLD,2025-07-24,2025-07-28,2025-07-28,317.0,317.0,5.36,Received
PO-000192,SUP-07,SKU-00006,WH-WA,2025-07-24,2025-08-01,2025-08-03,89.0,89.0,4.07,Late
PO-000193,SUP-06,SKU-00009,WH-WA,2025-07-24,2025-07-28,2025-07-27,149.0,149.0,4.65,Received
PO-000194,SUP-03,SKU-00010,WH-WA,2025-07-24,2025-08-12,2025-08-13,135.0,135.0,4.29,Late
PO-000195,SUP-06,SKU-00003,WH-NSW,2025-07-25,2025-07-29,2025-07-29,190.0,190.0,5.99,Received
PO-000196,SUP-04,SKU-00011,WH-NSW,2025-07-25,2025-08-12,2025-08-12,111.0,111.0,5.92,Received
PO-000197,SUP-07,SKU-00012,WH-NSW,2025-07-25,2025-08-02,2025-08-02,58.0,58.0,2.93,Received
PO-000198,SUP-06,SKU-00019,WH-NSW,2025-07-25,2025-07-29,2025-07-30,185.0,185.0,5.36,Late
PO-000199,SUP-02,SKU-00002,WH-QLD,2025-07-25,2025-08-04,2025-08-04,245.0,245.0,2.21,Received
PO-000200,SUP-06,SKU-00003,WH-QLD,2025-07-25,2025-07-29,2025-07-30,132.0,132.0,5.99,Late
PO-000201,SUP-02,SKU-00018,WH-QLD,2025-07-25,2025-08-04,2025-08-03,284.0,284.0,2.32,Received
PO-000202,SUP-05,SKU-00023,WH-QLD,2025-07-25,2025-08-03,2025-08-01,283.0,283.0,2.48,Received
PO-000203,SUP-06,SKU-00009,WH-VIC,2025-07-25,2025-07-29,2025-07-28,101.0,101.0,4.65,Received
PO-000204,SUP-06,SKU-00019,WH-VIC,2025-07-25,2025-07-29,2025-07-29,181.0,181.0,5.36,Received
PO-000205,SUP-02,SKU-00002,WH-WA,2025-07-25,2025-08-04,2025-08-02,51.0,51.0,2.21,Received
PO-000206,SUP-06,SKU-00003,WH-WA,2025-07-25,2025-07-29,2025-07-30,81.0,81.0,5.99,Late
PO-000207,SUP-07,SKU-00012,WH-WA,2025-07-25,2025-08-02,2025-07-31,67.0,47.0,2.93,Received
PO-000208,SUP-04,SKU-00021,WH-WA,2025-07-25,2025-08-12,2025-08-12,105.0,105.0,2.1,Received
PO-000209,SUP-06,SKU-00009,WH-NSW,2025-07-26,2025-07-30,2025-07-30,165.0,165.0,4.65,Received
PO-000210,SUP-03,SKU-00010,WH-NSW,2025-07-26,2025-08-14,2025-08-13,162.0,162.0,4.29,Received
PO-000211,SUP-02,SKU-00016,WH-QLD,2025-07-26,2025-08-14,2025-08-13,250.0,250.0,2.03,Received
PO-000212,SUP-06,SKU-00003,WH-VIC,2025-07-26,2025-07-30,2025-07-30,136.0,136.0,5.99,Received
PO-000213,SUP-02,SKU-00004,WH-VIC,2025-07-26,2025-08-14,2025-08-14,302.0,302.0,5.29,Received
PO-000214,SUP-01,SKU-00015,WH-VIC,2025-07-26,2025-07-30,2025-08-03,220.0,220.0,2.27,Late
PO-000215,SUP-02,SKU-00018,WH-VIC,2025-07-26,2025-08-05,2025-08-05,310.0,310.0,2.32,Received
PO-000216,SUP-02,SKU-00024,WH-VIC,2025-07-26,2025-08-05,2025-08-05,326.0,326.0,1.36,Received
PO-000217,SUP-05,SKU-00007,WH-WA,2025-07-26,2025-08-04,2025-08-04,126.0,126.0,2.62,Received
PO-000218,SUP-01,SKU-00015,WH-WA,2025-07-26,2025-07-30,2025-08-01,79.0,79.0,2.27,Late
PO-000219,SUP-05,SKU-00007,WH-NSW,2025-07-27,2025-08-05,2025-08-05,256.0,256.0,2.62,Received
PO-000220,SUP-02,SKU-00016,WH-NSW,2025-07-27,2025-08-15,2025-08-15,74.0,74.0,2.03,Received
PO-000221,SUP-07,SKU-00022,WH-NSW,2025-07-27,2025-08-04,2025-08-04,166.0,166.0,3.85,Received
PO-000222,SUP-04,SKU-00021,WH-QLD,2025-07-27,2025-08-14,2025-08-12,132.0,132.0,2.1,Received
PO-000223,SUP-07,SKU-00022,WH-VIC,2025-07-27,2025-08-04,2025-08-04,67.0,67.0,3.85,Received
PO-000224,SUP-02,SKU-00004,WH-WA,2025-07-27,2025-08-15,2025-08-15,69.0,69.0,5.29,Received
PO-000225,SUP-04,SKU-00005,WH-WA,2025-07-27,2025-08-14,2025-08-14,69.0,69.0,2.29,Received
PO-000226,SUP-02,SKU-00024,WH-WA,2025-07-27,2025-08-06,2025-08-06,56.0,56.0,1.36,Received
PO-000227,SUP-02,SKU-00004,WH-NSW,2025-07-28,2025-08-16,2025-08-16,91.0,91.0,5.29,Received
PO-000228,SUP-07,SKU-00006,WH-NSW,2025-07-28,2025-08-05,2025-08-05,143.0,143.0,4.07,Received
PO-000229,SUP-02,SKU-00018,WH-NSW,2025-07-28,2025-08-07,2025-08-09,234.0,234.0,2.32,Late
PO-000230,SUP-07,SKU-00020,WH-NSW,2025-07-28,2025-08-17,2025-08-16,221.0,221.0,5.2,Received
PO-000231,SUP-07,SKU-00012,WH-QLD,2025-07-28,2025-08-05,2025-08-09,86.0,86.0,2.93,Late
PO-000232,SUP-01,SKU-00015,WH-NSW,2025-07-29,2025-08-02,2025-08-02,125.0,125.0,2.27,Received
PO-000233,SUP-07,SKU-00006,WH-QLD,2025-07-29,2025-08-06,2025-08-06,151.0,151.0,4.07,Received
PO-000234,SUP-05,SKU-00007,WH-QLD,2025-07-29,2025-08-07,2025-08-07,352.0,352.0,2.62,Received
PO-000235,SUP-06,SKU-00009,WH-QLD,2025-07-29,2025-08-02,2025-08-02,99.0,99.0,4.65,Received
PO-000236,SUP-02,SKU-00014,WH-QLD,2025-07-29,2025-08-08,2025-08-08,107.0,107.0,4.12,Received
PO-000237,SUP-04,SKU-00011,WH-VIC,2025-07-29,2025-08-16,2025-08-14,123.0,111.0,5.92,Received
PO-000238,SUP-06,SKU-00019,WH-VIC,2025-07-29,2025-08-02,2025-08-02,141.0,141.0,5.36,Received
PO-000239,SUP-07,SKU-00020,WH-VIC,2025-07-29,2025-08-18,2025-08-20,276.0,276.0,5.2,Late
PO-000240,SUP-02,SKU-00014,WH-WA,2025-07-29,2025-08-08,2025-08-07,124.0,124.0,4.12,Received
PO-000241,SUP-04,SKU-00011,WH-QLD,2025-07-30,2025-08-17,2025-08-17,98.0,98.0,5.92,Received
PO-000242,SUP-05,SKU-00013,WH-QLD,2025-07-30,2025-08-08,2025-08-10,440.0,440.0,2.42,Late
PO-000243,SUP-02,SKU-00008,WH-VIC,2025-07-30,2025-08-09,2025-08-09,300.0,300.0,1.67,Received
PO-000244,SUP-02,SKU-00014,WH-VIC,2025-07-30,2025-08-09,2025-08-11,284.0,284.0,4.12,Late
PO-000245,SUP-01,SKU-00015,WH-VIC,2025-07-30,2025-08-03,2025-08-02,227.0,227.0,2.27,Received
PO-000246,SUP-07,SKU-00006,WH-WA,2025-07-30,2025-08-07,2025-08-07,88.0,88.0,4.07,Received
PO-000247,SUP-05,SKU-00013,WH-WA,2025-07-30,2025-08-08,2025-08-10,213.0,213.0,2.42,Late
PO-000248,SUP-02,SKU-00016,WH-WA,2025-07-30,2025-08-18,2025-08-18,53.0,53.0,2.03,Received
PO-000249,SUP-07,SKU-00022,WH-WA,2025-07-30,2025-08-07,2025-08-08,71.0,71.0,3.85,Late
PO-000250,SUP-06,SKU-00003,WH-NSW,2025-07-31,2025-08-04,2025-08-03,176.0,176.0,5.99,Received
PO-000251,SUP-06,SKU-00019,WH-NSW,2025-07-31,2025-08-04,2025-08-04,124.0,124.0,5.36,Received
PO-000252,SUP-04,SKU-00005,WH-QLD,2025-07-31,2025-08-18,2025-08-18,133.0,133.0,2.29,Received
PO-000253,SUP-01,SKU-00015,WH-QLD,2025-07-31,2025-08-04,2025-08-04,99.0,99.0,2.27,Received
PO-000254,SUP-06,SKU-00019,WH-QLD,2025-07-31,2025-08-04,2025-08-05,263.0,263.0,5.36,Late
PO-000255,SUP-07,SKU-00022,WH-QLD,2025-07-31,2025-08-08,2025-08-07,58.0,58.0,3.85,Received
PO-000256,SUP-07,SKU-00006,WH-VIC,2025-07-31,2025-08-08,2025-08-09,104.0,104.0,4.07,Late
PO-000257,SUP-06,SKU-00009,WH-VIC,2025-07-31,2025-08-04,2025-08-04,89.0,89.0,4.65,Received
PO-000258,SUP-06,SKU-00009,WH-WA,2025-07-31,2025-08-04,2025-08-03,154.0,154.0,4.65,Received
PO-000259,SUP-01,SKU-00015,WH-WA,2025-07-31,2025-08-04,2025-08-06,82.0,82.0,2.27,Late
PO-000260,SUP-02,SKU-00002,WH-NSW,2025-08-01,2025-08-11,2025-08-09,329.0,329.0,2.21,Received
PO-000261,SUP-06,SKU-00009,WH-NSW,2025-08-01,2025-08-05,2025-08-04,228.0,228.0,4.65,Received
PO-000262,SUP-02,SKU-00014,WH-NSW,2025-08-01,2025-08-11,2025-08-10,402.0,402.0,4.12,Received
PO-000263,SUP-04,SKU-00021,WH-NSW,2025-08-01,2025-08-19,2025-08-20,54.0,54.0,2.1,Late
PO-000264,SUP-06,SKU-00003,WH-QLD,2025-08-01,2025-08-05,2025-08-04,111.0,111.0,5.99,Received
PO-000265,SUP-02,SKU-00008,WH-QLD,2025-08-01,2025-08-11,2025-08-11,427.0,427.0,1.67,Received
PO-000266,SUP-06,SKU-00003,WH-VIC,2025-08-01,2025-08-05,2025-08-05,201.0,201.0,5.99,Received
PO-000267,SUP-06,SKU-00003,WH-WA,2025-08-01,2025-08-05,2025-08-05,69.0,69.0,5.99,Received
PO-000268,SUP-04,SKU-00011,WH-WA,2025-08-01,2025-08-19,2025-08-19,76.0,76.0,5.92,Received
PO-000269,SUP-05,SKU-00001,WH-NSW,2025-08-02,2025-08-11,2025-08-11,164.0,164.0,1.57,Received
PO-000270,SUP-01,SKU-00015,WH-NSW,2025-08-02,2025-08-06,2025-08-06,143.0,143.0,2.27,Received
PO-000271,SUP-05,SKU-00023,WH-NSW,2025-08-02,2025-08-11,2025-08-13,289.0,289.0,2.48,Late
PO-000272,SUP-05,SKU-00001,WH-QLD,2025-08-02,2025-08-11,2025-08-11,221.0,221.0,1.57,Received
PO-000273,SUP-03,SKU-00010,WH-QLD,2025-08-02,2025-08-21,2025-08-22,202.0,202.0,4.29,Late
PO-000274,SUP-02,SKU-00002,WH-VIC,2025-08-02,2025-08-12,2025-08-13,437.0,437.0,2.21,Late
PO-000275,SUP-05,SKU-00001,WH-WA,2025-08-02,2025-08-11,2025-08-10,181.0,181.0,1.57,Received
PO-000276,SUP-07,SKU-00012,WH-WA,2025-08-02,2025-08-10,2025-08-10,61.0,61.0,2.93,Received
PO-000277,SUP-05,SKU-00017,WH-WA,2025-08-02,2025-08-11,2025-08-12,180.0,180.0,1.83,Late
PO-000278,SUP-05,SKU-00013,WH-NSW,2025-08-03,2025-08-12,2025-08-11,202.0,202.0,2.42,Received
PO-000279,SUP-07,SKU-00022,WH-NSW,2025-08-03,2025-08-11,2025-08-15,148.0,148.0,3.85,Late
PO-000280,SUP-02,SKU-00002,WH-QLD,2025-08-03,2025-08-13,2025-08-13,241.0,241.0,2.21,Received
PO-000281,SUP-05,SKU-00017,WH-QLD,2025-08-03,2025-08-12,2025-08-10,386.0,282.0,1.83,Received
PO-000282,SUP-07,SKU-00020,WH-QLD,2025-08-03,2025-08-23,2025-08-23,308.0,308.0,5.2,Received
PO-000283,SUP-02,SKU-00018,WH-WA,2025-08-03,2025-08-13,2025-08-13,222.0,222.0,2.32,Received
PO-000284,SUP-06,SKU-00019,WH-WA,2025-08-03,2025-08-07,2025-08-08,66.0,66.0,5.36,Late
PO-000285,SUP-06,SKU-00003,WH-NSW,2025-08-04,2025-08-08,2025-08-08,179.0,179.0,5.99,Received
PO-000286,SUP-07,SKU-00006,WH-QLD,2025-08-04,2025-08-12,2025-08-11,174.0,129.0,4.07,Received
PO-000287,SUP-07,SKU-00012,WH-QLD,2025-08-04,2025-08-12,2025-08-16,82.0,82.0,2.93,Late
PO-000288,SUP-05,SKU-00001,WH-VIC,2025-08-04,2025-08-13,2025-08-14,256.0,256.0,1.57,Late
PO-000289,SUP-07,SKU-00020,WH-WA,2025-08-04,2025-08-24,2025-08-23,118.0,118.0,5.2,Received
PO-000290,SUP-07,SKU-00006,WH-NSW,2025-08-05,2025-08-13,2025-08-14,112.0,112.0,4.07,Late
PO-000291,SUP-02,SKU-00008,WH-NSW,2025-08-05,2025-08-15,2025-08-15,185.0,185.0,1.67,Received
PO-000292,SUP-06,SKU-00019,WH-NSW,2025-08-05,2025-08-09,2025-08-10,141.0,141.0,5.36,Late
PO-000293,SUP-02,SKU-00004,WH-QLD,2025-08-05,2025-08-24,2025-08-24,167.0,167.0,5.29,Received
PO-000294,SUP-06,SKU-00009,WH-QLD,2025-08-05,2025-08-09,2025-08-09,106.0,106.0,4.65,Received
PO-000295,SUP-05,SKU-00007,WH-VIC,2025-08-05,2025-08-14,2025-08-14,314.0,314.0,2.62,Received
PO-000296,SUP-03,SKU-00010,WH-VIC,2025-08-05,2025-08-24,2025-08-24,309.0,309.0,4.29,Received
PO-000297,SUP-01,SKU-00015,WH-QLD,2025-08-06,2025-08-10,2025-08-13,96.0,96.0,2.27,Late
PO-000298,SUP-01,SKU-00015,WH-VIC,2025-08-06,2025-08-10,2025-08-11,239.0,206.0,2.27,Late
PO-000299,SUP-06,SKU-00019,WH-VIC,2025-08-06,2025-08-10,2025-08-09,204.0,204.0,5.36,Received
PO-000300,SUP-03,SKU-00010,WH-WA,2025-08-06,2025-08-25,2025-08-25,131.0,131.0,4.29,Received
PO-000301,SUP-04,SKU-00021,WH-WA,2025-08-06,2025-08-24,2025-08-25,99.0,99.0,2.1,Late
PO-000302,SUP-02,SKU-00024,WH-NSW,2025-08-07,2025-08-17,2025-08-18,276.0,276.0,1.36,Late
PO-000303,SUP-07,SKU-00022,WH-QLD,2025-08-07,2025-08-15,2025-08-17,57.0,57.0,3.85,Late
PO-000304,SUP-04,SKU-00005,WH-VIC,2025-08-07,2025-08-25,2025-08-24,65.0,65.0,2.29,Received
PO-000305,SUP-07,SKU-00006,WH-VIC,2025-08-07,2025-08-15,2025-08-15,72.0,72.0,4.07,Received
PO-000306,SUP-05,SKU-00017,WH-VIC,2025-08-07,2025-08-16,2025-08-16,184.0,184.0,1.83,Received
PO-000307,SUP-07,SKU-00022,WH-VIC,2025-08-07,2025-08-15,2025-08-15,99.0,99.0,3.85,Received
PO-000308,SUP-06,SKU-00009,WH-WA,2025-08-07,2025-08-11,2025-08-11,102.0,102.0,4.65,Received
PO-000309,SUP-06,SKU-00009,WH-NSW,2025-08-08,2025-08-12,2025-08-12,201.0,201.0,4.65,Received
PO-000310,SUP-04,SKU-00011,WH-NSW,2025-08-08,2025-08-26,2025-08-28,114.0,114.0,5.92,Late
PO-000311,SUP-07,SKU-00012,WH-NSW,2025-08-08,2025-08-16,2025-08-16,59.0,59.0,2.93,Received
PO-000312,SUP-06,SKU-00003,WH-QLD,2025-08-08,2025-08-12,2025-08-12,114.0,114.0,5.99,Received
PO-000313,SUP-02,SKU-00018,WH-QLD,2025-08-08,2025-08-18,2025-08-17,308.0,308.0,2.32,Received
PO-000314,SUP-06,SKU-00019,WH-QLD,2025-08-08,2025-08-12,2025-08-13,266.0,266.0,5.36,Late
PO-000315,SUP-05,SKU-00023,WH-QLD,2025-08-08,2025-08-17,2025-08-17,325.0,325.0,2.48,Received
PO-000316,SUP-06,SKU-00009,WH-VIC,2025-08-08,2025-08-12,2025-08-12,104.0,104.0,4.65,Received
PO-000317,SUP-02,SKU-00016,WH-VIC,2025-08-08,2025-08-27,2025-08-27,73.0,73.0,2.03,Received
PO-000318,SUP-02,SKU-00002,WH-WA,2025-08-08,2025-08-18,2025-08-18,56.0,56.0,2.21,Received
PO-000319,SUP-06,SKU-00003,WH-WA,2025-08-08,2025-08-12,2025-08-13,74.0,74.0,5.99,Late
PO-000320,SUP-07,SKU-00006,WH-WA,2025-08-08,2025-08-16,2025-08-14,114.0,114.0,4.07,Received
PO-000321,SUP-01,SKU-00015,WH-WA,2025-08-08,2025-08-12,2025-08-12,117.0,117.0,2.27,Received
PO-000322,SUP-02,SKU-00024,WH-WA,2025-08-08,2025-08-18,2025-08-18,53.0,53.0,1.36,Received
PO-000323,SUP-01,SKU-00015,WH-NSW,2025-08-09,2025-08-13,2025-08-13,180.0,180.0,2.27,Received
PO-000324,SUP-02,SKU-00018,WH-NSW,2025-08-09,2025-08-19,2025-08-18,251.0,251.0,2.32,Received
PO-000325,SUP-04,SKU-00021,WH-QLD,2025-08-09,2025-08-27,2025-08-28,136.0,136.0,2.1,Late
PO-000326,SUP-06,SKU-00003,WH-VIC,2025-08-09,2025-08-13,2025-08-11,216.0,216.0,5.99,Received
PO-000327,SUP-02,SKU-00004,WH-VIC,2025-08-09,2025-08-28,2025-08-28,275.0,275.0,5.29,Received
PO-000328,SUP-02,SKU-00014,WH-VIC,2025-08-09,2025-08-19,2025-08-19,280.0,280.0,4.12,Received
PO-000329,SUP-02,SKU-00018,WH-VIC,2025-08-09,2025-08-19,2025-08-18,348.0,348.0,2.32,Received
PO-000330,SUP-04,SKU-00021,WH-VIC,2025-08-09,2025-08-27,2025-08-31,149.0,149.0,2.1,Late
PO-000331,SUP-05,SKU-00023,WH-VIC,2025-08-09,2025-08-18,2025-08-16,197.0,197.0,2.48,Received
PO-000332,SUP-02,SKU-00024,WH-VIC,2025-08-09,2025-08-19,2025-08-20,394.0,394.0,1.36,Late
PO-000333,SUP-02,SKU-00004,WH-WA,2025-08-09,2025-08-28,2025-08-29,69.0,69.0,5.29,Late
PO-000334,SUP-04,SKU-00005,WH-WA,2025-08-09,2025-08-27,2025-08-25,63.0,63.0,2.29,Received
PO-000335,SUP-07,SKU-00012,WH-WA,2025-08-09,2025-08-17,2025-08-17,66.0,66.0,2.93,Received
PO-000336,SUP-07,SKU-00022,WH-WA,2025-08-09,2025-08-17,2025-08-17,70.0,70.0,3.85,Received
PO-000337,SUP-06,SKU-00003,WH-NSW,2025-08-10,2025-08-14,2025-08-14,174.0,174.0,5.99,Received
PO-000338,SUP-03,SKU-00010,WH-NSW,2025-08-10,2025-08-29,2025-08-29,186.0,186.0,4.29,Received
PO-000339,SUP-02,SKU-00008,WH-VIC,2025-08-10,2025-08-20,2025-08-20,301.0,301.0,1.67,Received
PO-000340,SUP-01,SKU-00015,WH-VIC,2025-08-10,2025-08-14,2025-08-16,214.0,214.0,2.27,Late
PO-000341,SUP-02,SKU-00014,WH-WA,2025-08-10,2025-08-20,2025-08-20,135.0,135.0,4.12,Received
PO-000342,SUP-04,SKU-00005,WH-NSW,2025-08-11,2025-08-29,2025-09-02,54.0,54.0,2.29,Late
PO-000343,SUP-07,SKU-00020,WH-NSW,2025-08-11,2025-08-31,2025-08-31,211.0,211.0,5.2,Received
PO-000344,SUP-07,SKU-00006,WH-QLD,2025-08-11,2025-08-19,2025-08-21,161.0,161.0,4.07,Late
PO-000345,SUP-05,SKU-00007,WH-QLD,2025-08-11,2025-08-20,2025-08-22,356.0,356.0,2.62,Late
PO-000346,SUP-02,SKU-00014,WH-QLD,2025-08-11,2025-08-21,2025-08-21,109.0,109.0,4.12,Received
PO-000347,SUP-02,SKU-00016,WH-QLD,2025-08-11,2025-08-30,2025-08-30,257.0,257.0,2.03,Received
PO-000348,SUP-04,SKU-00011,WH-VIC,2025-08-11,2025-08-29,2025-08-29,135.0,135.0,5.92,Received
PO-000349,SUP-05,SKU-00013,WH-VIC,2025-08-11,2025-08-20,2025-08-21,262.0,262.0,2.42,Late
PO-000350,SUP-06,SKU-00009,WH-WA,2025-08-11,2025-08-15,2025-08-14,120.0,120.0,4.65,Received
PO-000351,SUP-05,SKU-00023,WH-WA,2025-08-11,2025-08-20,2025-08-19,113.0,113.0,2.48,Received
PO-000352,SUP-06,SKU-00009,WH-NSW,2025-08-12,2025-08-16,2025-08-16,162.0,129.0,4.65,Received
PO-000353,SUP-06,SKU-00019,WH-NSW,2025-08-12,2025-08-16,2025-08-16,142.0,142.0,5.36,Received
PO-000354,SUP-07,SKU-00022,WH-NSW,2025-08-12,2025-08-20,2025-08-21,193.0,193.0,3.85,Late
PO-000355,SUP-02,SKU-00008,WH-QLD,2025-08-12,2025-08-22,2025-08-23,376.0,376.0,1.67,Late
PO-000356,SUP-06,SKU-00009,WH-QLD,2025-08-12,2025-08-16,2025-08-17,92.0,92.0,4.65,Late
PO-000357,SUP-05,SKU-00013,WH-QLD,2025-08-12,2025-08-21,2025-08-22,441.0,441.0,2.42,Late
PO-000358,SUP-02,SKU-00004,WH-NSW,2025-08-13,2025-09-01,2025-09-02,100.0,100.0,5.29,Late
PO-000359,SUP-02,SKU-00014,WH-NSW,2025-08-13,2025-08-23,2025-08-23,380.0,380.0,4.12,Received
PO-000360,SUP-02,SKU-00016,WH-NSW,2025-08-13,2025-09-01,2025-08-31,84.0,84.0,2.03,Received
PO-000361,SUP-07,SKU-00012,WH-QLD,2025-08-13,2025-08-21,2025-08-21,108.0,108.0,2.93,Received
PO-000362,SUP-02,SKU-00002,WH-VIC,2025-08-13,2025-08-23,2025-08-23,433.0,433.0,2.21,Received
PO-000363,SUP-06,SKU-00019,WH-VIC,2025-08-13,2025-08-17,2025-08-16,209.0,209.0,5.36,Received
PO-000364,SUP-07,SKU-00020,WH-VIC,2025-08-13,2025-09-02,2025-08-31,259.0,259.0,5.2,Received
PO-000365,SUP-05,SKU-00013,WH-WA,2025-08-13,2025-08-22,2025-08-24,203.0,203.0,2.42,Late
PO-000366,SUP-02,SKU-00002,WH-NSW,2025-08-14,2025-08-24,2025-08-24,406.0,406.0,2.21,Received
PO-000367,SUP-05,SKU-00017,WH-NSW,2025-08-14,2025-08-23,2025-08-22,178.0,178.0,1.83,Received
PO-000368,SUP-01,SKU-00015,WH-QLD,2025-08-14,2025-08-18,2025-08-16,108.0,108.0,2.27,Received
PO-000369,SUP-07,SKU-00022,WH-QLD,2025-08-14,2025-08-22,2025-08-22,63.0,63.0,3.85,Received
PO-000370,SUP-05,SKU-00007,WH-WA,2025-08-14,2025-08-23,2025-08-23,141.0,141.0,2.62,Received
PO-000371,SUP-04,SKU-00011,WH-WA,2025-08-14,2025-09-01,2025-08-30,77.0,77.0,5.92,Received
PO-000372,SUP-05,SKU-00007,WH-NSW,2025-08-15,2025-08-24,2025-08-26,264.0,264.0,2.62,Late
PO-000373,SUP-02,SKU-00002,WH-QLD,2025-08-15,2025-08-25,2025-08-25,224.0,224.0,2.21,Received
PO-000374,SUP-04,SKU-00005,WH-QLD,2025-08-15,2025-09-02,2025-08-31,147.0,147.0,2.29,Received
PO-000375,SUP-04,SKU-00011,WH-QLD,2025-08-15,2025-09-02,2025-09-06,104.0,104.0,5.92,Late
PO-000376,SUP-06,SKU-00009,WH-VIC,2025-08-15,2025-08-19,2025-08-19,107.0,107.0,4.65,Received
PO-000377,SUP-01,SKU-00015,WH-WA,2025-08-15,2025-08-19,2025-08-19,90.0,90.0,2.27,Received
PO-000378,SUP-02,SKU-00016,WH-WA,2025-08-15,2025-09-03,2025-09-04,54.0,54.0,2.03,Late
PO-000379,SUP-06,SKU-00019,WH-WA,2025-08-15,2025-08-19,2025-08-19,64.0,64.0,5.36,Received
PO-000380,SUP-07,SKU-00006,WH-NSW,2025-08-16,2025-08-24,2025-08-24,128.0,128.0,4.07,Received
PO-000381,SUP-01,SKU-00015,WH-NSW,2025-08-16,2025-08-20,2025-08-20,186.0,186.0,2.27,Received
PO-000382,SUP-06,SKU-00003,WH-QLD,2025-08-16,2025-08-20,2025-08-20,122.0,122.0,5.99,Received
PO-000383,SUP-06,SKU-00019,WH-QLD,2025-08-16,2025-08-20,2025-08-20,264.0,264.0,5.36,Received
PO-000384,SUP-06,SKU-00003,WH-VIC,2025-08-16,2025-08-20,2025-08-20,206.0,206.0,5.99,Received
PO-000385,SUP-05,SKU-00001,WH-WA,2025-08-16,2025-08-25,2025-08-25,188.0,188.0,1.57,Received
PO-000386,SUP-06,SKU-00003,WH-WA,2025-08-16,2025-08-20,2025-08-21,69.0,69.0,5.99,Late
PO-000387,SUP-07,SKU-00006,WH-WA,2025-08-16,2025-08-24,2025-08-23,83.0,83.0,4.07,Received
PO-000388,SUP-07,SKU-00012,WH-WA,2025-08-16,2025-08-24,2025-08-24,58.0,58.0,2.93,Received
PO-000389,SUP-02,SKU-00018,WH-WA,2025-08-16,2025-08-26,2025-08-28,255.0,255.0,2.32,Late
PO-000390,SUP-06,SKU-00003,WH-NSW,2025-08-17,2025-08-21,2025-08-23,232.0,232.0,5.99,Late
PO-000391,SUP-05,SKU-00001,WH-QLD,2025-08-17,2025-08-26,2025-08-27,210.0,210.0,1.57,Late
PO-000392,SUP-02,SKU-00004,WH-QLD,2025-08-17,2025-09-05,2025-09-04,155.0,155.0,5.29,Received
PO-000393,SUP-07,SKU-00006,WH-QLD,2025-08-17,2025-08-25,2025-08-25,151.0,151.0,4.07,Received
PO-000394,SUP-05,SKU-00017,WH-QLD,2025-08-17,2025-08-26,2025-08-26,392.0,392.0,1.83,Received
PO-000395,SUP-06,SKU-00009,WH-WA,2025-08-17,2025-08-21,2025-08-21,160.0,160.0,4.65,Received
PO-000396,SUP-05,SKU-00017,WH-WA,2025-08-17,2025-08-26,2025-08-27,175.0,175.0,1.83,Late
PO-000397,SUP-02,SKU-00008,WH-NSW,2025-08-18,2025-08-28,2025-08-28,187.0,187.0,1.67,Received
PO-000398,SUP-02,SKU-00018,WH-QLD,2025-08-18,2025-08-28,2025-08-28,325.0,325.0,2.32,Received
PO-000399,SUP-07,SKU-00020,WH-QLD,2025-08-18,2025-09-07,2025-09-08,317.0,317.0,5.2,Late
PO-000400,SUP-02,SKU-00008,WH-VIC,2025-08-18,2025-08-28,2025-08-28,337.0,337.0,1.67,Received
PO-000401,SUP-01,SKU-00015,WH-VIC,2025-08-18,2025-08-22,2025-08-23,287.0,287.0,2.27,Late
PO-000402,SUP-07,SKU-00020,WH-WA,2025-08-18,2025-09-07,2025-09-05,122.0,122.0,5.2,Received
PO-000403,SUP-06,SKU-00009,WH-NSW,2025-08-19,2025-08-23,2025-08-24,198.0,198.0,4.65,Late
PO-000404,SUP-06,SKU-00019,WH-NSW,2025-08-19,2025-08-23,2025-08-23,170.0,170.0,5.36,Received
PO-000405,SUP-02,SKU-00024,WH-NSW,2025-08-19,2025-08-29,2025-08-29,229.0,229.0,1.36,Received
PO-000406,SUP-02,SKU-00008,WH-QLD,2025-08-19,2025-08-29,2025-08-30,407.0,407.0,1.67,Late
PO-000407,SUP-07,SKU-00012,WH-QLD,2025-08-19,2025-08-27,2025-08-27,79.0,79.0,2.93,Received
PO-000408,SUP-05,SKU-00001,WH-VIC,2025-08-19,2025-08-28,2025-08-28,265.0,265.0,1.57,Received
PO-000409,SUP-07,SKU-00006,WH-VIC,2025-08-19,2025-08-27,2025-08-28,101.0,101.0,4.07,Late
PO-000410,SUP-06,SKU-00019,WH-VIC,2025-08-19,2025-08-23,2025-08-23,165.0,165.0,5.36,Received
PO-000411,SUP-02,SKU-00018,WH-NSW,2025-08-20,2025-08-30,2025-08-28,233.0,233.0,2.32,Received
PO-000412,SUP-07,SKU-00022,WH-NSW,2025-08-20,2025-08-28,2025-08-28,145.0,145.0,3.85,Received
PO-000413,SUP-05,SKU-00023,WH-NSW,2025-08-20,2025-08-29,2025-08-30,281.0,281.0,2.48,Late
PO-000414,SUP-06,SKU-00009,WH-QLD,2025-08-20,2025-08-24,2025-08-24,102.0,102.0,4.65,Received
PO-000415,SUP-03,SKU-00010,WH-QLD,2025-08-20,2025-09-08,2025-09-07,223.0,223.0,4.29,Received
PO-000416,SUP-07,SKU-00022,WH-VIC,2025-08-20,2025-08-28,2025-08-26,98.0,98.0,3.85,Received
PO-000417,SUP-07,SKU-00022,WH-WA,2025-08-20,2025-08-28,2025-08-28,68.0,68.0,3.85,Received
PO-000418,SUP-04,SKU-00021,WH-NSW,2025-08-21,2025-09-08,2025-09-08,61.0,61.0,2.1,Received
PO-000419,SUP-01,SKU-00015,WH-QLD,2025-08-21,2025-08-25,2025-08-25,86.0,86.0,2.27,Received
PO-000420,SUP-07,SKU-00022,WH-QLD,2025-08-21,2025-08-29,2025-08-29,62.0,62.0,3.85,Received
PO-000421,SUP-03,SKU-00010,WH-VIC,2025-08-21,2025-09-09,2025-09-11,301.0,301.0,4.29,Late
PO-000422,SUP-02,SKU-00018,WH-VIC,2025-08-21,2025-08-31,2025-08-31,286.0,286.0,2.32,Received
PO-000423,SUP-02,SKU-00002,WH-WA,2025-08-21,2025-08-31,2025-08-31,52.0,52.0,2.21,Received
PO-000424,SUP-02,SKU-00014,WH-WA,2025-08-21,2025-08-31,2025-08-31,131.0,131.0,4.12,Received
PO-000425,SUP-01,SKU-00015,WH-WA,2025-08-21,2025-08-25,2025-08-24,82.0,82.0,2.27,Received
PO-000426,SUP-05,SKU-00001,WH-NSW,2025-08-22,2025-08-31,2025-08-29,168.0,158.0,1.57,Received
PO-000427,SUP-04,SKU-00011,WH-NSW,2025-08-22,2025-09-09,2025-09-09,109.0,109.0,5.92,Received
PO-000428,SUP-07,SKU-00012,WH-NSW,2025-08-22,2025-08-30,2025-08-30,70.0,70.0,2.93,Received
PO-000429,SUP-01,SKU-00015,WH-NSW,2025-08-22,2025-08-26,2025-08-29,154.0,154.0,2.27,Late
PO-000430,SUP-05,SKU-00023,WH-QLD,2025-08-22,2025-08-31,2025-09-01,318.0,318.0,2.48,Late
PO-000431,SUP-04,SKU-00005,WH-VIC,2025-08-22,2025-09-09,2025-09-09,68.0,68.0,2.29,Received
PO-000432,SUP-03,SKU-00010,WH-WA,2025-08-22,2025-09-10,2025-09-10,135.0,135.0,4.29,Received
PO-000433,SUP-02,SKU-00024,WH-WA,2025-08-22,2025-09-01,2025-08-30,65.0,65.0,1.36,Received
PO-000434,SUP-06,SKU-00003,WH-NSW,2025-08-23,2025-08-27,2025-08-27,167.0,167.0,5.99,Received
PO-000435,SUP-05,SKU-00013,WH-NSW,2025-08-23,2025-09-01,2025-09-01,194.0,194.0,2.42,Received
PO-000436,SUP-06,SKU-00003,WH-QLD,2025-08-23,2025-08-27,2025-08-27,113.0,113.0,5.99,Received
PO-000437,SUP-06,SKU-00019,WH-QLD,2025-08-23,2025-08-27,2025-08-27,257.0,257.0,5.36,Received
PO-000438,SUP-04,SKU-00021,WH-QLD,2025-08-23,2025-09-10,2025-09-10,121.0,121.0,2.1,Received
PO-000439,SUP-06,SKU-00003,WH-VIC,2025-08-23,2025-08-27,2025-08-28,171.0,171.0,5.99,Late
PO-000440,SUP-06,SKU-00009,WH-VIC,2025-08-23,2025-08-27,2025-08-27,109.0,109.0,4.65,Received
PO-000441,SUP-04,SKU-00011,WH-VIC,2025-08-23,2025-09-10,2025-09-10,125.0,125.0,5.92,Received
PO-000442,SUP-02,SKU-00014,WH-VIC,2025-08-23,2025-09-02,2025-09-02,292.0,292.0,4.12,Received
PO-000443,SUP-02,SKU-00024,WH-VIC,2025-08-23,2025-09-02,2025-09-02,385.0,385.0,1.36,Received
PO-000444,SUP-07,SKU-00006,WH-WA,2025-08-23,2025-08-31,2025-08-31,85.0,85.0,4.07,Received
PO-000445,SUP-06,SKU-00009,WH-WA,2025-08-23,2025-08-27,2025-08-28,117.0,117.0,4.65,Late
PO-000446,SUP-07,SKU-00012,WH-WA,2025-08-23,2025-08-31,2025-08-29,60.0,60.0,2.93,Received
PO-000447,SUP-07,SKU-00006,WH-NSW,2025-08-24,2025-09-01,2025-08-30,107.0,107.0,4.07,Received
PO-000448,SUP-06,SKU-00009,WH-NSW,2025-08-24,2025-08-28,2025-08-28,158.0,158.0,4.65,Received
PO-000449,SUP-02,SKU-00014,WH-NSW,2025-08-24,2025-09-03,2025-09-02,342.0,342.0,4.12,Received
PO-000450,SUP-02,SKU-00014,WH-QLD,2025-08-24,2025-09-03,2025-09-03,127.0,127.0,4.12,Received
PO-000451,SUP-02,SKU-00004,WH-VIC,2025-08-24,2025-09-12,2025-09-13,264.0,264.0,5.29,Late
PO-000452,SUP-02,SKU-00016,WH-VIC,2025-08-24,2025-09-12,2025-09-12,76.0,76.0,2.03,Received
PO-000453,SUP-05,SKU-00017,WH-VIC,2025-08-24,2025-09-02,2025-09-02,181.0,181.0,1.83,Received
PO-000454,SUP-06,SKU-00019,WH-VIC,2025-08-24,2025-08-28,2025-08-28,135.0,135.0,5.36,Received
PO-000455,SUP-06,SKU-00003,WH-WA,2025-08-24,2025-08-28,2025-08-28,81.0,81.0,5.99,Received
PO-000456,SUP-04,SKU-00005,WH-WA,2025-08-24,2025-09-11,2025-09-13,66.0,66.0,2.29,Late
PO-000457,SUP-04,SKU-00021,WH-WA,2025-08-24,2025-09-11,2025-09-12,130.0,130.0,2.1,Late
PO-000458,SUP-07,SKU-00006,WH-QLD,2025-08-25,2025-09-02,2025-09-02,159.0,159.0,4.07,Received
PO-000459,SUP-05,SKU-00007,WH-QLD,2025-08-25,2025-09-03,2025-09-05,366.0,273.0,2.62,Late
PO-000460,SUP-07,SKU-00012,WH-QLD,2025-08-25,2025-09-02,2025-09-02,79.0,79.0,2.93,Received
PO-000461,SUP-05,SKU-00007,WH-VIC,2025-08-25,2025-09-03,2025-09-01,328.0,328.0,2.62,Received
PO-000462,SUP-01,SKU-00015,WH-VIC,2025-08-25,2025-08-29,2025-08-29,281.0,281.0,2.27,Received
PO-000463,SUP-07,SKU-00020,WH-NSW,2025-08-26,2025-09-15,2025-09-15,220.0,220.0,5.2,Received
PO-000464,SUP-07,SKU-00022,WH-NSW,2025-08-26,2025-09-03,2025-09-02,150.0,150.0,3.85,Received
PO-000465,SUP-02,SKU-00002,WH-QLD,2025-08-26,2025-09-05,2025-09-04,240.0,240.0,2.21,Received
PO-000466,SUP-05,SKU-00013,WH-QLD,2025-08-26,2025-09-04,2025-09-07,427.0,427.0,2.42,Late
PO-000467,SUP-07,SKU-00022,WH-QLD,2025-08-26,2025-09-03,2025-09-03,61.0,61.0,3.85,Received
PO-000468,SUP-02,SKU-00002,WH-VIC,2025-08-26,2025-09-05,2025-09-05,480.0,480.0,2.21,Received
PO-000469,SUP-04,SKU-00021,WH-VIC,2025-08-26,2025-09-13,2025-09-13,152.0,152.0,2.1,Received
PO-000470,SUP-05,SKU-00013,WH-WA,2025-08-26,2025-09-04,2025-09-02,222.0,222.0,2.42,Received
PO-000471,SUP-01,SKU-00015,WH-WA,2025-08-26,2025-08-30,2025-08-30,86.0,86.0,2.27,Received
PO-000472,SUP-02,SKU-00018,WH-WA,2025-08-26,2025-09-05,2025-09-05,195.0,195.0,2.32,Received
PO-000473,SUP-02,SKU-00002,WH-NSW,2025-08-27,2025-09-06,2025-09-06,407.0,407.0,2.21,Received
PO-000474,SUP-02,SKU-00008,WH-NSW,2025-08-27,2025-09-06,2025-09-06,174.0,174.0,1.67,Received
PO-000475,SUP-06,SKU-00019,WH-NSW,2025-08-27,2025-08-31,2025-08-31,184.0,184.0,5.36,Received
PO-000476,SUP-06,SKU-00009,WH-QLD,2025-08-27,2025-08-31,2025-08-31,92.0,92.0,4.65,Received
PO-000477,SUP-01,SKU-00015,WH-QLD,2025-08-27,2025-08-31,2025-09-01,97.0,91.0,2.27,Late
PO-000478,SUP-02,SKU-00016,WH-QLD,2025-08-27,2025-09-15,2025-09-15,232.0,232.0,2.03,Received
PO-000479,SUP-05,SKU-00013,WH-VIC,2025-08-27,2025-09-05,2025-09-03,262.0,262.0,2.42,Received
PO-000480,SUP-02,SKU-00004,WH-WA,2025-08-27,2025-09-15,2025-09-14,77.0,77.0,5.29,Received
PO-000481,SUP-06,SKU-00019,WH-WA,2025-08-27,2025-08-31,2025-08-30,66.0,66.0,5.36,Received
PO-000482,SUP-02,SKU-00004,WH-NSW,2025-08-28,2025-09-16,2025-09-16,92.0,92.0,5.29,Received
PO-000483,SUP-03,SKU-00010,WH-NSW,2025-08-28,2025-09-16,2025-09-18,167.0,167.0,4.29,Late
PO-000484,SUP-02,SKU-00008,WH-VIC,2025-08-28,2025-09-07,2025-09-07,361.0,361.0,1.67,Received
PO-000485,SUP-07,SKU-00020,WH-VIC,2025-08-28,2025-09-17,2025-09-15,253.0,253.0,5.2,Received
PO-000486,SUP-01,SKU-00015,WH-NSW,2025-08-29,2025-09-02,2025-09-02,192.0,192.0,2.27,Received
PO-000487,SUP-02,SKU-00008,WH-QLD,2025-08-29,2025-09-08,2025-09-08,422.0,422.0,1.67,Received
PO-000488,SUP-06,SKU-00003,WH-VIC,2025-08-29,2025-09-02,2025-09-01,147.0,147.0,5.99,Received
PO-000489,SUP-07,SKU-00022,WH-VIC,2025-08-29,2025-09-06,2025-09-09,70.0,70.0,3.85,Late
PO-000490,SUP-06,SKU-00009,WH-WA,2025-08-29,2025-09-02,2025-09-01,107.0,107.0,4.65,Received
PO-000491,SUP-04,SKU-00011,WH-WA,2025-08-29,2025-09-16,2025-09-17,85.0,85.0,5.92,Late
PO-000492,SUP-05,SKU-00023,WH-WA,2025-08-29,2025-09-07,2025-09-11,109.0,109.0,2.48,Late
PO-000493,SUP-06,SKU-00003,WH-NSW,2025-08-30,2025-09-03,2025-09-05,226.0,226.0,5.99,Late
PO-000494,SUP-07,SKU-00006,WH-NSW,2025-08-30,2025-09-07,2025-09-11,115.0,115.0,4.07,Late
PO-000495,SUP-06,SKU-00009,WH-NSW,2025-08-30,2025-09-03,2025-09-04,244.0,244.0,4.65,Late
PO-000496,SUP-02,SKU-00016,WH-NSW,2025-08-30,2025-09-18,2025-09-18,82.0,82.0,2.03,Received
PO-000497,SUP-02,SKU-00024,WH-NSW,2025-08-30,2025-09-09,2025-09-09,213.0,213.0,1.36,Received
PO-000498,SUP-05,SKU-00017,WH-QLD,2025-08-30,2025-09-08,2025-09-08,399.0,399.0,1.83,Received
PO-000499,SUP-02,SKU-00018,WH-QLD,2025-08-30,2025-09-09,2025-09-09,355.0,355.0,2.32,Received
PO-000500,SUP-06,SKU-00019,WH-QLD,2025-08-30,2025-09-03,2025-09-03,222.0,222.0,5.36,Received
PO-000501,SUP-06,SKU-00009,WH-VIC,2025-08-30,2025-09-03,2025-09-02,91.0,91.0,4.65,Received
PO-000502,SUP-07,SKU-00006,WH-WA,2025-08-30,2025-09-07,2025-09-07,85.0,85.0,4.07,Received
PO-000503,SUP-02,SKU-00014,WH-WA,2025-08-30,2025-09-09,2025-09-09,134.0,99.0,4.12,Received
PO-000504,SUP-05,SKU-00017,WH-WA,2025-08-30,2025-09-08,2025-09-08,186.0,186.0,1.83,Received
PO-000505,SUP-05,SKU-00007,WH-NSW,2025-08-31,2025-09-09,2025-09-10,243.0,243.0,2.62,Late
PO-000506,SUP-02,SKU-00018,WH-NSW,2025-08-31,2025-09-10,2025-09-10,240.0,240.0,2.32,Received
PO-000507,SUP-05,SKU-00023,WH-NSW,2025-08-31,2025-09-09,2025-09-07,253.0,253.0,2.48,Received
PO-000508,SUP-06,SKU-00003,WH-QLD,2025-08-31,2025-09-04,2025-09-04,119.0,119.0,5.99,Received
PO-000509,SUP-04,SKU-00005,WH-QLD,2025-08-31,2025-09-18,2025-09-18,157.0,157.0,2.29,Received
PO-000510,SUP-04,SKU-00011,WH-QLD,2025-08-31,2025-09-18,2025-09-18,97.0,97.0,5.92,Received
PO-000511,SUP-07,SKU-00012,WH-QLD,2025-08-31,2025-09-08,2025-09-10,79.0,79.0,2.93,Late
PO-000512,SUP-06,SKU-00019,WH-VIC,2025-08-31,2025-09-04,2025-09-04,224.0,224.0,5.36,Received
PO-000513,SUP-05,SKU-00023,WH-VIC,2025-08-31,2025-09-09,2025-09-08,210.0,210.0,2.48,Received
PO-000514,SUP-06,SKU-00003,WH-WA,2025-08-31,2025-09-04,2025-09-04,74.0,74.0,5.99,Received
PO-000515,SUP-05,SKU-00007,WH-WA,2025-08-31,2025-09-09,2025-09-09,137.0,137.0,2.62,Received
PO-000516,SUP-01,SKU-00015,WH-WA,2025-08-31,2025-09-04,2025-09-04,74.0,74.0,2.27,Received
PO-000517,SUP-02,SKU-00016,WH-WA,2025-08-31,2025-09-19,2025-09-19,55.0,55.0,2.03,Received
PO-000518,SUP-07,SKU-00022,WH-WA,2025-08-31,2025-09-08,2025-09-09,65.0,65.0,3.85,Late
PO-000519,SUP-05,SKU-00017,WH-NSW,2025-09-01,2025-09-10,2025-09-10,188.0,188.0,1.83,Received
PO-000520,SUP-06,SKU-00019,WH-NSW,2025-09-01,2025-09-05,2025-09-05,123.0,123.0,5.36,Received
PO-000521,SUP-07,SKU-00006,WH-QLD,2025-09-01,2025-09-09,2025-09-07,155.0,155.0,4.07,Received
PO-000522,SUP-07,SKU-00022,WH-QLD,2025-09-01,2025-09-09,2025-09-07,55.0,55.0,3.85,Received
PO-000523,SUP-01,SKU-00015,WH-VIC,2025-09-01,2025-09-05,2025-09-05,212.0,212.0,2.27,Received
PO-000524,SUP-07,SKU-00012,WH-WA,2025-09-01,2025-09-09,2025-09-08,57.0,57.0,2.93,Received
PO-000525,SUP-04,SKU-00005,WH-NSW,2025-09-02,2025-09-20,2025-09-20,70.0,70.0,2.29,Received
PO-000526,SUP-01,SKU-00015,WH-NSW,2025-09-02,2025-09-06,2025-09-10,130.0,130.0,2.27,Late
PO-000527,SUP-07,SKU-00022,WH-NSW,2025-09-02,2025-09-10,2025-09-12,143.0,143.0,3.85,Late
PO-000528,SUP-05,SKU-00001,WH-QLD,2025-09-02,2025-09-11,2025-09-11,221.0,221.0,1.57,Received
PO-000529,SUP-05,SKU-00023,WH-QLD,2025-09-02,2025-09-11,2025-09-13,347.0,347.0,2.48,Late
PO-000530,SUP-07,SKU-00006,WH-VIC,2025-09-02,2025-09-10,2025-09-13,99.0,99.0,4.07,Late
PO-000531,SUP-02,SKU-00014,WH-VIC,2025-09-02,2025-09-12,2025-09-13,276.0,276.0,4.12,Late
PO-000532,SUP-05,SKU-00001,WH-WA,2025-09-02,2025-09-11,2025-09-10,175.0,175.0,1.57,Received
PO-000533,SUP-06,SKU-00003,WH-NSW,2025-09-03,2025-09-07,2025-09-07,157.0,157.0,5.99,Received
PO-000534,SUP-04,SKU-00011,WH-NSW,2025-09-03,2025-09-21,2025-09-21,105.0,105.0,5.92,Received
PO-000535,SUP-02,SKU-00004,WH-QLD,2025-09-03,2025-09-22,2025-09-23,170.0,170.0,5.29,Late
PO-000536,SUP-01,SKU-00015,WH-QLD,2025-09-03,2025-09-07,2025-09-07,95.0,95.0,2.27,Received
PO-000537,SUP-02,SKU-00018,WH-VIC,2025-09-03,2025-09-13,2025-09-13,364.0,364.0,2.32,Received
PO-000538,SUP-02,SKU-00024,WH-VIC,2025-09-03,2025-09-13,2025-09-13,446.0,446.0,1.36,Received
PO-000539,SUP-02,SKU-00002,WH-WA,2025-09-03,2025-09-13,2025-09-13,58.0,58.0,2.21,Received
PO-000540,SUP-06,SKU-00009,WH-WA,2025-09-03,2025-09-07,2025-09-08,130.0,130.0,4.65,Late
PO-000541,SUP-02,SKU-00024,WH-WA,2025-09-03,2025-09-13,2025-09-14,57.0,57.0,1.36,Late
PO-000542,SUP-07,SKU-00012,WH-NSW,2025-09-04,2025-09-12,2025-09-11,66.0,66.0,2.93,Received
PO-000543,SUP-06,SKU-00009,WH-QLD,2025-09-04,2025-09-08,2025-09-07,96.0,96.0,4.65,Received
PO-000544,SUP-02,SKU-00014,WH-QLD,2025-09-04,2025-09-14,2025-09-15,107.0,107.0,4.12,Late
PO-000545,SUP-07,SKU-00020,WH-QLD,2025-09-04,2025-09-24,2025-09-24,307.0,307.0,5.2,Received
PO-000546,SUP-07,SKU-00020,WH-WA,2025-09-04,2025-09-24,2025-09-23,116.0,116.0,5.2,Received
PO-000547,SUP-02,SKU-00014,WH-NSW,2025-09-05,2025-09-15,2025-09-14,358.0,358.0,4.12,Received
PO-000548,SUP-02,SKU-00002,WH-QLD,2025-09-05,2025-09-15,2025-09-17,242.0,242.0,2.21,Late
PO-000549,SUP-05,SKU-00007,WH-QLD,2025-09-05,2025-09-14,2025-09-14,370.0,370.0,2.62,Received
PO-000550,SUP-03,SKU-00010,WH-QLD,2025-09-05,2025-09-24,2025-09-24,203.0,203.0,4.29,Received
PO-000551,SUP-05,SKU-00001,WH-VIC,2025-09-05,2025-09-14,2025-09-12,267.0,267.0,1.57,Received
PO-000552,SUP-02,SKU-00002,WH-VIC,2025-09-05,2025-09-15,2025-09-16,414.0,414.0,2.21,Late
PO-000553,SUP-06,SKU-00003,WH-VIC,2025-09-05,2025-09-09,2025-09-09,159.0,159.0,5.99,Received
PO-000554,SUP-01,SKU-00015,WH-VIC,2025-09-05,2025-09-09,2025-09-08,196.0,196.0,2.27,Received
PO-000555,SUP-06,SKU-00019,WH-WA,2025-09-05,2025-09-09,2025-09-09,61.0,61.0,5.36,Received
PO-000556,SUP-07,SKU-00006,WH-NSW,2025-09-06,2025-09-14,2025-09-13,115.0,115.0,4.07,Received
PO-000557,SUP-02,SKU-00024,WH-NSW,2025-09-06,2025-09-16,2025-09-16,245.0,245.0,1.36,Received
PO-000558,SUP-05,SKU-00013,WH-QLD,2025-09-06,2025-09-15,2025-09-14,426.0,426.0,2.42,Received
PO-000559,SUP-04,SKU-00021,WH-QLD,2025-09-06,2025-09-24,2025-09-22,124.0,124.0,2.1,Received
PO-000560,SUP-04,SKU-00005,WH-VIC,2025-09-06,2025-09-24,2025-09-24,71.0,71.0,2.29,Received
PO-000561,SUP-05,SKU-00007,WH-VIC,2025-09-06,2025-09-15,2025-09-13,244.0,244.0,2.62,Received
PO-000562,SUP-06,SKU-00009,WH-VIC,2025-09-06,2025-09-10,2025-09-10,100.0,100.0,4.65,Received
PO-000563,SUP-03,SKU-00010,WH-VIC,2025-09-06,2025-09-25,2025-09-25,277.0,277.0,4.29,Received
PO-000564,SUP-04,SKU-00011,WH-VIC,2025-09-06,2025-09-24,2025-09-25,124.0,124.0,5.92,Late
PO-000565,SUP-06,SKU-00003,WH-WA,2025-09-06,2025-09-10,2025-09-10,86.0,86.0,5.99,Received
PO-000566,SUP-03,SKU-00010,WH-WA,2025-09-06,2025-09-25,2025-09-25,138.0,138.0,4.29,Received
PO-000567,SUP-01,SKU-00015,WH-WA,2025-09-06,2025-09-10,2025-09-10,86.0,86.0,2.27,Received
PO-000568,SUP-02,SKU-00018,WH-WA,2025-09-06,2025-09-16,2025-09-16,200.0,200.0,2.32,Received
PO-000569,SUP-06,SKU-00009,WH-NSW,2025-09-07,2025-09-11,2025-09-11,248.0,248.0,4.65,Received
PO-000570,SUP-06,SKU-00003,WH-QLD,2025-09-07,2025-09-11,2025-09-11,112.0,112.0,5.99,Received
PO-000571,SUP-07,SKU-00006,WH-QLD,2025-09-07,2025-09-15,2025-09-14,143.0,143.0,4.07,Received
PO-000572,SUP-02,SKU-00008,WH-QLD,2025-09-07,2025-09-17,2025-09-16,366.0,366.0,1.67,Received
PO-000573,SUP-07,SKU-00012,WH-QLD,2025-09-07,2025-09-15,2025-09-16,101.0,101.0,2.93,Late
PO-000574,SUP-06,SKU-00019,WH-QLD,2025-09-07,2025-09-11,2025-09-11,320.0,320.0,5.36,Received
PO-000575,SUP-02,SKU-00004,WH-VIC,2025-09-07,2025-09-26,2025-09-26,295.0,295.0,5.29,Received
PO-000576,SUP-06,SKU-00019,WH-VIC,2025-09-07,2025-09-11,2025-09-11,164.0,164.0,5.36,Received
PO-000577,SUP-07,SKU-00022,WH-VIC,2025-09-07,2025-09-15,2025-09-16,74.0,74.0,3.85,Late
PO-000578,SUP-07,SKU-00006,WH-WA,2025-09-07,2025-09-15,2025-09-15,94.0,94.0,4.07,Received
PO-000579,SUP-06,SKU-00009,WH-WA,2025-09-07,2025-09-11,2025-09-11,104.0,104.0,4.65,Received
PO-000580,SUP-05,SKU-00001,WH-NSW,2025-09-08,2025-09-17,2025-09-16,172.0,172.0,1.57,Received
PO-000581,SUP-02,SKU-00008,WH-NSW,2025-09-08,2025-09-18,2025-09-18,199.0,199.0,1.67,Received
PO-000582,SUP-01,SKU-00015,WH-NSW,2025-09-08,2025-09-12,2025-09-12,182.0,182.0,2.27,Received
PO-000583,SUP-06,SKU-00019,WH-NSW,2025-09-08,2025-09-12,2025-09-12,145.0,145.0,5.36,Received
PO-000584,SUP-04,SKU-00021,WH-NSW,2025-09-08,2025-09-26,2025-09-24,56.0,56.0,2.1,Received
PO-000585,SUP-02,SKU-00016,WH-VIC,2025-09-08,2025-09-27,2025-09-27,74.0,74.0,2.03,Received
PO-000586,SUP-07,SKU-00012,WH-WA,2025-09-08,2025-09-16,2025-09-16,63.0,63.0,2.93,Received
PO-000587,SUP-02,SKU-00002,WH-NSW,2025-09-09,2025-09-19,2025-09-19,434.0,434.0,2.21,Received
PO-000588,SUP-05,SKU-00013,WH-NSW,2025-09-09,2025-09-18,2025-09-20,195.0,195.0,2.42,Late
PO-000589,SUP-02,SKU-00008,WH-VIC,2025-09-09,2025-09-19,2025-09-19,315.0,315.0,1.67,Received
PO-000590,SUP-04,SKU-00021,WH-VIC,2025-09-09,2025-09-27,2025-09-28,151.0,151.0,2.1,Late
PO-000591,SUP-02,SKU-00018,WH-NSW,2025-09-10,2025-09-20,2025-09-20,263.0,263.0,2.32,Received
PO-000592,SUP-07,SKU-00020,WH-NSW,2025-09-10,2025-09-30,2025-10-01,232.0,232.0,5.2,Late
PO-000593,SUP-07,SKU-00022,WH-NSW,2025-09-10,2025-09-18,2025-09-20,158.0,158.0,3.85,Late
PO-000594,SUP-06,SKU-00009,WH-QLD,2025-09-10,2025-09-14,2025-09-13,88.0,88.0,4.65,Received
PO-000595,SUP-01,SKU-00015,WH-QLD,2025-09-10,2025-09-14,2025-09-16,101.0,101.0,2.27,Late
PO-000596,SUP-02,SKU-00016,WH-QLD,2025-09-10,2025-09-29,2025-09-29,250.0,250.0,2.03,Received
PO-000597,SUP-05,SKU-00017,WH-QLD,2025-09-10,2025-09-19,2025-09-21,399.0,399.0,1.83,Late
PO-000598,SUP-06,SKU-00003,WH-VIC,2025-09-10,2025-09-14,2025-09-14,169.0,169.0,5.99,Received
PO-000599,SUP-07,SKU-00006,WH-VIC,2025-09-10,2025-09-18,2025-09-16,73.0,73.0,4.07,Received
PO-000600,SUP-07,SKU-00022,WH-WA,2025-09-10,2025-09-18,2025-09-19,73.0,73.0,3.85,Late
PO-000601,SUP-06,SKU-00003,WH-NSW,2025-09-11,2025-09-15,2025-09-14,223.0,223.0,5.99,Received
PO-000602,SUP-02,SKU-00018,WH-QLD,2025-09-11,2025-09-21,2025-09-22,376.0,376.0,2.32,Late
PO-000603,SUP-07,SKU-00022,WH-QLD,2025-09-11,2025-09-19,2025-09-17,83.0,83.0,3.85,Received
PO-000604,SUP-05,SKU-00013,WH-VIC,2025-09-11,2025-09-20,2025-09-19,258.0,258.0,2.42,Received
PO-000605,SUP-05,SKU-00017,WH-VIC,2025-09-11,2025-09-20,2025-09-19,197.0,197.0,1.83,Received
PO-000606,SUP-06,SKU-00019,WH-VIC,2025-09-11,2025-09-15,2025-09-15,136.0,136.0,5.36,Received
PO-000607,SUP-07,SKU-00020,WH-VIC,2025-09-11,2025-10-01,2025-09-29,252.0,252.0,5.2,Received
PO-000608,SUP-05,SKU-00013,WH-WA,2025-09-11,2025-09-20,2025-09-18,215.0,215.0,2.42,Received
PO-000609,SUP-04,SKU-00021,WH-WA,2025-09-11,2025-09-29,2025-09-30,102.0,102.0,2.1,Late
PO-000610,SUP-05,SKU-00017,WH-NSW,2025-09-12,2025-09-21,2025-09-19,134.0,134.0,1.83,Received
PO-000611,SUP-06,SKU-00019,WH-NSW,2025-09-12,2025-09-16,2025-09-16,127.0,127.0,5.36,Received
PO-000612,SUP-01,SKU-00015,WH-VIC,2025-09-12,2025-09-16,2025-09-17,224.0,224.0,2.27,Late
PO-000613,SUP-02,SKU-00024,WH-VIC,2025-09-12,2025-09-22,2025-09-22,342.0,342.0,1.36,Received
PO-000614,SUP-04,SKU-00011,WH-WA,2025-09-12,2025-09-30,2025-09-29,67.0,67.0,5.92,Received
PO-000615,SUP-02,SKU-00014,WH-WA,2025-09-12,2025-09-22,2025-09-23,167.0,167.0,4.12,Late
PO-000616,SUP-01,SKU-00015,WH-WA,2025-09-12,2025-09-16,2025-09-16,83.0,83.0,2.27,Received
PO-000617,SUP-02,SKU-00004,WH-NSW,2025-09-13,2025-10-02,2025-10-04,96.0,96.0,5.29,Late
PO-000618,SUP-03,SKU-00010,WH-NSW,2025-09-13,2025-10-02,2025-10-02,169.0,169.0,4.29,Received
PO-000619,SUP-02,SKU-00014,WH-NSW,2025-09-13,2025-09-23,2025-09-24,346.0,346.0,4.12,Late
PO-000620,SUP-02,SKU-00024,WH-NSW,2025-09-13,2025-09-23,2025-09-21,229.0,229.0,1.36,Received
PO-000621,SUP-06,SKU-00009,WH-VIC,2025-09-13,2025-09-17,2025-09-17,98.0,98.0,4.65,Received
PO-000622,SUP-02,SKU-00014,WH-VIC,2025-09-13,2025-09-23,2025-09-23,283.0,283.0,4.12,Received
PO-000623,SUP-05,SKU-00001,WH-WA,2025-09-13,2025-09-22,2025-09-20,197.0,197.0,1.57,Received
PO-000624,SUP-02,SKU-00004,WH-WA,2025-09-13,2025-10-02,2025-10-02,76.0,76.0,5.29,Received
PO-000625,SUP-04,SKU-00005,WH-WA,2025-09-13,2025-10-01,2025-10-01,64.0,60.0,2.29,Received
PO-000626,SUP-05,SKU-00017,WH-WA,2025-09-13,2025-09-22,2025-09-20,175.0,175.0,1.83,Received
PO-000627,SUP-05,SKU-00023,WH-WA,2025-09-13,2025-09-22,2025-09-23,112.0,112.0,2.48,Late
PO-000628,SUP-02,SKU-00024,WH-WA,2025-09-13,2025-09-23,2025-09-22,56.0,56.0,1.36,Received
PO-000629,SUP-06,SKU-00009,WH-NSW,2025-09-14,2025-09-18,2025-09-18,200.0,200.0,4.65,Received
PO-000630,SUP-01,SKU-00015,WH-NSW,2025-09-14,2025-09-18,2025-09-18,156.0,156.0,2.27,Received
PO-000631,SUP-05,SKU-00023,WH-NSW,2025-09-14,2025-09-23,2025-09-21,254.0,254.0,2.48,Received
PO-000632,SUP-07,SKU-00006,WH-QLD,2025-09-14,2025-09-22,2025-09-21,154.0,137.0,4.07,Received
PO-000633,SUP-04,SKU-00011,WH-QLD,2025-09-14,2025-10-02,2025-10-02,94.0,94.0,5.92,Received
PO-000634,SUP-07,SKU-00012,WH-QLD,2025-09-14,2025-09-22,2025-09-20,78.0,78.0,2.93,Received
PO-000635,SUP-06,SKU-00019,WH-QLD,2025-09-14,2025-09-18,2025-09-18,179.0,179.0,5.36,Received
PO-000636,SUP-05,SKU-00023,WH-QLD,2025-09-14,2025-09-23,2025-09-23,297.0,297.0,2.48,Received
PO-000637,SUP-02,SKU-00018,WH-VIC,2025-09-14,2025-09-24,2025-09-24,289.0,289.0,2.32,Received
PO-000638,SUP-06,SKU-00003,WH-WA,2025-09-14,2025-09-18,2025-09-18,70.0,70.0,5.99,Received
PO-000639,SUP-07,SKU-00006,WH-WA,2025-09-14,2025-09-22,2025-09-23,77.0,77.0,4.07,Late
PO-000640,SUP-06,SKU-00009,WH-WA,2025-09-14,2025-09-18,2025-09-18,131.0,131.0,4.65,Received
PO-000641,SUP-02,SKU-00016,WH-NSW,2025-09-15,2025-10-04,2025-10-04,82.0,82.0,2.03,Received
PO-000642,SUP-05,SKU-00001,WH-QLD,2025-09-15,2025-09-24,2025-09-22,225.0,225.0,1.57,Received
PO-000643,SUP-02,SKU-00002,WH-QLD,2025-09-15,2025-09-25,2025-09-25,246.0,246.0,2.21,Received
PO-000644,SUP-06,SKU-00003,WH-VIC,2025-09-15,2025-09-19,2025-09-19,143.0,143.0,5.99,Received
PO-000645,SUP-02,SKU-00016,WH-WA,2025-09-15,2025-10-04,2025-10-05,51.0,51.0,2.03,Late
PO-000646,SUP-02,SKU-00018,WH-WA,2025-09-15,2025-09-25,2025-09-24,212.0,212.0,2.32,Received
PO-000647,SUP-07,SKU-00006,WH-NSW,2025-09-16,2025-09-24,2025-09-26,132.0,132.0,4.07,Late
PO-000648,SUP-06,SKU-00003,WH-QLD,2025-09-16,2025-09-20,2025-09-20,121.0,121.0,5.99,Received
PO-000649,SUP-05,SKU-00001,WH-VIC,2025-09-16,2025-09-25,2025-09-25,270.0,270.0,1.57,Received
PO-000650,SUP-02,SKU-00002,WH-VIC,2025-09-16,2025-09-26,2025-09-26,459.0,459.0,2.21,Received
PO-000651,SUP-01,SKU-00015,WH-VIC,2025-09-16,2025-09-20,2025-09-23,208.0,208.0,2.27,Late
PO-000652,SUP-07,SKU-00022,WH-VIC,2025-09-16,2025-09-24,2025-09-26,95.0,95.0,3.85,Late
PO-000653,SUP-05,SKU-00007,WH-WA,2025-09-16,2025-09-25,2025-09-25,128.0,128.0,2.62,Received
PO-000654,SUP-07,SKU-00020,WH-WA,2025-09-16,2025-10-06,2025-10-08,121.0,121.0,5.2,Late
PO-000655,SUP-06,SKU-00003,WH-NSW,2025-09-17,2025-09-21,2025-09-20,160.0,160.0,5.99,Received
PO-000656,SUP-05,SKU-00007,WH-NSW,2025-09-17,2025-09-26,2025-09-24,263.0,263.0,2.62,Received
PO-000657,SUP-07,SKU-00012,WH-NSW,2025-09-17,2025-09-25,2025-09-25,55.0,53.0,2.93,Received
PO-000658,SUP-07,SKU-00022,WH-NSW,2025-09-17,2025-09-25,2025-09-26,150.0,150.0,3.85,Late
PO-000659,SUP-02,SKU-00004,WH-QLD,2025-09-17,2025-10-06,2025-10-06,174.0,174.0,5.29,Received
PO-000660,SUP-04,SKU-00005,WH-QLD,2025-09-17,2025-10-05,2025-10-05,141.0,141.0,2.29,Received
PO-000661,SUP-05,SKU-00007,WH-QLD,2025-09-17,2025-09-26,2025-09-25,352.0,352.0,2.62,Received
PO-000662,SUP-02,SKU-00008,WH-QLD,2025-09-17,2025-09-27,2025-09-27,427.0,427.0,1.67,Received
PO-000663,SUP-06,SKU-00009,WH-QLD,2025-09-17,2025-09-21,2025-09-21,95.0,95.0,4.65,Received
PO-000664,SUP-02,SKU-00014,WH-QLD,2025-09-17,2025-09-27,2025-09-27,121.0,121.0,4.12,Received
PO-000665,SUP-01,SKU-00015,WH-QLD,2025-09-17,2025-09-21,2025-09-20,100.0,100.0,2.27,Received
PO-000666,SUP-06,SKU-00019,WH-VIC,2025-09-17,2025-09-21,2025-09-21,176.0,176.0,5.36,Received
PO-000667,SUP-05,SKU-00023,WH-VIC,2025-09-17,2025-09-26,2025-09-27,204.0,204.0,2.48,Late
PO-000668,SUP-07,SKU-00012,WH-WA,2025-09-17,2025-09-25,2025-09-23,80.0,80.0,2.93,Received
PO-000669,SUP-06,SKU-00019,WH-WA,2025-09-17,2025-09-21,2025-09-21,63.0,63.0,5.36,Received
PO-000670,SUP-04,SKU-00011,WH-NSW,2025-09-18,2025-10-06,2025-10-07,119.0,119.0,5.92,Late
PO-000671,SUP-01,SKU-00015,WH-NSW,2025-09-18,2025-09-22,2025-09-22,133.0,133.0,2.27,Received
PO-000672,SUP-05,SKU-00013,WH-QLD,2025-09-18,2025-09-27,2025-09-25,442.0,442.0,2.42,Received
PO-000673,SUP-05,SKU-00017,WH-QLD,2025-09-18,2025-09-27,2025-09-28,343.0,343.0,1.83,Late
PO-000674,SUP-06,SKU-00019,WH-QLD,2025-09-18,2025-09-22,2025-09-23,212.0,212.0,5.36,Late
PO-000675,SUP-01,SKU-00015,WH-WA,2025-09-18,2025-09-22,2025-09-20,82.0,82.0,2.27,Received
PO-000676,SUP-06,SKU-00019,WH-NSW,2025-09-19,2025-09-23,2025-09-24,138.0,138.0,5.36,Late
PO-000677,SUP-03,SKU-00010,WH-VIC,2025-09-19,2025-10-08,2025-10-08,271.0,271.0,4.29,Received
PO-000678,SUP-03,SKU-00010,WH-WA,2025-09-19,2025-10-08,2025-10-08,151.0,151.0,4.29,Received
PO-000679,SUP-07,SKU-00022,WH-WA,2025-09-19,2025-09-27,2025-09-27,63.0,63.0,3.85,Received
PO-000680,SUP-02,SKU-00002,WH-NSW,2025-09-20,2025-09-30,2025-09-30,334.0,334.0,2.21,Received
PO-000681,SUP-03,SKU-00010,WH-QLD,2025-09-20,2025-10-09,2025-10-08,225.0,225.0,4.29,Received
PO-000682,SUP-07,SKU-00020,WH-QLD,2025-09-20,2025-10-10,2025-10-10,299.0,299.0,5.2,Received
PO-000683,SUP-06,SKU-00003,WH-VIC,2025-09-20,2025-09-24,2025-09-24,166.0,166.0,5.99,Received
PO-000684,SUP-02,SKU-00004,WH-VIC,2025-09-20,2025-10-09,2025-10-09,309.0,309.0,5.29,Received
PO-000685,SUP-04,SKU-00005,WH-VIC,2025-09-20,2025-10-08,2025-10-09,65.0,65.0,2.29,Late
PO-000686,SUP-07,SKU-00006,WH-VIC,2025-09-20,2025-09-28,2025-09-28,103.0,103.0,4.07,Received
PO-000687,SUP-04,SKU-00011,WH-VIC,2025-09-20,2025-10-08,2025-10-07,123.0,123.0,5.92,Received
PO-000688,SUP-05,SKU-00017,WH-VIC,2025-09-20,2025-09-29,2025-09-29,137.0,137.0,1.83,Received
PO-000689,SUP-02,SKU-00002,WH-WA,2025-09-20,2025-09-30,2025-09-30,65.0,65.0,2.21,Received
PO-000690,SUP-06,SKU-00009,WH-WA,2025-09-20,2025-09-24,2025-09-23,147.0,147.0,4.65,Received
PO-000691,SUP-05,SKU-00013,WH-WA,2025-09-20,2025-09-29,2025-09-28,180.0,180.0,2.42,Received
PO-000692,SUP-02,SKU-00014,WH-WA,2025-09-20,2025-09-30,2025-09-30,122.0,122.0,4.12,Received
PO-000693,SUP-06,SKU-00003,WH-NSW,2025-09-21,2025-09-25,2025-09-26,179.0,179.0,5.99,Late
PO-000694,SUP-07,SKU-00006,WH-QLD,2025-09-21,2025-09-29,2025-09-29,141.0,141.0,4.07,Received
PO-000695,SUP-07,SKU-00012,WH-QLD,2025-09-21,2025-09-29,2025-09-30,82.0,82.0,2.93,Late
PO-000696,SUP-07,SKU-00022,WH-QLD,2025-09-21,2025-09-29,2025-09-29,79.0,79.0,3.85,Received
PO-000697,SUP-02,SKU-00008,WH-VIC,2025-09-21,2025-10-01,2025-10-01,296.0,296.0,1.67,Received
PO-000698,SUP-06,SKU-00009,WH-VIC,2025-09-21,2025-09-25,2025-09-25,106.0,106.0,4.65,Received
PO-000699,SUP-04,SKU-00021,WH-VIC,2025-09-21,2025-10-09,2025-10-11,136.0,136.0,2.1,Late
PO-000700,SUP-02,SKU-00024,WH-VIC,2025-09-21,2025-10-01,2025-10-02,319.0,319.0,1.36,Late
PO-000701,SUP-05,SKU-00001,WH-NSW,2025-09-22,2025-10-01,2025-09-30,182.0,182.0,1.57,Received
PO-000702,SUP-06,SKU-00009,WH-NSW,2025-09-22,2025-09-26,2025-09-25,243.0,243.0,4.65,Received
PO-000703,SUP-02,SKU-00014,WH-NSW,2025-09-22,2025-10-02,2025-10-02,350.0,350.0,4.12,Received
PO-000704,SUP-02,SKU-00018,WH-QLD,2025-09-22,2025-10-02,2025-10-02,285.0,285.0,2.32,Received
PO-000705,SUP-04,SKU-00021,WH-QLD,2025-09-22,2025-10-10,2025-10-10,152.0,152.0,2.1,Received
PO-000706,SUP-05,SKU-00023,WH-QLD,2025-09-22,2025-10-01,2025-10-01,284.0,284.0,2.48,Received
PO-000707,SUP-05,SKU-00007,WH-VIC,2025-09-22,2025-10-01,2025-10-04,334.0,334.0,2.62,Late
PO-000708,SUP-02,SKU-00014,WH-VIC,2025-09-22,2025-10-02,2025-09-30,298.0,298.0,4.12,Received
PO-000709,SUP-01,SKU-00015,WH-VIC,2025-09-22,2025-09-26,2025-09-24,274.0,274.0,2.27,Received
PO-000710,SUP-02,SKU-00016,WH-VIC,2025-09-22,2025-10-11,2025-10-11,71.0,71.0,2.03,Received
PO-000711,SUP-06,SKU-00019,WH-VIC,2025-09-22,2025-09-26,2025-09-26,146.0,146.0,5.36,Received
PO-000712,SUP-06,SKU-00003,WH-WA,2025-09-22,2025-09-26,2025-09-26,77.0,77.0,5.99,Received
PO-000713,SUP-02,SKU-00004,WH-WA,2025-09-22,2025-10-11,2025-10-11,66.0,66.0,5.29,Received
PO-000714,SUP-07,SKU-00006,WH-WA,2025-09-22,2025-09-30,2025-09-30,81.0,81.0,4.07,Received
PO-000715,SUP-05,SKU-00017,WH-WA,2025-09-22,2025-10-01,2025-10-01,193.0,193.0,1.83,Received
PO-000716,SUP-07,SKU-00006,WH-NSW,2025-09-23,2025-10-01,2025-10-01,107.0,107.0,4.07,Received
PO-000717,SUP-05,SKU-00013,WH-NSW,2025-09-23,2025-10-02,2025-10-03,203.0,203.0,2.42,Late
PO-000718,SUP-01,SKU-00015,WH-NSW,2025-09-23,2025-09-27,2025-09-26,162.0,162.0,2.27,Received
PO-000719,SUP-06,SKU-00019,WH-NSW,2025-09-23,2025-09-27,2025-09-27,121.0,121.0,5.36,Received
PO-000720,SUP-02,SKU-00024,WH-NSW,2025-09-23,2025-10-03,2025-10-03,223.0,223.0,1.36,Received
PO-000721,SUP-02,SKU-00002,WH-QLD,2025-09-23,2025-10-03,2025-10-03,229.0,229.0,2.21,Received
PO-000722,SUP-05,SKU-00013,WH-VIC,2025-09-23,2025-10-02,2025-10-01,256.0,256.0,2.42,Received
PO-000723,SUP-02,SKU-00024,WH-WA,2025-09-23,2025-10-03,2025-10-03,56.0,56.0,1.36,Received
PO-000724,SUP-04,SKU-00005,WH-NSW,2025-09-24,2025-10-12,2025-10-14,57.0,57.0,2.29,Late
PO-000725,SUP-02,SKU-00008,WH-NSW,2025-09-24,2025-10-04,2025-10-04,207.0,207.0,1.67,Received
PO-000726,SUP-02,SKU-00018,WH-NSW,2025-09-24,2025-10-04,2025-10-04,269.0,269.0,2.32,Received
PO-000727,SUP-06,SKU-00003,WH-QLD,2025-09-24,2025-09-28,2025-09-27,134.0,134.0,5.99,Received
PO-000728,SUP-06,SKU-00009,WH-QLD,2025-09-24,2025-09-28,2025-09-28,109.0,109.0,4.65,Received
PO-000729,SUP-01,SKU-00015,WH-QLD,2025-09-24,2025-09-28,2025-09-28,96.0,96.0,2.27,Received
PO-000730,SUP-02,SKU-00016,WH-QLD,2025-09-24,2025-10-13,2025-10-13,236.0,236.0,2.03,Received
PO-000731,SUP-07,SKU-00022,WH-VIC,2025-09-24,2025-10-02,2025-10-02,76.0,76.0,3.85,Received
PO-000732,SUP-07,SKU-00012,WH-WA,2025-09-24,2025-10-02,2025-10-02,58.0,58.0,2.93,Received
PO-000733,SUP-04,SKU-00021,WH-WA,2025-09-24,2025-10-12,2025-10-13,108.0,108.0,2.1,Late
PO-000734,SUP-05,SKU-00017,WH-NSW,2025-09-25,2025-10-04,2025-10-04,184.0,184.0,1.83,Received
PO-000735,SUP-07,SKU-00022,WH-NSW,2025-09-25,2025-10-03,2025-10-04,174.0,174.0,3.85,Late
PO-000736,SUP-05,SKU-00023,WH-NSW,2025-09-25,2025-10-04,2025-10-06,278.0,278.0,2.48,Late
PO-000737,SUP-06,SKU-00019,WH-QLD,2025-09-25,2025-09-29,2025-09-29,235.0,235.0,5.36,Received
PO-000738,SUP-07,SKU-00020,WH-VIC,2025-09-25,2025-10-15,2025-10-15,270.0,270.0,5.2,Received
PO-000739,SUP-04,SKU-00005,WH-WA,2025-09-25,2025-10-13,2025-10-13,65.0,65.0,2.29,Received
PO-000740,SUP-01,SKU-00015,WH-WA,2025-09-25,2025-09-29,2025-09-28,86.0,86.0,2.27,Received
PO-000741,SUP-07,SKU-00022,WH-WA,2025-09-25,2025-10-03,2025-10-03,51.0,51.0,3.85,Received
PO-000742,SUP-02,SKU-00004,WH-NSW,2025-09-26,2025-10-15,2025-10-15,93.0,93.0,5.29,Received
PO-000743,SUP-05,SKU-00007,WH-QLD,2025-09-26,2025-10-05,2025-10-05,344.0,344.0,2.62,Received
PO-000744,SUP-02,SKU-00018,WH-VIC,2025-09-26,2025-10-06,2025-10-07,382.0,382.0,2.32,Late
PO-000745,SUP-05,SKU-00007,WH-WA,2025-09-26,2025-10-05,2025-10-07,100.0,100.0,2.62,Late
PO-000746,SUP-04,SKU-00011,WH-WA,2025-09-26,2025-10-14,2025-10-12,73.0,73.0,5.92,Received
PO-000747,SUP-06,SKU-00009,WH-NSW,2025-09-27,2025-10-01,2025-10-01,176.0,176.0,4.65,Received
PO-000748,SUP-03,SKU-00010,WH-NSW,2025-09-27,2025-10-16,2025-10-16,152.0,152.0,4.29,Received
PO-000749,SUP-07,SKU-00020,WH-NSW,2025-09-27,2025-10-17,2025-10-17,244.0,244.0,5.2,Received
PO-000750,SUP-04,SKU-00021,WH-NSW,2025-09-27,2025-10-15,2025-10-14,62.0,62.0,2.1,Received
PO-000751,SUP-02,SKU-00008,WH-QLD,2025-09-27,2025-10-07,2025-10-06,455.0,455.0,1.67,Received
PO-000752,SUP-05,SKU-00013,WH-QLD,2025-09-27,2025-10-06,2025-10-07,444.0,444.0,2.42,Late
PO-000753,SUP-02,SKU-00002,WH-VIC,2025-09-27,2025-10-07,2025-10-07,525.0,525.0,2.21,Received
PO-000754,SUP-06,SKU-00003,WH-VIC,2025-09-27,2025-10-01,2025-10-01,214.0,214.0,5.99,Received
PO-000755,SUP-07,SKU-00006,WH-VIC,2025-09-27,2025-10-05,2025-10-05,71.0,71.0,4.07,Received
PO-000756,SUP-05,SKU-00001,WH-WA,2025-09-27,2025-10-06,2025-10-06,198.0,198.0,1.57,Received
PO-000757,SUP-06,SKU-00009,WH-WA,2025-09-27,2025-10-01,2025-10-01,124.0,124.0,4.65,Received
PO-000758,SUP-02,SKU-00018,WH-WA,2025-09-27,2025-10-07,2025-10-06,247.0,247.0,2.32,Received
PO-000759,SUP-01,SKU-00015,WH-NSW,2025-09-28,2025-10-02,2025-10-03,126.0,126.0,2.27,Late
PO-000760,SUP-05,SKU-00001,WH-QLD,2025-09-28,2025-10-07,2025-10-05,232.0,232.0,1.57,Received
PO-000761,SUP-02,SKU-00014,WH-QLD,2025-09-28,2025-10-08,2025-10-09,118.0,118.0,4.12,Late
PO-000762,SUP-07,SKU-00022,WH-QLD,2025-09-28,2025-10-06,2025-10-06,60.0,60.0,3.85,Received
PO-000763,SUP-06,SKU-00009,WH-VIC,2025-09-28,2025-10-02,2025-10-02,96.0,96.0,4.65,Received
PO-000764,SUP-01,SKU-00015,WH-VIC,2025-09-28,2025-10-02,2025-10-05,187.0,187.0,2.27,Late
PO-000765,SUP-06,SKU-00019,WH-VIC,2025-09-28,2025-10-02,2025-10-02,165.0,165.0,5.36,Received
PO-000766,SUP-02,SKU-00014,WH-WA,2025-09-28,2025-10-08,2025-10-08,141.0,141.0,4.12,Received
PO-000767,SUP-06,SKU-00003,WH-NSW,2025-09-29,2025-10-03,2025-10-03,215.0,215.0,5.99,Received
PO-000768,SUP-07,SKU-00006,WH-NSW,2025-09-29,2025-10-07,2025-10-07,106.0,106.0,4.07,Received
PO-000769,SUP-07,SKU-00012,WH-NSW,2025-09-29,2025-10-07,2025-10-07,51.0,51.0,2.93,Received
PO-000770,SUP-07,SKU-00006,WH-WA,2025-09-29,2025-10-07,2025-10-09,82.0,82.0,4.07,Late
PO-000771,SUP-05,SKU-00023,WH-WA,2025-09-29,2025-10-08,2025-10-06,109.0,109.0,2.48,Received
PO-000772,SUP-02,SKU-00002,WH-NSW,2025-09-30,2025-10-10,2025-10-10,375.0,375.0,2.21,Received
PO-000773,SUP-02,SKU-00004,WH-QLD,2025-09-30,2025-10-19,2025-10-19,167.0,167.0,5.29,Received
PO-000774,SUP-07,SKU-00006,WH-QLD,2025-09-30,2025-10-08,2025-10-08,157.0,157.0,4.07,Received
PO-000775,SUP-06,SKU-00009,WH-QLD,2025-09-30,2025-10-04,2025-10-04,102.0,102.0,4.65,Received
PO-000776,SUP-07,SKU-00012,WH-QLD,2025-09-30,2025-10-08,2025-10-09,81.0,81.0,2.93,Late
PO-000777,SUP-05,SKU-00017,WH-QLD,2025-09-30,2025-10-09,2025-10-07,415.0,415.0,1.83,Received
PO-000778,SUP-06,SKU-00019,WH-QLD,2025-09-30,2025-10-04,2025-10-03,189.0,189.0,5.36,Received
PO-000779,SUP-02,SKU-00008,WH-VIC,2025-09-30,2025-10-10,2025-10-10,333.0,333.0,1.67,Received
PO-000780,SUP-02,SKU-00014,WH-VIC,2025-09-30,2025-10-10,2025-10-10,275.0,275.0,4.12,Received
PO-000781,SUP-02,SKU-00016,WH-NSW,2025-10-01,2025-10-20,2025-10-20,83.0,83.0,2.03,Received
PO-000782,SUP-06,SKU-00019,WH-NSW,2025-10-01,2025-10-05,2025-10-04,179.0,179.0,5.36,Received
PO-000783,SUP-04,SKU-00005,WH-QLD,2025-10-01,2025-10-19,2025-10-21,139.0,139.0,2.29,Late
PO-000784,SUP-04,SKU-00011,WH-QLD,2025-10-01,2025-10-19,2025-10-19,101.0,101.0,5.92,Received
PO-000785,SUP-01,SKU-00015,WH-QLD,2025-10-01,2025-10-05,2025-10-08,93.0,93.0,2.27,Late
PO-000786,SUP-02,SKU-00018,WH-QLD,2025-10-01,2025-10-11,2025-10-11,308.0,308.0,2.32,Received
PO-000787,SUP-06,SKU-00003,WH-WA,2025-10-01,2025-10-05,2025-10-06,76.0,76.0,5.99,Late
PO-000788,SUP-01,SKU-00015,WH-WA,2025-10-01,2025-10-05,2025-10-05,87.0,87.0,2.27,Received
PO-000789,SUP-02,SKU-00016,WH-WA,2025-10-01,2025-10-20,2025-10-20,54.0,54.0,2.03,Received
PO-000790,SUP-06,SKU-00019,WH-WA,2025-10-01,2025-10-05,2025-10-05,58.0,58.0,5.36,Received
PO-000791,SUP-05,SKU-00007,WH-NSW,2025-10-02,2025-10-11,2025-10-13,267.0,267.0,2.62,Late
PO-000792,SUP-04,SKU-00011,WH-NSW,2025-10-02,2025-10-20,2025-10-18,109.0,109.0,5.92,Received
PO-000793,SUP-02,SKU-00014,WH-NSW,2025-10-02,2025-10-12,2025-10-11,354.0,354.0,4.12,Received
PO-000794,SUP-06,SKU-00003,WH-QLD,2025-10-02,2025-10-06,2025-10-04,114.0,114.0,5.99,Received
PO-000795,SUP-07,SKU-00020,WH-QLD,2025-10-02,2025-10-22,2025-10-20,296.0,296.0,5.2,Received
PO-000796,SUP-05,SKU-00001,WH-VIC,2025-10-02,2025-10-11,2025-10-10,336.0,336.0,1.57,Received
PO-000797,SUP-04,SKU-00011,WH-VIC,2025-10-02,2025-10-20,2025-10-23,126.0,126.0,5.92,Late
PO-000798,SUP-05,SKU-00023,WH-VIC,2025-10-02,2025-10-11,2025-10-10,216.0,216.0,2.48,Received
PO-000799,SUP-02,SKU-00002,WH-WA,2025-10-02,2025-10-12,2025-10-11,53.0,53.0,2.21,Received
PO-000800,SUP-05,SKU-00013,WH-WA,2025-10-02,2025-10-11,2025-10-12,198.0,198.0,2.42,Late
PO-000801,SUP-07,SKU-00020,WH-WA,2025-10-02,2025-10-22,2025-10-23,144.0,144.0,5.2,Late
PO-000802,SUP-02,SKU-00018,WH-NSW,2025-10-03,2025-10-13,2025-10-13,251.0,251.0,2.32,Received
PO-000803,SUP-05,SKU-00023,WH-QLD,2025-10-03,2025-10-12,2025-10-10,307.0,307.0,2.48,Received
PO-000804,SUP-02,SKU-00004,WH-VIC,2025-10-03,2025-10-22,2025-10-23,317.0,317.0,5.29,Late
PO-000805,SUP-01,SKU-00015,WH-VIC,2025-10-03,2025-10-07,2025-10-08,227.0,227.0,2.27,Late
PO-000806,SUP-06,SKU-00019,WH-VIC,2025-10-03,2025-10-07,2025-10-07,148.0,148.0,5.36,Received
PO-000807,SUP-02,SKU-00024,WH-VIC,2025-10-03,2025-10-13,2025-10-13,368.0,368.0,1.36,Received
PO-000808,SUP-06,SKU-00009,WH-WA,2025-10-03,2025-10-07,2025-10-07,104.0,104.0,4.65,Received
PO-000809,SUP-05,SKU-00017,WH-WA,2025-10-03,2025-10-12,2025-10-12,189.0,189.0,1.83,Received
PO-000810,SUP-02,SKU-00024,WH-WA,2025-10-03,2025-10-13,2025-10-13,56.0,56.0,1.36,Received
PO-000811,SUP-06,SKU-00009,WH-NSW,2025-10-04,2025-10-08,2025-10-08,235.0,235.0,4.65,Received
PO-000812,SUP-05,SKU-00017,WH-NSW,2025-10-04,2025-10-13,2025-10-13,137.0,137.0,1.83,Received
PO-000813,SUP-07,SKU-00022,WH-NSW,2025-10-04,2025-10-12,2025-10-13,183.0,183.0,3.85,Late
PO-000814,SUP-02,SKU-00024,WH-NSW,2025-10-04,2025-10-14,2025-10-14,221.0,221.0,1.36,Received
PO-000815,SUP-02,SKU-00002,WH-QLD,2025-10-04,2025-10-14,2025-10-14,258.0,258.0,2.21,Received
PO-000816,SUP-03,SKU-00010,WH-QLD,2025-10-04,2025-10-23,2025-10-24,202.0,202.0,4.29,Late
PO-000817,SUP-06,SKU-00003,WH-VIC,2025-10-04,2025-10-08,2025-10-08,208.0,208.0,5.99,Received
PO-000818,SUP-04,SKU-00005,WH-VIC,2025-10-04,2025-10-22,2025-10-22,72.0,72.0,2.29,Received
PO-000819,SUP-03,SKU-00010,WH-VIC,2025-10-04,2025-10-23,2025-10-22,298.0,298.0,4.29,Received
PO-000820,SUP-07,SKU-00022,WH-VIC,2025-10-04,2025-10-12,2025-10-11,77.0,77.0,3.85,Received
PO-000821,SUP-03,SKU-00010,WH-WA,2025-10-04,2025-10-23,2025-10-23,139.0,139.0,4.29,Received
PO-000822,SUP-07,SKU-00012,WH-WA,2025-10-04,2025-10-12,2025-10-12,83.0,83.0,2.93,Received
PO-000823,SUP-02,SKU-00008,WH-NSW,2025-10-05,2025-10-15,2025-10-17,187.0,187.0,1.67,Late
PO-000824,SUP-01,SKU-00015,WH-NSW,2025-10-05,2025-10-09,2025-10-09,175.0,175.0,2.27,Received
PO-000825,SUP-05,SKU-00023,WH-NSW,2025-10-05,2025-10-14,2025-10-15,271.0,271.0,2.48,Late
PO-000826,SUP-06,SKU-00019,WH-QLD,2025-10-05,2025-10-09,2025-10-09,221.0,221.0,5.36,Received
PO-000827,SUP-07,SKU-00022,WH-QLD,2025-10-05,2025-10-13,2025-10-13,56.0,56.0,3.85,Received
PO-000828,SUP-07,SKU-00006,WH-VIC,2025-10-05,2025-10-13,2025-10-14,69.0,69.0,4.07,Late
PO-000829,SUP-05,SKU-00007,WH-VIC,2025-10-05,2025-10-14,2025-10-16,336.0,336.0,2.62,Late
PO-000830,SUP-05,SKU-00013,WH-VIC,2025-10-05,2025-10-14,2025-10-14,261.0,261.0,2.42,Received
PO-000831,SUP-05,SKU-00017,WH-VIC,2025-10-05,2025-10-14,2025-10-13,203.0,203.0,1.83,Received
PO-000832,SUP-04,SKU-00021,WH-VIC,2025-10-05,2025-10-23,2025-10-25,142.0,142.0,2.1,Late
PO-000833,SUP-02,SKU-00004,WH-WA,2025-10-05,2025-10-24,2025-10-24,85.0,85.0,5.29,Received
PO-000834,SUP-05,SKU-00007,WH-WA,2025-10-05,2025-10-14,2025-10-13,97.0,97.0,2.62,Received
PO-000835,SUP-05,SKU-00001,WH-NSW,2025-10-06,2025-10-15,2025-10-19,173.0,173.0,1.57,Late
PO-000836,SUP-06,SKU-00003,WH-NSW,2025-10-06,2025-10-10,2025-10-10,224.0,224.0,5.99,Received
PO-000837,SUP-05,SKU-00007,WH-QLD,2025-10-06,2025-10-15,2025-10-18,368.0,368.0,2.62,Late
PO-000838,SUP-06,SKU-00009,WH-VIC,2025-10-06,2025-10-10,2025-10-11,91.0,91.0,4.65,Late
PO-000839,SUP-02,SKU-00016,WH-VIC,2025-10-06,2025-10-25,2025-10-25,75.0,75.0,2.03,Received
PO-000840,SUP-02,SKU-00018,WH-WA,2025-10-06,2025-10-16,2025-10-15,185.0,185.0,2.32,Received
PO-000841,SUP-07,SKU-00006,WH-NSW,2025-10-07,2025-10-15,2025-10-13,129.0,129.0,4.07,Received
PO-000842,SUP-05,SKU-00013,WH-NSW,2025-10-07,2025-10-16,2025-10-17,192.0,192.0,2.42,Late
PO-000843,SUP-07,SKU-00006,WH-QLD,2025-10-07,2025-10-15,2025-10-14,161.0,161.0,4.07,Received
PO-000844,SUP-07,SKU-00012,WH-QLD,2025-10-07,2025-10-15,2025-10-15,79.0,79.0,2.93,Received
PO-000845,SUP-05,SKU-00017,WH-QLD,2025-10-07,2025-10-16,2025-10-16,356.0,356.0,1.83,Received
PO-000846,SUP-05,SKU-00001,WH-WA,2025-10-07,2025-10-16,2025-10-16,172.0,172.0,1.57,Received
PO-000847,SUP-02,SKU-00014,WH-WA,2025-10-07,2025-10-17,2025-10-17,152.0,152.0,4.12,Received
PO-000848,SUP-01,SKU-00015,WH-WA,2025-10-07,2025-10-11,2025-10-11,76.0,76.0,2.27,Received
PO-000849,SUP-04,SKU-00021,WH-WA,2025-10-07,2025-10-25,2025-10-25,101.0,101.0,2.1,Received
PO-000850,SUP-07,SKU-00022,WH-WA,2025-10-07,2025-10-15,2025-10-17,75.0,75.0,3.85,Late
PO-000851,SUP-05,SKU-00023,WH-WA,2025-10-07,2025-10-16,2025-10-14,83.0,83.0,2.48,Received
PO-000852,SUP-06,SKU-00019,WH-NSW,2025-10-08,2025-10-12,2025-10-13,136.0,97.0,5.36,Late
PO-000853,SUP-02,SKU-00008,WH-QLD,2025-10-08,2025-10-18,2025-10-18,420.0,420.0,1.67,Received
PO-000854,SUP-06,SKU-00009,WH-QLD,2025-10-08,2025-10-12,2025-10-13,110.0,110.0,4.65,Late
PO-000855,SUP-05,SKU-00013,WH-QLD,2025-10-08,2025-10-17,2025-10-21,425.0,425.0,2.42,Late
PO-000856,SUP-01,SKU-00015,WH-QLD,2025-10-08,2025-10-12,2025-10-10,99.0,99.0,2.27,Received
PO-000857,SUP-04,SKU-00021,WH-QLD,2025-10-08,2025-10-26,2025-10-26,137.0,137.0,2.1,Received
PO-000858,SUP-02,SKU-00002,WH-VIC,2025-10-08,2025-10-18,2025-10-19,443.0,443.0,2.21,Late
PO-000859,SUP-02,SKU-00018,WH-VIC,2025-10-08,2025-10-18,2025-10-18,386.0,386.0,2.32,Received
PO-000860,SUP-06,SKU-00003,WH-WA,2025-10-08,2025-10-12,2025-10-12,73.0,73.0,5.99,Received
PO-000861,SUP-07,SKU-00006,WH-WA,2025-10-08,2025-10-16,2025-10-17,84.0,84.0,4.07,Late
PO-000862,SUP-06,SKU-00009,WH-WA,2025-10-08,2025-10-12,2025-10-12,121.0,121.0,4.65,Received
PO-000863,SUP-02,SKU-00004,WH-NSW,2025-10-09,2025-10-28,2025-10-28,100.0,100.0,5.29,Received
PO-000864,SUP-07,SKU-00012,WH-NSW,2025-10-09,2025-10-17,2025-10-19,57.0,57.0,2.93,Late
PO-000865,SUP-05,SKU-00001,WH-QLD,2025-10-09,2025-10-18,2025-10-17,214.0,214.0,1.57,Received
PO-000866,SUP-01,SKU-00015,WH-VIC,2025-10-09,2025-10-13,2025-10-11,227.0,227.0,2.27,Received
PO-000867,SUP-07,SKU-00020,WH-VIC,2025-10-09,2025-10-29,2025-10-29,259.0,259.0,5.2,Received
PO-000868,SUP-04,SKU-00011,WH-WA,2025-10-09,2025-10-27,2025-10-27,68.0,68.0,5.92,Received
PO-000869,SUP-05,SKU-00017,WH-WA,2025-10-09,2025-10-18,2025-10-18,181.0,162.0,1.83,Received
PO-000870,SUP-06,SKU-00003,WH-QLD,2025-10-10,2025-10-14,2025-10-15,119.0,119.0,5.99,Late
PO-000871,SUP-02,SKU-00004,WH-QLD,2025-10-10,2025-10-29,2025-10-30,186.0,186.0,5.29,Late
PO-000872,SUP-02,SKU-00014,WH-QLD,2025-10-10,2025-10-20,2025-10-20,113.0,113.0,4.12,Received
PO-000873,SUP-02,SKU-00016,WH-QLD,2025-10-10,2025-10-29,2025-10-29,259.0,259.0,2.03,Received
PO-000874,SUP-02,SKU-00014,WH-VIC,2025-10-10,2025-10-20,2025-10-21,291.0,291.0,4.12,Late
PO-000875,SUP-06,SKU-00019,WH-VIC,2025-10-10,2025-10-14,2025-10-13,200.0,200.0,5.36,Received
PO-000876,SUP-04,SKU-00005,WH-WA,2025-10-10,2025-10-28,2025-10-28,68.0,68.0,2.29,Received
PO-000877,SUP-05,SKU-00013,WH-WA,2025-10-10,2025-10-19,2025-10-19,219.0,219.0,2.42,Received
PO-000878,SUP-02,SKU-00002,WH-NSW,2025-10-11,2025-10-21,2025-10-21,321.0,321.0,2.21,Received
PO-000879,SUP-06,SKU-00009,WH-NSW,2025-10-11,2025-10-15,2025-10-15,186.0,186.0,4.65,Received
PO-000880,SUP-03,SKU-00010,WH-NSW,2025-10-11,2025-10-30,2025-10-30,150.0,150.0,4.29,Received
PO-000881,SUP-02,SKU-00014,WH-NSW,2025-10-11,2025-10-21,2025-10-21,329.0,329.0,4.12,Received
PO-000882,SUP-06,SKU-00019,WH-QLD,2025-10-11,2025-10-15,2025-10-15,201.0,201.0,5.36,Received
PO-000883,SUP-02,SKU-00008,WH-VIC,2025-10-11,2025-10-21,2025-10-20,299.0,299.0,1.67,Received
PO-000884,SUP-06,SKU-00019,WH-WA,2025-10-11,2025-10-15,2025-10-15,63.0,63.0,5.36,Received
PO-000885,SUP-01,SKU-00015,WH-NSW,2025-10-12,2025-10-16,2025-10-14,139.0,139.0,2.27,Received
PO-000886,SUP-05,SKU-00017,WH-NSW,2025-10-12,2025-10-21,2025-10-23,169.0,169.0,1.83,Late
PO-000887,SUP-07,SKU-00020,WH-NSW,2025-10-12,2025-11-01,2025-11-01,246.0,246.0,5.2,Received
PO-000888,SUP-07,SKU-00022,WH-NSW,2025-10-12,2025-10-20,2025-10-20,153.0,153.0,3.85,Received
PO-000889,SUP-02,SKU-00018,WH-QLD,2025-10-12,2025-10-22,2025-10-22,312.0,312.0,2.32,Received
PO-000890,SUP-05,SKU-00023,WH-QLD,2025-10-12,2025-10-21,2025-10-21,350.0,350.0,2.48,Received
PO-000891,SUP-05,SKU-00001,WH-VIC,2025-10-12,2025-10-21,2025-10-24,236.0,236.0,1.57,Late
PO-000892,SUP-06,SKU-00003,WH-VIC,2025-10-12,2025-10-16,2025-10-16,212.0,212.0,5.99,Received
PO-000893,SUP-02,SKU-00004,WH-VIC,2025-10-12,2025-10-31,2025-11-01,262.0,262.0,5.29,Late
PO-000894,SUP-05,SKU-00017,WH-VIC,2025-10-12,2025-10-21,2025-10-23,141.0,141.0,1.83,Late
PO-000895,SUP-02,SKU-00024,WH-VIC,2025-10-12,2025-10-22,2025-10-22,329.0,329.0,1.36,Received
PO-000896,SUP-07,SKU-00012,WH-WA,2025-10-12,2025-10-20,2025-10-22,55.0,55.0,2.93,Late
PO-000897,SUP-06,SKU-00019,WH-NSW,2025-10-13,2025-10-17,2025-10-17,148.0,148.0,5.36,Received
PO-000898,SUP-02,SKU-00002,WH-QLD,2025-10-13,2025-10-23,2025-10-23,232.0,232.0,2.21,Received
PO-000899,SUP-05,SKU-00017,WH-QLD,2025-10-13,2025-10-22,2025-10-21,400.0,400.0,1.83,Received
PO-000900,SUP-07,SKU-00022,WH-QLD,2025-10-13,2025-10-21,2025-10-21,59.0,59.0,3.85,Received
PO-000901,SUP-05,SKU-00007,WH-VIC,2025-10-13,2025-10-22,2025-10-23,247.0,247.0,2.62,Late
PO-000902,SUP-06,SKU-00009,WH-VIC,2025-10-13,2025-10-17,2025-10-16,106.0,106.0,4.65,Received
PO-000903,SUP-06,SKU-00009,WH-WA,2025-10-13,2025-10-17,2025-10-17,116.0,116.0,4.65,Received
PO-000904,SUP-01,SKU-00015,WH-WA,2025-10-13,2025-10-17,2025-10-18,82.0,82.0,2.27,Late
PO-000905,SUP-06,SKU-00003,WH-NSW,2025-10-14,2025-10-18,2025-10-18,214.0,214.0,5.99,Received
PO-000906,SUP-04,SKU-00005,WH-NSW,2025-10-14,2025-11-01,2025-11-01,67.0,67.0,2.29,Received
PO-000907,SUP-05,SKU-00007,WH-NSW,2025-10-14,2025-10-23,2025-10-23,254.0,254.0,2.62,Received
PO-000908,SUP-02,SKU-00024,WH-NSW,2025-10-14,2025-10-24,2025-10-24,228.0,228.0,1.36,Received
PO-000909,SUP-07,SKU-00006,WH-QLD,2025-10-14,2025-10-22,2025-10-23,154.0,154.0,4.07,Late
PO-000910,SUP-07,SKU-00006,WH-VIC,2025-10-14,2025-10-22,2025-10-25,76.0,76.0,4.07,Late
PO-000911,SUP-01,SKU-00015,WH-VIC,2025-10-14,2025-10-18,2025-10-18,212.0,212.0,2.27,Received
PO-000912,SUP-05,SKU-00023,WH-WA,2025-10-14,2025-10-23,2025-10-23,81.0,81.0,2.48,Received
PO-000913,SUP-06,SKU-00009,WH-NSW,2025-10-15,2025-10-19,2025-10-19,162.0,162.0,4.65,Received
PO-000914,SUP-04,SKU-00011,WH-NSW,2025-10-15,2025-11-02,2025-11-04,108.0,108.0,5.92,Late
PO-000915,SUP-01,SKU-00015,WH-QLD,2025-10-15,2025-10-19,2025-10-19,92.0,92.0,2.27,Received
PO-000916,SUP-06,SKU-00019,WH-QLD,2025-10-15,2025-10-19,2025-10-20,179.0,179.0,5.36,Late
PO-000917,SUP-07,SKU-00020,WH-QLD,2025-10-15,2025-11-04,2025-11-05,278.0,278.0,5.2,Late
PO-000918,SUP-05,SKU-00013,WH-VIC,2025-10-15,2025-10-24,2025-10-24,269.0,269.0,2.42,Received
PO-000919,SUP-07,SKU-00022,WH-VIC,2025-10-15,2025-10-23,2025-10-23,100.0,100.0,3.85,Received
PO-000920,SUP-05,SKU-00023,WH-VIC,2025-10-15,2025-10-24,2025-10-23,197.0,197.0,2.48,Received
PO-000921,SUP-06,SKU-00003,WH-WA,2025-10-15,2025-10-19,2025-10-19,63.0,63.0,5.99,Received
PO-000922,SUP-02,SKU-00004,WH-WA,2025-10-15,2025-11-03,2025-11-03,68.0,68.0,5.29,Received
PO-000923,SUP-05,SKU-00017,WH-WA,2025-10-15,2025-10-24,2025-10-24,171.0,171.0,1.83,Received
PO-000924,SUP-02,SKU-00024,WH-WA,2025-10-15,2025-10-25,2025-10-25,53.0,53.0,1.36,Received
PO-000925,SUP-02,SKU-00016,WH-NSW,2025-10-16,2025-11-04,2025-11-04,81.0,81.0,2.03,Received
PO-000926,SUP-02,SKU-00018,WH-NSW,2025-10-16,2025-10-26,2025-10-26,238.0,238.0,2.32,Received
PO-000927,SUP-04,SKU-00021,WH-NSW,2025-10-16,2025-11-03,2025-11-04,64.0,64.0,2.1,Late
PO-000928,SUP-05,SKU-00001,WH-QLD,2025-10-16,2025-10-25,2025-10-24,163.0,163.0,1.57,Received
PO-000929,SUP-05,SKU-00007,WH-QLD,2025-10-16,2025-10-25,2025-10-26,362.0,362.0,2.62,Late
PO-000930,SUP-04,SKU-00011,WH-QLD,2025-10-16,2025-11-03,2025-11-03,93.0,93.0,5.92,Received
PO-000931,SUP-05,SKU-00013,WH-QLD,2025-10-16,2025-10-25,2025-10-24,440.0,440.0,2.42,Received
PO-000932,SUP-04,SKU-00011,WH-VIC,2025-10-16,2025-11-03,2025-11-04,124.0,124.0,5.92,Late
PO-000933,SUP-02,SKU-00014,WH-WA,2025-10-16,2025-10-26,2025-10-26,148.0,148.0,4.12,Received
PO-000934,SUP-02,SKU-00016,WH-WA,2025-10-16,2025-11-04,2025-11-05,56.0,56.0,2.03,Late
PO-000935,SUP-02,SKU-00018,WH-WA,2025-10-16,2025-10-26,2025-10-26,231.0,231.0,2.32,Received
PO-000936,SUP-05,SKU-00001,WH-NSW,2025-10-17,2025-10-26,2025-10-27,153.0,153.0,1.57,Late
PO-000937,SUP-07,SKU-00006,WH-NSW,2025-10-17,2025-10-25,2025-10-28,131.0,131.0,4.07,Late
PO-000938,SUP-02,SKU-00008,WH-NSW,2025-10-17,2025-10-27,2025-10-28,187.0,187.0,1.67,Late
PO-000939,SUP-05,SKU-00023,WH-NSW,2025-10-17,2025-10-26,2025-10-24,283.0,283.0,2.48,Received
PO-000940,SUP-06,SKU-00003,WH-QLD,2025-10-17,2025-10-21,2025-10-22,116.0,116.0,5.99,Late
PO-000941,SUP-04,SKU-00005,WH-QLD,2025-10-17,2025-11-04,2025-11-07,135.0,135.0,2.29,Late
PO-000942,SUP-02,SKU-00008,WH-QLD,2025-10-17,2025-10-27,2025-10-27,417.0,417.0,1.67,Received
PO-000943,SUP-02,SKU-00002,WH-VIC,2025-10-17,2025-10-27,2025-10-26,446.0,446.0,2.21,Received
PO-000944,SUP-06,SKU-00019,WH-VIC,2025-10-17,2025-10-21,2025-10-21,169.0,169.0,5.36,Received
PO-000945,SUP-02,SKU-00002,WH-WA,2025-10-17,2025-10-27,2025-10-27,58.0,58.0,2.21,Received
PO-000946,SUP-05,SKU-00007,WH-WA,2025-10-17,2025-10-26,2025-10-28,135.0,135.0,2.62,Late
PO-000947,SUP-07,SKU-00022,WH-WA,2025-10-17,2025-10-25,2025-10-24,73.0,73.0,3.85,Received
PO-000948,SUP-05,SKU-00013,WH-NSW,2025-10-18,2025-10-27,2025-10-27,195.0,195.0,2.42,Received
PO-000949,SUP-06,SKU-00009,WH-QLD,2025-10-18,2025-10-22,2025-10-23,100.0,100.0,4.65,Late
PO-000950,SUP-05,SKU-00017,WH-QLD,2025-10-18,2025-10-27,2025-10-26,364.0,364.0,1.83,Received
PO-000951,SUP-02,SKU-00008,WH-VIC,2025-10-18,2025-10-28,2025-10-28,276.0,276.0,1.67,Received
PO-000952,SUP-02,SKU-00016,WH-VIC,2025-10-18,2025-11-06,2025-11-06,72.0,72.0,2.03,Received
PO-000953,SUP-05,SKU-00017,WH-VIC,2025-10-18,2025-10-27,2025-10-27,153.0,153.0,1.83,Received
PO-000954,SUP-05,SKU-00001,WH-WA,2025-10-18,2025-10-27,2025-10-28,205.0,205.0,1.57,Late
PO-000955,SUP-07,SKU-00006,WH-WA,2025-10-18,2025-10-26,2025-10-26,118.0,118.0,4.07,Received
PO-000956,SUP-07,SKU-00020,WH-WA,2025-10-18,2025-11-07,2025-11-07,122.0,122.0,5.2,Received
PO-000957,SUP-06,SKU-00003,WH-NSW,2025-10-19,2025-10-23,2025-10-24,158.0,158.0,5.99,Late
PO-000958,SUP-01,SKU-00015,WH-NSW,2025-10-19,2025-10-23,2025-10-21,195.0,195.0,2.27,Received
PO-000959,SUP-05,SKU-00017,WH-NSW,2025-10-19,2025-10-28,2025-11-01,133.0,133.0,1.83,Late
PO-000960,SUP-06,SKU-00019,WH-NSW,2025-10-19,2025-10-23,2025-10-23,131.0,131.0,5.36,Received
PO-000961,SUP-03,SKU-00010,WH-QLD,2025-10-19,2025-11-07,2025-11-06,217.0,217.0,4.29,Received
PO-000962,SUP-07,SKU-00012,WH-QLD,2025-10-19,2025-10-27,2025-10-28,121.0,121.0,2.93,Late
PO-000963,SUP-04,SKU-00005,WH-VIC,2025-10-19,2025-11-06,2025-11-04,63.0,63.0,2.29,Received
PO-000964,SUP-03,SKU-00010,WH-VIC,2025-10-19,2025-11-07,2025-11-06,302.0,302.0,4.29,Received
PO-000965,SUP-04,SKU-00021,WH-VIC,2025-10-19,2025-11-06,2025-11-04,153.0,153.0,2.1,Received
PO-000966,SUP-03,SKU-00010,WH-WA,2025-10-19,2025-11-07,2025-11-06,137.0,137.0,4.29,Received
PO-000967,SUP-04,SKU-00021,WH-WA,2025-10-19,2025-11-06,2025-11-05,103.0,103.0,2.1,Received
PO-000968,SUP-02,SKU-00002,WH-NSW,2025-10-20,2025-10-30,2025-10-31,365.0,365.0,2.21,Late
PO-000969,SUP-02,SKU-00004,WH-NSW,2025-10-20,2025-11-08,2025-11-08,88.0,88.0,5.29,Received
PO-000970,SUP-02,SKU-00018,WH-QLD,2025-10-20,2025-10-30,2025-10-30,292.0,292.0,2.32,Received
PO-000971,SUP-06,SKU-00003,WH-VIC,2025-10-20,2025-10-24,2025-10-24,164.0,164.0,5.99,Received
PO-000972,SUP-06,SKU-00009,WH-VIC,2025-10-20,2025-10-24,2025-10-24,99.0,99.0,4.65,Received
PO-000973,SUP-02,SKU-00014,WH-VIC,2025-10-20,2025-10-30,2025-10-30,345.0,345.0,4.12,Received
PO-000974,SUP-01,SKU-00015,WH-VIC,2025-10-20,2025-10-24,2025-10-26,220.0,220.0,2.27,Late
PO-000975,SUP-02,SKU-00018,WH-VIC,2025-10-20,2025-10-30,2025-10-29,395.0,395.0,2.32,Received
PO-000976,SUP-06,SKU-00009,WH-WA,2025-10-20,2025-10-24,2025-10-23,121.0,121.0,4.65,Received
PO-000977,SUP-07,SKU-00012,WH-WA,2025-10-20,2025-10-28,2025-10-27,71.0,71.0,2.93,Received
PO-000978,SUP-01,SKU-00015,WH-WA,2025-10-20,2025-10-24,2025-10-22,81.0,81.0,2.27,Received
PO-000979,SUP-07,SKU-00012,WH-NSW,2025-10-21,2025-10-29,2025-10-29,56.0,56.0,2.93,Received
PO-000980,SUP-02,SKU-00014,WH-NSW,2025-10-21,2025-10-31,2025-10-30,360.0,360.0,4.12,Received
PO-000981,SUP-07,SKU-00022,WH-NSW,2025-10-21,2025-10-29,2025-10-29,173.0,173.0,3.85,Received
PO-000982,SUP-07,SKU-00006,WH-QLD,2025-10-21,2025-10-29,2025-10-28,159.0,159.0,4.07,Received
PO-000983,SUP-02,SKU-00014,WH-QLD,2025-10-21,2025-10-31,2025-10-31,121.0,121.0,4.12,Received
PO-000984,SUP-07,SKU-00022,WH-QLD,2025-10-21,2025-10-29,2025-10-29,67.0,67.0,3.85,Received
PO-000985,SUP-02,SKU-00024,WH-VIC,2025-10-21,2025-10-31,2025-10-31,328.0,328.0,1.36,Received
PO-000986,SUP-04,SKU-00011,WH-WA,2025-10-21,2025-11-08,2025-11-09,71.0,71.0,5.92,Late
PO-000987,SUP-06,SKU-00019,WH-WA,2025-10-21,2025-10-25,2025-10-25,56.0,56.0,5.36,Received
PO-000988,SUP-05,SKU-00007,WH-NSW,2025-10-22,2025-10-31,2025-10-31,191.0,191.0,2.62,Received
PO-000989,SUP-01,SKU-00015,WH-QLD,2025-10-22,2025-10-26,2025-10-26,90.0,90.0,2.27,Received
PO-000990,SUP-05,SKU-00023,WH-QLD,2025-10-22,2025-10-31,2025-11-02,403.0,403.0,2.48,Late
PO-000991,SUP-05,SKU-00013,WH-WA,2025-10-22,2025-10-31,2025-10-30,229.0,229.0,2.42,Received
PO-000992,SUP-05,SKU-00017,WH-WA,2025-10-22,2025-10-31,2025-10-30,160.0,160.0,1.83,Received
PO-000993,SUP-06,SKU-00009,WH-NSW,2025-10-23,2025-10-27,2025-10-27,233.0,233.0,4.65,Received
PO-000994,SUP-02,SKU-00024,WH-NSW,2025-10-23,2025-11-02,2025-11-02,220.0,220.0,1.36,Received
PO-000995,SUP-02,SKU-00004,WH-QLD,2025-10-23,2025-11-11,2025-11-11,176.0,176.0,5.29,Received
PO-000996,SUP-05,SKU-00001,WH-VIC,2025-10-23,2025-11-01,2025-11-02,276.0,276.0,1.57,Late
PO-000997,SUP-05,SKU-00013,WH-VIC,2025-10-23,2025-11-01,2025-10-30,231.0,231.0,2.42,Received
PO-000998,SUP-03,SKU-00010,WH-NSW,2025-10-24,2025-11-12,2025-11-12,158.0,158.0,4.29,Received
PO-000999,SUP-02,SKU-00018,WH-NSW,2025-10-24,2025-11-03,2025-11-03,262.0,262.0,2.32,Received
PO-001000,SUP-06,SKU-00019,WH-NSW,2025-10-24,2025-10-28,2025-10-28,132.0,132.0,5.36,Received
PO-001001,SUP-06,SKU-00003,WH-QLD,2025-10-24,2025-10-28,2025-10-28,110.0,110.0,5.99,Received
PO-001002,SUP-05,SKU-00007,WH-QLD,2025-10-24,2025-11-02,2025-11-02,402.0,402.0,2.62,Received
PO-001003,SUP-05,SKU-00013,WH-QLD,2025-10-24,2025-11-02,2025-11-03,384.0,384.0,2.42,Late
PO-001004,SUP-02,SKU-00016,WH-QLD,2025-10-24,2025-11-12,2025-11-12,245.0,245.0,2.03,Received
PO-001005,SUP-06,SKU-00019,WH-QLD,2025-10-24,2025-10-28,2025-10-29,271.0,271.0,5.36,Late
PO-001006,SUP-04,SKU-00021,WH-QLD,2025-10-24,2025-11-11,2025-11-10,129.0,129.0,2.1,Received
PO-001007,SUP-07,SKU-00006,WH-VIC,2025-10-24,2025-11-01,2025-11-01,99.0,99.0,4.07,Received
PO-001008,SUP-06,SKU-00019,WH-VIC,2025-10-24,2025-10-28,2025-10-28,195.0,195.0,5.36,Received
PO-001009,SUP-06,SKU-00003,WH-WA,2025-10-24,2025-10-28,2025-10-29,67.0,67.0,5.99,Late
PO-001010,SUP-04,SKU-00005,WH-WA,2025-10-24,2025-11-11,2025-11-10,70.0,70.0,2.29,Received
PO-001011,SUP-01,SKU-00015,WH-WA,2025-10-24,2025-10-28,2025-10-28,79.0,79.0,2.27,Received
PO-001012,SUP-05,SKU-00023,WH-WA,2025-10-24,2025-11-02,2025-11-02,118.0,118.0,2.48,Received
PO-001013,SUP-06,SKU-00003,WH-NSW,2025-10-25,2025-10-29,2025-10-30,170.0,170.0,5.99,Late
PO-001014,SUP-07,SKU-00006,WH-NSW,2025-10-25,2025-11-02,2025-10-31,131.0,131.0,4.07,Received
PO-001015,SUP-05,SKU-00023,WH-NSW,2025-10-25,2025-11-03,2025-11-05,281.0,281.0,2.48,Late
PO-001016,SUP-02,SKU-00002,WH-QLD,2025-10-25,2025-11-04,2025-11-04,303.0,303.0,2.21,Received
PO-001017,SUP-06,SKU-00003,WH-VIC,2025-10-25,2025-10-29,2025-10-29,160.0,160.0,5.99,Received
PO-001018,SUP-02,SKU-00024,WH-WA,2025-10-25,2025-11-04,2025-11-03,60.0,48.0,1.36,Received
PO-001019,SUP-05,SKU-00001,WH-NSW,2025-10-26,2025-11-04,2025-11-07,167.0,167.0,1.57,Late
PO-001020,SUP-05,SKU-00013,WH-NSW,2025-10-26,2025-11-04,2025-11-02,149.0,149.0,2.42,Received
PO-001021,SUP-01,SKU-00015,WH-NSW,2025-10-26,2025-10-30,2025-10-30,179.0,179.0,2.27,Received
PO-001022,SUP-05,SKU-00001,WH-QLD,2025-10-26,2025-11-04,2025-11-03,245.0,245.0,1.57,Received
PO-001023,SUP-02,SKU-00008,WH-QLD,2025-10-26,2025-11-05,2025-11-05,416.0,416.0,1.67,Received
PO-001024,SUP-06,SKU-00009,WH-QLD,2025-10-26,2025-10-30,2025-10-31,100.0,100.0,4.65,Late
PO-001025,SUP-05,SKU-00007,WH-VIC,2025-10-26,2025-11-04,2025-11-04,341.0,341.0,2.62,Received
PO-001026,SUP-02,SKU-00008,WH-VIC,2025-10-26,2025-11-05,2025-11-05,275.0,275.0,1.67,Received
PO-001027,SUP-06,SKU-00009,WH-VIC,2025-10-26,2025-10-30,2025-10-31,93.0,93.0,4.65,Late
PO-001028,SUP-07,SKU-00020,WH-VIC,2025-10-26,2025-11-15,2025-11-15,271.0,271.0,5.2,Received
PO-001029,SUP-05,SKU-00007,WH-WA,2025-10-26,2025-11-04,2025-11-03,116.0,116.0,2.62,Received
PO-001030,SUP-06,SKU-00009,WH-WA,2025-10-26,2025-10-30,2025-10-31,151.0,151.0,4.65,Late
PO-001031,SUP-02,SKU-00014,WH-WA,2025-10-26,2025-11-05,2025-11-05,143.0,143.0,4.12,Received
PO-001032,SUP-07,SKU-00020,WH-NSW,2025-10-27,2025-11-16,2025-11-17,224.0,224.0,5.2,Late
PO-001033,SUP-05,SKU-00017,WH-QLD,2025-10-27,2025-11-05,2025-11-07,403.0,403.0,1.83,Late
PO-001034,SUP-02,SKU-00004,WH-VIC,2025-10-27,2025-11-15,2025-11-17,282.0,282.0,5.29,Late
PO-001035,SUP-01,SKU-00015,WH-VIC,2025-10-27,2025-10-31,2025-10-29,310.0,310.0,2.27,Received
PO-001036,SUP-07,SKU-00022,WH-VIC,2025-10-27,2025-11-04,2025-11-02,101.0,101.0,3.85,Received
PO-001037,SUP-05,SKU-00023,WH-VIC,2025-10-27,2025-11-05,2025-11-09,201.0,201.0,2.48,Late
PO-001038,SUP-05,SKU-00001,WH-WA,2025-10-27,2025-11-05,2025-11-05,222.0,222.0,1.57,Received
PO-001039,SUP-02,SKU-00018,WH-WA,2025-10-27,2025-11-06,2025-11-06,220.0,220.0,2.32,Received
PO-001040,SUP-07,SKU-00006,WH-QLD,2025-10-28,2025-11-05,2025-11-04,150.0,150.0,4.07,Received
PO-001041,SUP-02,SKU-00002,WH-VIC,2025-10-28,2025-11-07,2025-11-06,457.0,457.0,2.21,Received
PO-001042,SUP-07,SKU-00006,WH-WA,2025-10-28,2025-11-05,2025-11-04,89.0,89.0,4.07,Received
PO-001043,SUP-07,SKU-00012,WH-WA,2025-10-28,2025-11-05,2025-11-03,62.0,62.0,2.93,Received
PO-001044,SUP-07,SKU-00022,WH-WA,2025-10-28,2025-11-05,2025-11-03,63.0,63.0,3.85,Received
PO-001045,SUP-06,SKU-00003,WH-NSW,2025-10-29,2025-11-02,2025-11-02,157.0,157.0,5.99,Received
PO-001046,SUP-02,SKU-00008,WH-NSW,2025-10-29,2025-11-08,2025-11-07,196.0,178.0,1.67,Received
PO-001047,SUP-06,SKU-00009,WH-NSW,2025-10-29,2025-11-02,2025-11-01,177.0,177.0,4.65,Received
PO-001048,SUP-02,SKU-00016,WH-NSW,2025-10-29,2025-11-17,2025-11-17,78.0,78.0,2.03,Received
PO-001049,SUP-07,SKU-00012,WH-QLD,2025-10-29,2025-11-06,2025-11-07,117.0,117.0,2.93,Late
PO-001050,SUP-01,SKU-00015,WH-QLD,2025-10-29,2025-11-02,2025-11-06,98.0,98.0,2.27,Late
PO-001051,SUP-07,SKU-00022,WH-QLD,2025-10-29,2025-11-06,2025-11-06,62.0,62.0,3.85,Received
PO-001052,SUP-04,SKU-00011,WH-VIC,2025-10-29,2025-11-16,2025-11-15,131.0,131.0,5.92,Received
PO-001053,SUP-05,SKU-00017,WH-VIC,2025-10-29,2025-11-07,2025-11-09,194.0,194.0,1.83,Late
PO-001054,SUP-02,SKU-00002,WH-WA,2025-10-29,2025-11-08,2025-11-08,63.0,63.0,2.21,Received
PO-001055,SUP-02,SKU-00002,WH-NSW,2025-10-30,2025-11-09,2025-11-09,341.0,341.0,2.21,Received
PO-001056,SUP-05,SKU-00007,WH-NSW,2025-10-30,2025-11-08,2025-11-06,205.0,205.0,2.62,Received
PO-001057,SUP-04,SKU-00011,WH-NSW,2025-10-30,2025-11-17,2025-11-19,117.0,117.0,5.92,Late
PO-001058,SUP-02,SKU-00014,WH-NSW,2025-10-30,2025-11-09,2025-11-09,342.0,342.0,4.12,Received
PO-001059,SUP-07,SKU-00022,WH-NSW,2025-10-30,2025-11-07,2025-11-07,143.0,143.0,3.85,Received
PO-001060,SUP-04,SKU-00005,WH-QLD,2025-10-30,2025-11-17,2025-11-19,128.0,128.0,2.29,Late
PO-001061,SUP-02,SKU-00018,WH-QLD,2025-10-30,2025-11-09,2025-11-09,300.0,300.0,2.32,Received
PO-001062,SUP-03,SKU-00010,WH-WA,2025-10-30,2025-11-18,2025-11-18,136.0,136.0,4.29,Received
PO-001063,SUP-01,SKU-00015,WH-WA,2025-10-30,2025-11-03,2025-11-03,83.0,83.0,2.27,Received
PO-001064,SUP-07,SKU-00012,WH-NSW,2025-10-31,2025-11-08,2025-11-08,53.0,53.0,2.93,Received
PO-001065,SUP-05,SKU-00017,WH-NSW,2025-10-31,2025-11-09,2025-11-10,193.0,193.0,1.83,Late
PO-001066,SUP-06,SKU-00019,WH-NSW,2025-10-31,2025-11-04,2025-11-03,186.0,186.0,5.36,Received
PO-001067,SUP-06,SKU-00003,WH-QLD,2025-10-31,2025-11-04,2025-11-05,104.0,104.0,5.99,Late
PO-001068,SUP-05,SKU-00013,WH-QLD,2025-10-31,2025-11-09,2025-11-07,468.0,468.0,2.42,Received
PO-001069,SUP-06,SKU-00019,WH-QLD,2025-10-31,2025-11-04,2025-11-05,245.0,245.0,5.36,Late
PO-001070,SUP-07,SKU-00020,WH-QLD,2025-10-31,2025-11-20,2025-11-19,288.0,288.0,5.2,Received
PO-001071,SUP-05,SKU-00023,WH-QLD,2025-10-31,2025-11-09,2025-11-11,321.0,321.0,2.48,Late
PO-001072,SUP-05,SKU-00001,WH-VIC,2025-10-31,2025-11-09,2025-11-09,241.0,241.0,1.57,Received
PO-001073,SUP-06,SKU-00003,WH-VIC,2025-10-31,2025-11-04,2025-11-04,152.0,152.0,5.99,Received
PO-001074,SUP-02,SKU-00014,WH-VIC,2025-10-31,2025-11-10,2025-11-10,339.0,339.0,4.12,Received
PO-001075,SUP-06,SKU-00019,WH-VIC,2025-10-31,2025-11-04,2025-11-04,202.0,202.0,5.36,Received
PO-001076,SUP-02,SKU-00024,WH-VIC,2025-10-31,2025-11-10,2025-11-10,334.0,334.0,1.36,Received
PO-001077,SUP-06,SKU-00003,WH-WA,2025-10-31,2025-11-04,2025-11-04,71.0,71.0,5.99,Received
PO-001078,SUP-02,SKU-00004,WH-WA,2025-10-31,2025-11-19,2025-11-19,75.0,75.0,5.29,Received
PO-001079,SUP-04,SKU-00005,WH-NSW,2025-11-01,2025-11-19,2025-11-21,54.0,54.0,2.29,Late
PO-001080,SUP-02,SKU-00024,WH-NSW,2025-11-01,2025-11-11,2025-11-11,279.0,279.0,1.36,Received
PO-001081,SUP-05,SKU-00007,WH-QLD,2025-11-01,2025-11-10,2025-11-08,353.0,353.0,2.62,Received
PO-001082,SUP-04,SKU-00011,WH-QLD,2025-11-01,2025-11-19,2025-11-19,95.0,95.0,5.92,Received
PO-001083,SUP-05,SKU-00013,WH-VIC,2025-11-01,2025-11-10,2025-11-10,278.0,278.0,2.42,Received
PO-001084,SUP-02,SKU-00016,WH-VIC,2025-11-01,2025-11-20,2025-11-20,65.0,65.0,2.03,Received
PO-001085,SUP-02,SKU-00018,WH-VIC,2025-11-01,2025-11-11,2025-11-11,392.0,392.0,2.32,Received
PO-001086,SUP-04,SKU-00021,WH-VIC,2025-11-01,2025-11-19,2025-11-21,148.0,148.0,2.1,Late
PO-001087,SUP-05,SKU-00013,WH-WA,2025-11-01,2025-11-10,2025-11-08,260.0,260.0,2.42,Received
PO-001088,SUP-05,SKU-00017,WH-WA,2025-11-01,2025-11-10,2025-11-10,197.0,197.0,1.83,Received
PO-001089,SUP-06,SKU-00019,WH-WA,2025-11-01,2025-11-05,2025-11-05,55.0,55.0,5.36,Received
PO-001090,SUP-07,SKU-00006,WH-NSW,2025-11-02,2025-11-10,2025-11-09,107.0,107.0,4.07,Received
PO-001091,SUP-04,SKU-00021,WH-NSW,2025-11-02,2025-11-20,2025-11-21,51.0,51.0,2.1,Late
PO-001092,SUP-02,SKU-00014,WH-QLD,2025-11-02,2025-11-12,2025-11-12,120.0,120.0,4.12,Received
PO-001093,SUP-05,SKU-00007,WH-VIC,2025-11-02,2025-11-11,2025-11-10,243.0,243.0,2.62,Received
PO-001094,SUP-05,SKU-00001,WH-WA,2025-11-02,2025-11-11,2025-11-11,165.0,165.0,1.57,Received
PO-001095,SUP-06,SKU-00009,WH-WA,2025-11-02,2025-11-06,2025-11-07,101.0,101.0,4.65,Late
PO-001096,SUP-07,SKU-00012,WH-WA,2025-11-02,2025-11-10,2025-11-08,56.0,56.0,2.93,Received
PO-001097,SUP-02,SKU-00016,WH-WA,2025-11-02,2025-11-21,2025-11-20,62.0,62.0,2.03,Received
PO-001098,SUP-06,SKU-00009,WH-NSW,2025-11-03,2025-11-07,2025-11-06,172.0,172.0,4.65,Received
PO-001099,SUP-01,SKU-00015,WH-NSW,2025-11-03,2025-11-07,2025-11-07,173.0,173.0,2.27,Received
PO-001100,SUP-02,SKU-00018,WH-NSW,2025-11-03,2025-11-13,2025-11-14,290.0,290.0,2.32,Late
PO-001101,SUP-02,SKU-00002,WH-QLD,2025-11-03,2025-11-13,2025-11-13,241.0,241.0,2.21,Received
PO-001102,SUP-02,SKU-00008,WH-QLD,2025-11-03,2025-11-13,2025-11-13,415.0,415.0,1.67,Received
PO-001103,SUP-06,SKU-00009,WH-QLD,2025-11-03,2025-11-07,2025-11-07,95.0,95.0,4.65,Received
PO-001104,SUP-03,SKU-00010,WH-QLD,2025-11-03,2025-11-22,2025-11-21,220.0,220.0,4.29,Received
PO-001105,SUP-05,SKU-00017,WH-QLD,2025-11-03,2025-11-12,2025-11-14,347.0,347.0,1.83,Late
PO-001106,SUP-04,SKU-00005,WH-VIC,2025-11-03,2025-11-21,2025-11-21,67.0,67.0,2.29,Received
PO-001107,SUP-07,SKU-00006,WH-VIC,2025-11-03,2025-11-11,2025-11-12,97.0,97.0,4.07,Late
PO-001108,SUP-06,SKU-00009,WH-VIC,2025-11-03,2025-11-07,2025-11-07,99.0,99.0,4.65,Received
PO-001109,SUP-01,SKU-00015,WH-VIC,2025-11-03,2025-11-07,2025-11-07,201.0,169.0,2.27,Received
PO-001110,SUP-05,SKU-00023,WH-VIC,2025-11-03,2025-11-12,2025-11-10,147.0,147.0,2.48,Received
PO-001111,SUP-05,SKU-00007,WH-WA,2025-11-03,2025-11-12,2025-11-11,134.0,134.0,2.62,Received
PO-001112,SUP-04,SKU-00011,WH-WA,2025-11-03,2025-11-21,2025-11-19,68.0,68.0,5.92,Received
PO-001113,SUP-04,SKU-00021,WH-WA,2025-11-03,2025-11-21,2025-11-24,112.0,112.0,2.1,Late
PO-001114,SUP-02,SKU-00024,WH-WA,2025-11-03,2025-11-13,2025-11-13,62.0,62.0,1.36,Received
PO-001115,SUP-05,SKU-00023,WH-NSW,2025-11-04,2025-11-13,2025-11-13,302.0,302.0,2.48,Received
PO-001116,SUP-05,SKU-00001,WH-QLD,2025-11-04,2025-11-13,2025-11-11,240.0,240.0,1.57,Received
PO-001117,SUP-03,SKU-00010,WH-VIC,2025-11-04,2025-11-23,2025-11-24,341.0,341.0,4.29,Late
PO-001118,SUP-01,SKU-00015,WH-WA,2025-11-04,2025-11-08,2025-11-08,80.0,80.0,2.27,Received
PO-001119,SUP-07,SKU-00020,WH-WA,2025-11-04,2025-11-24,2025-11-25,121.0,121.0,5.2,Late
PO-001120,SUP-05,SKU-00023,WH-WA,2025-11-04,2025-11-13,2025-11-12,118.0,101.0,2.48,Received
PO-001121,SUP-04,SKU-00021,WH-QLD,2025-11-05,2025-11-23,2025-11-23,125.0,125.0,2.1,Received
PO-001122,SUP-07,SKU-00022,WH-QLD,2025-11-05,2025-11-13,2025-11-13,61.0,61.0,3.85,Received
PO-001123,SUP-05,SKU-00023,WH-QLD,2025-11-05,2025-11-14,2025-11-15,276.0,276.0,2.48,Late
PO-001124,SUP-02,SKU-00002,WH-VIC,2025-11-05,2025-11-15,2025-11-15,460.0,460.0,2.21,Received
PO-001125,SUP-02,SKU-00008,WH-VIC,2025-11-05,2025-11-15,2025-11-16,312.0,312.0,1.67,Late
PO-001126,SUP-05,SKU-00017,WH-VIC,2025-11-05,2025-11-14,2025-11-14,137.0,137.0,1.83,Received
PO-001127,SUP-06,SKU-00019,WH-VIC,2025-11-05,2025-11-09,2025-11-08,146.0,146.0,5.36,Received
PO-001128,SUP-02,SKU-00024,WH-VIC,2025-11-05,2025-11-15,2025-11-15,357.0,357.0,1.36,Received
PO-001129,SUP-02,SKU-00014,WH-WA,2025-11-05,2025-11-15,2025-11-15,140.0,140.0,4.12,Received
PO-001130,SUP-05,SKU-00001,WH-NSW,2025-11-06,2025-11-15,2025-11-15,159.0,159.0,1.57,Received
PO-001131,SUP-06,SKU-00003,WH-NSW,2025-11-06,2025-11-10,2025-11-10,223.0,223.0,5.99,Received
PO-001132,SUP-02,SKU-00004,WH-NSW,2025-11-06,2025-11-25,2025-11-25,99.0,99.0,5.29,Received
PO-001133,SUP-05,SKU-00007,WH-NSW,2025-11-06,2025-11-15,2025-11-18,194.0,194.0,2.62,Late
PO-001134,SUP-02,SKU-00004,WH-QLD,2025-11-06,2025-11-25,2025-11-25,181.0,181.0,5.29,Received
PO-001135,SUP-07,SKU-00006,WH-QLD,2025-11-06,2025-11-14,2025-11-12,180.0,180.0,4.07,Received
PO-001136,SUP-06,SKU-00003,WH-VIC,2025-11-06,2025-11-10,2025-11-10,157.0,157.0,5.99,Received
PO-001137,SUP-07,SKU-00006,WH-WA,2025-11-06,2025-11-14,2025-11-15,112.0,112.0,4.07,Late
PO-001138,SUP-02,SKU-00018,WH-WA,2025-11-06,2025-11-16,2025-11-16,241.0,241.0,2.32,Received
PO-001139,SUP-02,SKU-00002,WH-NSW,2025-11-07,2025-11-17,2025-11-17,387.0,387.0,2.21,Received
PO-001140,SUP-03,SKU-00010,WH-NSW,2025-11-07,2025-11-26,2025-11-27,152.0,152.0,4.29,Late
PO-001141,SUP-05,SKU-00013,WH-NSW,2025-11-07,2025-11-16,2025-11-16,211.0,211.0,2.42,Received
PO-001142,SUP-05,SKU-00017,WH-NSW,2025-11-07,2025-11-16,2025-11-14,146.0,146.0,1.83,Received
PO-001143,SUP-07,SKU-00022,WH-NSW,2025-11-07,2025-11-15,2025-11-15,145.0,145.0,3.85,Received
PO-001144,SUP-05,SKU-00007,WH-QLD,2025-11-07,2025-11-16,2025-11-18,318.0,318.0,2.62,Late
PO-001145,SUP-05,SKU-00013,WH-QLD,2025-11-07,2025-11-16,2025-11-20,395.0,395.0,2.42,Late
PO-001146,SUP-01,SKU-00015,WH-QLD,2025-11-07,2025-11-11,2025-11-12,97.0,97.0,2.27,Late
PO-001147,SUP-02,SKU-00018,WH-QLD,2025-11-07,2025-11-17,2025-11-17,308.0,308.0,2.32,Received
PO-001148,SUP-05,SKU-00001,WH-VIC,2025-11-07,2025-11-16,2025-11-15,240.0,240.0,1.57,Received
PO-001149,SUP-02,SKU-00014,WH-NSW,2025-11-08,2025-11-18,2025-11-17,409.0,409.0,4.12,Received
PO-001150,SUP-01,SKU-00015,WH-NSW,2025-11-08,2025-11-12,2025-11-12,130.0,130.0,2.27,Received
PO-001151,SUP-06,SKU-00019,WH-NSW,2025-11-08,2025-11-12,2025-11-13,176.0,176.0,5.36,Late
PO-001152,SUP-02,SKU-00024,WH-NSW,2025-11-08,2025-11-18,2025-11-19,250.0,250.0,1.36,Late
PO-001153,SUP-06,SKU-00003,WH-QLD,2025-11-08,2025-11-12,2025-11-12,114.0,114.0,5.99,Received
PO-001154,SUP-07,SKU-00012,WH-QLD,2025-11-08,2025-11-16,2025-11-20,107.0,107.0,2.93,Late
PO-001155,SUP-02,SKU-00016,WH-QLD,2025-11-08,2025-11-27,2025-11-27,240.0,240.0,2.03,Received
PO-001156,SUP-06,SKU-00019,WH-QLD,2025-11-08,2025-11-12,2025-11-11,303.0,303.0,5.36,Received
PO-001157,SUP-05,SKU-00013,WH-VIC,2025-11-08,2025-11-17,2025-11-15,231.0,231.0,2.42,Received
PO-001158,SUP-01,SKU-00015,WH-VIC,2025-11-08,2025-11-12,2025-11-11,232.0,232.0,2.27,Received
PO-001159,SUP-04,SKU-00005,WH-WA,2025-11-08,2025-11-26,2025-11-25,73.0,73.0,2.29,Received
PO-001160,SUP-05,SKU-00017,WH-WA,2025-11-08,2025-11-17,2025-11-17,176.0,176.0,1.83,Received
PO-001161,SUP-02,SKU-00014,WH-VIC,2025-11-09,2025-11-19,2025-11-20,303.0,303.0,4.12,Late
PO-001162,SUP-07,SKU-00020,WH-VIC,2025-11-09,2025-11-29,2025-11-29,258.0,258.0,5.2,Received
PO-001163,SUP-05,SKU-00001,WH-WA,2025-11-09,2025-11-18,2025-11-21,167.0,167.0,1.57,Late
PO-001164,SUP-02,SKU-00002,WH-WA,2025-11-09,2025-11-19,2025-11-19,62.0,62.0,2.21,Received
PO-001165,SUP-06,SKU-00003,WH-WA,2025-11-09,2025-11-13,2025-11-13,77.0,77.0,5.99,Received
PO-001166,SUP-06,SKU-00009,WH-WA,2025-11-09,2025-11-13,2025-11-12,158.0,158.0,4.65,Received
PO-001167,SUP-02,SKU-00008,WH-NSW,2025-11-10,2025-11-20,2025-11-20,195.0,195.0,1.67,Received
PO-001168,SUP-06,SKU-00009,WH-QLD,2025-11-10,2025-11-14,2025-11-13,89.0,89.0,4.65,Received
PO-001169,SUP-05,SKU-00017,WH-QLD,2025-11-10,2025-11-19,2025-11-17,401.0,401.0,1.83,Received
PO-001170,SUP-02,SKU-00004,WH-VIC,2025-11-10,2025-11-29,2025-11-29,280.0,280.0,5.29,Received
PO-001171,SUP-07,SKU-00006,WH-VIC,2025-11-10,2025-11-18,2025-11-17,76.0,76.0,4.07,Received
PO-001172,SUP-04,SKU-00011,WH-VIC,2025-11-10,2025-11-28,2025-11-26,135.0,135.0,5.92,Received
PO-001173,SUP-07,SKU-00022,WH-VIC,2025-11-10,2025-11-18,2025-11-18,94.0,94.0,3.85,Received
PO-001174,SUP-02,SKU-00024,WH-VIC,2025-11-10,2025-11-20,2025-11-20,356.0,356.0,1.36,Received
PO-001175,SUP-05,SKU-00007,WH-WA,2025-11-10,2025-11-19,2025-11-17,99.0,99.0,2.62,Received
PO-001176,SUP-05,SKU-00013,WH-WA,2025-11-10,2025-11-19,2025-11-19,241.0,241.0,2.42,Received
PO-001177,SUP-01,SKU-00015,WH-WA,2025-11-10,2025-11-14,2025-11-14,109.0,109.0,2.27,Received
PO-001178,SUP-06,SKU-00009,WH-NSW,2025-11-11,2025-11-15,2025-11-15,244.0,244.0,4.65,Received
PO-001179,SUP-07,SKU-00020,WH-NSW,2025-11-11,2025-12-01,2025-12-01,228.0,228.0,5.2,Received
PO-001180,SUP-05,SKU-00023,WH-NSW,2025-11-11,2025-11-20,2025-11-20,294.0,294.0,2.48,Received
PO-001181,SUP-02,SKU-00002,WH-QLD,2025-11-11,2025-11-21,2025-11-21,227.0,227.0,2.21,Received
PO-001182,SUP-05,SKU-00023,WH-QLD,2025-11-11,2025-11-20,2025-11-18,275.0,275.0,2.48,Received
PO-001183,SUP-06,SKU-00003,WH-VIC,2025-11-11,2025-11-15,2025-11-15,177.0,177.0,5.99,Received
PO-001184,SUP-05,SKU-00007,WH-VIC,2025-11-11,2025-11-20,2025-11-21,321.0,321.0,2.62,Late
PO-001185,SUP-06,SKU-00009,WH-VIC,2025-11-11,2025-11-15,2025-11-15,97.0,97.0,4.65,Received
PO-001186,SUP-02,SKU-00018,WH-VIC,2025-11-11,2025-11-21,2025-11-21,377.0,377.0,2.32,Received
PO-001187,SUP-07,SKU-00012,WH-WA,2025-11-11,2025-11-19,2025-11-20,59.0,59.0,2.93,Late
PO-001188,SUP-07,SKU-00022,WH-WA,2025-11-11,2025-11-19,2025-11-20,67.0,67.0,3.85,Late
PO-001189,SUP-02,SKU-00024,WH-WA,2025-11-11,2025-11-21,2025-11-22,51.0,51.0,1.36,Late
PO-001190,SUP-02,SKU-00014,WH-QLD,2025-11-12,2025-11-22,2025-11-22,109.0,109.0,4.12,Received
PO-001191,SUP-04,SKU-00021,WH-VIC,2025-11-12,2025-11-30,2025-11-30,134.0,134.0,2.1,Received
PO-001192,SUP-02,SKU-00014,WH-WA,2025-11-12,2025-11-22,2025-11-22,138.0,138.0,4.12,Received
PO-001193,SUP-05,SKU-00023,WH-WA,2025-11-12,2025-11-21,2025-11-21,115.0,115.0,2.48,Received
PO-001194,SUP-05,SKU-00001,WH-NSW,2025-11-13,2025-11-22,2025-11-22,128.0,128.0,1.57,Received
PO-001195,SUP-06,SKU-00003,WH-NSW,2025-11-13,2025-11-17,2025-11-17,184.0,184.0,5.99,Received
PO-001196,SUP-04,SKU-00011,WH-NSW,2025-11-13,2025-12-01,2025-12-01,111.0,111.0,5.92,Received
PO-001197,SUP-05,SKU-00001,WH-QLD,2025-11-13,2025-11-22,2025-11-22,236.0,236.0,1.57,Received
PO-001198,SUP-04,SKU-00005,WH-QLD,2025-11-13,2025-12-01,2025-12-02,141.0,141.0,2.29,Late
PO-001199,SUP-07,SKU-00006,WH-QLD,2025-11-13,2025-11-21,2025-11-22,145.0,145.0,4.07,Late
PO-001200,SUP-02,SKU-00008,WH-QLD,2025-11-13,2025-11-23,2025-11-23,401.0,401.0,1.67,Received
PO-001201,SUP-07,SKU-00020,WH-QLD,2025-11-13,2025-12-03,2025-12-03,278.0,278.0,5.2,Received
PO-001202,SUP-05,SKU-00017,WH-VIC,2025-11-13,2025-11-22,2025-11-24,159.0,159.0,1.83,Late
PO-001203,SUP-06,SKU-00019,WH-VIC,2025-11-13,2025-11-17,2025-11-17,211.0,211.0,5.36,Received
PO-001204,SUP-05,SKU-00023,WH-VIC,2025-11-13,2025-11-22,2025-11-20,197.0,197.0,2.48,Received
PO-001205,SUP-02,SKU-00016,WH-NSW,2025-11-14,2025-12-03,2025-12-03,91.0,91.0,2.03,Received
PO-001206,SUP-02,SKU-00018,WH-NSW,2025-11-14,2025-11-24,2025-11-23,294.0,294.0,2.32,Received
PO-001207,SUP-06,SKU-00019,WH-NSW,2025-11-14,2025-11-18,2025-11-18,126.0,126.0,5.36,Received
PO-001208,SUP-04,SKU-00021,WH-NSW,2025-11-14,2025-12-02,2025-12-01,51.0,51.0,2.1,Received
PO-001209,SUP-02,SKU-00024,WH-NSW,2025-11-14,2025-11-24,2025-11-25,213.0,213.0,1.36,Late
PO-001210,SUP-01,SKU-00015,WH-QLD,2025-11-14,2025-11-18,2025-11-17,91.0,91.0,2.27,Received
PO-001211,SUP-07,SKU-00022,WH-QLD,2025-11-14,2025-11-22,2025-11-20,55.0,55.0,3.85,Received
PO-001212,SUP-02,SKU-00002,WH-VIC,2025-11-14,2025-11-24,2025-11-26,438.0,438.0,2.21,Late
PO-001213,SUP-02,SKU-00008,WH-VIC,2025-11-14,2025-11-24,2025-11-24,276.0,276.0,1.67,Received
PO-001214,SUP-02,SKU-00004,WH-WA,2025-11-14,2025-12-03,2025-12-04,78.0,78.0,5.29,Late
PO-001215,SUP-07,SKU-00006,WH-WA,2025-11-14,2025-11-22,2025-11-21,79.0,79.0,4.07,Received
PO-001216,SUP-06,SKU-00019,WH-WA,2025-11-14,2025-11-18,2025-11-18,65.0,65.0,5.36,Received
PO-001217,SUP-02,SKU-00002,WH-NSW,2025-11-15,2025-11-25,2025-11-25,316.0,316.0,2.21,Received
PO-001218,SUP-07,SKU-00006,WH-NSW,2025-11-15,2025-11-23,2025-11-23,126.0,126.0,4.07,Received
PO-001219,SUP-05,SKU-00007,WH-NSW,2025-11-15,2025-11-24,2025-11-22,260.0,260.0,2.62,Received
PO-001220,SUP-01,SKU-00015,WH-NSW,2025-11-15,2025-11-19,2025-11-19,159.0,159.0,2.27,Received
PO-001221,SUP-05,SKU-00007,WH-QLD,2025-11-15,2025-11-24,2025-11-24,376.0,376.0,2.62,Received
PO-001222,SUP-07,SKU-00012,WH-QLD,2025-11-15,2025-11-23,2025-11-26,77.0,77.0,2.93,Late
PO-001223,SUP-05,SKU-00013,WH-QLD,2025-11-15,2025-11-24,2025-11-25,441.0,441.0,2.42,Late
PO-001224,SUP-05,SKU-00001,WH-VIC,2025-11-15,2025-11-24,2025-11-25,293.0,293.0,1.57,Late
PO-001225,SUP-04,SKU-00005,WH-VIC,2025-11-15,2025-12-03,2025-12-03,61.0,61.0,2.29,Received
PO-001226,SUP-05,SKU-00013,WH-VIC,2025-11-15,2025-11-24,2025-11-26,231.0,231.0,2.42,Late
PO-001227,SUP-01,SKU-00015,WH-VIC,2025-11-15,2025-11-19,2025-11-20,284.0,284.0,2.27,Late
PO-001228,SUP-01,SKU-00015,WH-WA,2025-11-15,2025-11-19,2025-11-20,78.0,78.0,2.27,Late
PO-001229,SUP-05,SKU-00017,WH-WA,2025-11-15,2025-11-24,2025-11-25,199.0,199.0,1.83,Late
PO-001230,SUP-05,SKU-00013,WH-NSW,2025-11-16,2025-11-25,2025-11-25,203.0,203.0,2.42,Received
PO-001231,SUP-05,SKU-00017,WH-NSW,2025-11-16,2025-11-25,2025-11-26,186.0,186.0,1.83,Late
PO-001232,SUP-07,SKU-00022,WH-NSW,2025-11-16,2025-11-24,2025-11-22,150.0,150.0,3.85,Received
PO-001233,SUP-06,SKU-00003,WH-QLD,2025-11-16,2025-11-20,2025-11-19,122.0,122.0,5.99,Received
PO-001234,SUP-06,SKU-00019,WH-QLD,2025-11-16,2025-11-20,2025-11-19,275.0,275.0,5.36,Received
PO-001235,SUP-06,SKU-00003,WH-VIC,2025-11-16,2025-11-20,2025-11-20,136.0,136.0,5.99,Received
PO-001236,SUP-05,SKU-00007,WH-WA,2025-11-16,2025-11-25,2025-11-25,95.0,95.0,2.62,Received
PO-001237,SUP-03,SKU-00010,WH-WA,2025-11-16,2025-12-05,2025-12-05,148.0,148.0,4.29,Received
PO-001238,SUP-02,SKU-00024,WH-WA,2025-11-16,2025-11-26,2025-11-27,57.0,57.0,1.36,Late
PO-001239,SUP-07,SKU-00012,WH-NSW,2025-11-17,2025-11-25,2025-11-23,67.0,67.0,2.93,Received
PO-001240,SUP-02,SKU-00014,WH-NSW,2025-11-17,2025-11-27,2025-11-27,354.0,354.0,4.12,Received
PO-001241,SUP-05,SKU-00017,WH-QLD,2025-11-17,2025-11-26,2025-11-26,350.0,328.0,1.83,Received
PO-001242,SUP-06,SKU-00003,WH-WA,2025-11-17,2025-11-21,2025-11-21,66.0,66.0,5.99,Received
PO-001243,SUP-06,SKU-00009,WH-WA,2025-11-17,2025-11-21,2025-11-22,147.0,147.0,4.65,Late
PO-001244,SUP-05,SKU-00013,WH-WA,2025-11-17,2025-11-26,2025-11-26,178.0,178.0,2.42,Received
PO-001245,SUP-02,SKU-00018,WH-WA,2025-11-17,2025-11-27,2025-11-25,245.0,245.0,2.32,Received
PO-001246,SUP-04,SKU-00021,WH-WA,2025-11-17,2025-12-05,2025-12-07,103.0,103.0,2.1,Late
PO-001247,SUP-06,SKU-00003,WH-NSW,2025-11-18,2025-11-22,2025-11-20,169.0,169.0,5.99,Received
PO-001248,SUP-06,SKU-00009,WH-NSW,2025-11-18,2025-11-22,2025-11-22,159.0,159.0,4.65,Received
PO-001249,SUP-04,SKU-00011,WH-QLD,2025-11-18,2025-12-06,2025-12-06,94.0,94.0,5.92,Received
PO-001250,SUP-02,SKU-00018,WH-QLD,2025-11-18,2025-11-28,2025-11-29,368.0,368.0,2.32,Late
PO-001251,SUP-06,SKU-00009,WH-VIC,2025-11-18,2025-11-22,2025-11-22,92.0,92.0,4.65,Received
PO-001252,SUP-02,SKU-00016,WH-VIC,2025-11-18,2025-12-07,2025-12-07,70.0,70.0,2.03,Received
PO-001253,SUP-05,SKU-00001,WH-WA,2025-11-18,2025-11-27,2025-11-25,216.0,216.0,1.57,Received
PO-001254,SUP-05,SKU-00023,WH-NSW,2025-11-19,2025-11-28,2025-12-02,243.0,243.0,2.48,Late
PO-001255,SUP-05,SKU-00001,WH-QLD,2025-11-19,2025-11-28,2025-11-28,180.0,180.0,1.57,Received
PO-001256,SUP-06,SKU-00009,WH-QLD,2025-11-19,2025-11-23,2025-11-22,110.0,110.0,4.65,Received
PO-001257,SUP-04,SKU-00021,WH-QLD,2025-11-19,2025-12-07,2025-12-06,135.0,135.0,2.1,Received
PO-001258,SUP-05,SKU-00023,WH-QLD,2025-11-19,2025-11-28,2025-11-26,361.0,361.0,2.48,Received
PO-001259,SUP-05,SKU-00007,WH-VIC,2025-11-19,2025-11-28,2025-11-28,262.0,262.0,2.62,Received
PO-001260,SUP-03,SKU-00010,WH-VIC,2025-11-19,2025-12-08,2025-12-08,287.0,287.0,4.29,Received
PO-001261,SUP-02,SKU-00014,WH-VIC,2025-11-19,2025-11-29,2025-11-29,294.0,294.0,4.12,Received
PO-001262,SUP-07,SKU-00022,WH-VIC,2025-11-19,2025-11-27,2025-12-01,66.0,66.0,3.85,Late
PO-001263,SUP-02,SKU-00024,WH-VIC,2025-11-19,2025-11-29,2025-11-29,322.0,322.0,1.36,Received
PO-001264,SUP-02,SKU-00002,WH-WA,2025-11-19,2025-11-29,2025-11-29,60.0,60.0,2.21,Received
PO-001265,SUP-04,SKU-00011,WH-WA,2025-11-19,2025-12-07,2025-12-08,68.0,68.0,5.92,Late
PO-001266,SUP-07,SKU-00012,WH-WA,2025-11-19,2025-11-27,2025-11-29,62.0,62.0,2.93,Late
PO-001267,SUP-02,SKU-00008,WH-NSW,2025-11-20,2025-11-30,2025-12-01,184.0,184.0,1.67,Late
PO-001268,SUP-06,SKU-00019,WH-NSW,2025-11-20,2025-11-24,2025-11-25,143.0,143.0,5.36,Late
PO-001269,SUP-02,SKU-00002,WH-QLD,2025-11-20,2025-11-30,2025-11-30,259.0,259.0,2.21,Received
PO-001270,SUP-05,SKU-00007,WH-QLD,2025-11-20,2025-11-29,2025-12-01,317.0,317.0,2.62,Late
PO-001271,SUP-03,SKU-00010,WH-QLD,2025-11-20,2025-12-09,2025-12-10,222.0,222.0,4.29,Late
PO-001272,SUP-06,SKU-00019,WH-VIC,2025-11-20,2025-11-24,2025-11-24,181.0,181.0,5.36,Received
PO-001273,SUP-02,SKU-00004,WH-NSW,2025-11-21,2025-12-10,2025-12-10,88.0,88.0,5.29,Received
PO-001274,SUP-04,SKU-00005,WH-NSW,2025-11-21,2025-12-09,2025-12-09,64.0,64.0,2.29,Received
PO-001275,SUP-05,SKU-00007,WH-NSW,2025-11-21,2025-11-30,2025-12-01,208.0,208.0,2.62,Late
PO-001276,SUP-03,SKU-00010,WH-NSW,2025-11-21,2025-12-10,2025-12-10,173.0,173.0,4.29,Received
PO-001277,SUP-07,SKU-00006,WH-QLD,2025-11-21,2025-11-29,2025-11-29,148.0,148.0,4.07,Received
PO-001278,SUP-02,SKU-00008,WH-QLD,2025-11-21,2025-12-01,2025-12-01,483.0,483.0,1.67,Received
PO-001279,SUP-01,SKU-00015,WH-QLD,2025-11-21,2025-11-25,2025-11-25,101.0,101.0,2.27,Received
PO-001280,SUP-07,SKU-00006,WH-VIC,2025-11-21,2025-11-29,2025-11-29,101.0,101.0,4.07,Received
PO-001281,SUP-02,SKU-00018,WH-VIC,2025-11-21,2025-12-01,2025-12-01,367.0,367.0,2.32,Received
PO-001282,SUP-07,SKU-00020,WH-VIC,2025-11-21,2025-12-11,2025-12-09,243.0,243.0,5.2,Received
PO-001283,SUP-02,SKU-00016,WH-WA,2025-11-21,2025-12-10,2025-12-10,58.0,58.0,2.03,Received
PO-001284,SUP-05,SKU-00023,WH-WA,2025-11-21,2025-11-30,2025-11-29,122.0,122.0,2.48,Received
PO-001285,SUP-05,SKU-00001,WH-NSW,2025-11-22,2025-12-01,2025-12-01,169.0,169.0,1.57,Received
PO-001286,SUP-02,SKU-00024,WH-NSW,2025-11-22,2025-12-02,2025-11-30,234.0,234.0,1.36,Received
PO-001287,SUP-02,SKU-00004,WH-QLD,2025-11-22,2025-12-11,2025-12-11,162.0,162.0,5.29,Received
PO-001288,SUP-02,SKU-00014,WH-QLD,2025-11-22,2025-12-02,2025-12-02,113.0,113.0,4.12,Received
PO-001289,SUP-02,SKU-00016,WH-QLD,2025-11-22,2025-12-11,2025-12-11,273.0,273.0,2.03,Received
PO-001290,SUP-06,SKU-00019,WH-QLD,2025-11-22,2025-11-26,2025-11-26,249.0,249.0,5.36,Received
PO-001291,SUP-07,SKU-00022,WH-QLD,2025-11-22,2025-11-30,2025-12-01,64.0,64.0,3.85,Late
PO-001292,SUP-06,SKU-00003,WH-VIC,2025-11-22,2025-11-26,2025-11-24,176.0,176.0,5.99,Received
PO-001293,SUP-01,SKU-00015,WH-VIC,2025-11-22,2025-11-26,2025-11-28,212.0,212.0,2.27,Late
PO-001294,SUP-05,SKU-00023,WH-VIC,2025-11-22,2025-12-01,2025-12-05,208.0,208.0,2.48,Late
PO-001295,SUP-07,SKU-00020,WH-WA,2025-11-22,2025-12-12,2025-12-10,126.0,126.0,5.2,Received
PO-001296,SUP-01,SKU-00015,WH-NSW,2025-11-23,2025-11-27,2025-11-28,175.0,175.0,2.27,Late
PO-001297,SUP-02,SKU-00018,WH-NSW,2025-11-23,2025-12-03,2025-12-03,244.0,244.0,2.32,Received
PO-001298,SUP-04,SKU-00005,WH-QLD,2025-11-23,2025-12-11,2025-12-10,127.0,127.0,2.29,Received
PO-001299,SUP-05,SKU-00013,WH-QLD,2025-11-23,2025-12-02,2025-12-02,540.0,540.0,2.42,Received
PO-001300,SUP-05,SKU-00017,WH-QLD,2025-11-23,2025-12-02,2025-12-02,345.0,345.0,1.83,Received
PO-001301,SUP-02,SKU-00002,WH-VIC,2025-11-23,2025-12-03,2025-12-03,541.0,541.0,2.21,Received
PO-001302,SUP-02,SKU-00004,WH-VIC,2025-11-23,2025-12-12,2025-12-12,297.0,297.0,5.29,Received
PO-001303,SUP-02,SKU-00008,WH-VIC,2025-11-23,2025-12-03,2025-12-03,337.0,337.0,1.67,Received
PO-001304,SUP-05,SKU-00017,WH-VIC,2025-11-23,2025-12-02,2025-11-30,194.0,153.0,1.83,Received
PO-001305,SUP-04,SKU-00005,WH-WA,2025-11-23,2025-12-11,2025-12-09,65.0,65.0,2.29,Received
PO-001306,SUP-07,SKU-00006,WH-WA,2025-11-23,2025-12-01,2025-11-30,96.0,96.0,4.07,Received
PO-001307,SUP-05,SKU-00007,WH-WA,2025-11-23,2025-12-02,2025-12-03,96.0,96.0,2.62,Late
PO-001308,SUP-05,SKU-00013,WH-WA,2025-11-23,2025-12-02,2025-12-05,192.0,192.0,2.42,Late
PO-001309,SUP-02,SKU-00014,WH-WA,2025-11-23,2025-12-03,2025-12-03,182.0,182.0,4.12,Received
PO-001310,SUP-01,SKU-00015,WH-WA,2025-11-23,2025-11-27,2025-11-27,88.0,88.0,2.27,Received
PO-001311,SUP-05,SKU-00017,WH-WA,2025-11-23,2025-12-02,2025-12-02,183.0,183.0,1.83,Received
PO-001312,SUP-06,SKU-00009,WH-NSW,2025-11-24,2025-11-28,2025-11-28,213.0,213.0,4.65,Received
PO-001313,SUP-07,SKU-00022,WH-NSW,2025-11-24,2025-12-02,2025-12-01,145.0,145.0,3.85,Received
PO-001314,SUP-07,SKU-00012,WH-QLD,2025-11-24,2025-12-02,2025-12-04,96.0,96.0,2.93,Late
PO-001315,SUP-05,SKU-00001,WH-VIC,2025-11-24,2025-12-03,2025-12-01,332.0,332.0,1.57,Received
PO-001316,SUP-04,SKU-00011,WH-VIC,2025-11-24,2025-12-12,2025-12-15,133.0,133.0,5.92,Late
PO-001317,SUP-05,SKU-00013,WH-VIC,2025-11-24,2025-12-03,2025-12-01,286.0,225.0,2.42,Received
PO-001318,SUP-06,SKU-00003,WH-WA,2025-11-24,2025-11-28,2025-11-28,68.0,68.0,5.99,Received
PO-001319,SUP-02,SKU-00002,WH-NSW,2025-11-25,2025-12-05,2025-12-03,433.0,433.0,2.21,Received
PO-001320,SUP-06,SKU-00003,WH-NSW,2025-11-25,2025-11-29,2025-11-29,183.0,183.0,5.99,Received
PO-001321,SUP-07,SKU-00006,WH-NSW,2025-11-25,2025-12-03,2025-12-02,116.0,116.0,4.07,Received
PO-001322,SUP-04,SKU-00011,WH-NSW,2025-11-25,2025-12-13,2025-12-14,110.0,110.0,5.92,Late
PO-001323,SUP-06,SKU-00019,WH-NSW,2025-11-25,2025-11-29,2025-11-29,122.0,122.0,5.36,Received
PO-001324,SUP-06,SKU-00003,WH-QLD,2025-11-25,2025-11-29,2025-11-29,120.0,120.0,5.99,Received
PO-001325,SUP-06,SKU-00009,WH-QLD,2025-11-25,2025-11-29,2025-11-29,86.0,86.0,4.65,Received
PO-001326,SUP-05,SKU-00023,WH-QLD,2025-11-25,2025-12-04,2025-12-06,307.0,307.0,2.48,Late
PO-001327,SUP-04,SKU-00021,WH-VIC,2025-11-25,2025-12-13,2025-12-14,149.0,149.0,2.1,Late
PO-001328,SUP-05,SKU-00001,WH-WA,2025-11-25,2025-12-04,2025-12-05,199.0,199.0,1.57,Late
PO-001329,SUP-07,SKU-00022,WH-WA,2025-11-25,2025-12-03,2025-12-03,68.0,68.0,3.85,Received
PO-001330,SUP-02,SKU-00014,WH-NSW,2025-11-26,2025-12-06,2025-12-05,372.0,372.0,4.12,Received
PO-001331,SUP-05,SKU-00017,WH-NSW,2025-11-26,2025-12-05,2025-12-05,199.0,199.0,1.83,Received
PO-001332,SUP-07,SKU-00020,WH-NSW,2025-11-26,2025-12-16,2025-12-16,238.0,238.0,5.2,Received
PO-001333,SUP-05,SKU-00023,WH-NSW,2025-11-26,2025-12-05,2025-12-05,260.0,260.0,2.48,Received
PO-001334,SUP-07,SKU-00020,WH-QLD,2025-11-26,2025-12-16,2025-12-16,304.0,304.0,5.2,Received
PO-001335,SUP-06,SKU-00009,WH-VIC,2025-11-26,2025-11-30,2025-12-01,109.0,109.0,4.65,Late
PO-001336,SUP-06,SKU-00009,WH-WA,2025-11-26,2025-11-30,2025-12-01,118.0,118.0,4.65,Late
PO-001337,SUP-07,SKU-00012,WH-WA,2025-11-26,2025-12-04,2025-12-03,57.0,57.0,2.93,Received
PO-001338,SUP-06,SKU-00019,WH-WA,2025-11-26,2025-11-30,2025-12-01,61.0,61.0,5.36,Late
PO-001339,SUP-05,SKU-00013,WH-NSW,2025-11-27,2025-12-06,2025-12-06,209.0,209.0,2.42,Received
PO-001340,SUP-05,SKU-00001,WH-QLD,2025-11-27,2025-12-06,2025-12-06,225.0,225.0,1.57,Received
PO-001341,SUP-05,SKU-00007,WH-QLD,2025-11-27,2025-12-06,2025-12-06,348.0,348.0,2.62,Received
PO-001342,SUP-02,SKU-00014,WH-VIC,2025-11-27,2025-12-07,2025-12-06,282.0,282.0,4.12,Received
PO-001343,SUP-01,SKU-00015,WH-VIC,2025-11-27,2025-12-01,2025-12-02,212.0,169.0,2.27,Late
PO-001344,SUP-06,SKU-00019,WH-VIC,2025-11-27,2025-12-01,2025-12-01,188.0,145.0,5.36,Received
PO-001345,SUP-02,SKU-00024,WH-VIC,2025-11-27,2025-12-07,2025-12-07,331.0,331.0,1.36,Received
PO-001346,SUP-02,SKU-00018,WH-WA,2025-11-27,2025-12-07,2025-12-07,239.0,239.0,2.32,Received
PO-001347,SUP-05,SKU-00001,WH-NSW,2025-11-28,2025-12-07,2025-12-05,125.0,125.0,1.57,Received
PO-001348,SUP-01,SKU-00015,WH-NSW,2025-11-28,2025-12-02,2025-11-30,122.0,122.0,2.27,Received
PO-001349,SUP-04,SKU-00021,WH-NSW,2025-11-28,2025-12-16,2025-12-14,57.0,57.0,2.1,Received
PO-001350,SUP-05,SKU-00017,WH-QLD,2025-11-28,2025-12-07,2025-12-07,344.0,344.0,1.83,Received
PO-001351,SUP-02,SKU-00018,WH-QLD,2025-11-28,2025-12-08,2025-12-08,318.0,318.0,2.32,Received
PO-001352,SUP-05,SKU-00007,WH-VIC,2025-11-28,2025-12-07,2025-12-08,346.0,346.0,2.62,Late
PO-001353,SUP-05,SKU-00023,WH-WA,2025-11-28,2025-12-07,2025-12-07,90.0,90.0,2.48,Received
PO-001354,SUP-07,SKU-00006,WH-QLD,2025-11-29,2025-12-07,2025-12-05,154.0,154.0,4.07,Received
PO-001355,SUP-05,SKU-00013,WH-QLD,2025-11-29,2025-12-08,2025-12-11,414.0,414.0,2.42,Late
PO-001356,SUP-01,SKU-00015,WH-QLD,2025-11-29,2025-12-03,2025-12-03,102.0,102.0,2.27,Received
PO-001357,SUP-06,SKU-00019,WH-QLD,2025-11-29,2025-12-03,2025-12-03,266.0,266.0,5.36,Received
PO-001358,SUP-06,SKU-00003,WH-VIC,2025-11-29,2025-12-03,2025-12-02,148.0,148.0,5.99,Received
PO-001359,SUP-07,SKU-00022,WH-VIC,2025-11-29,2025-12-07,2025-12-09,101.0,101.0,3.85,Late
PO-001360,SUP-05,SKU-00023,WH-VIC,2025-11-29,2025-12-08,2025-12-08,153.0,153.0,2.48,Received
PO-001361,SUP-01,SKU-00015,WH-WA,2025-11-29,2025-12-03,2025-12-03,78.0,70.0,2.27,Received
PO-001362,SUP-05,SKU-00017,WH-WA,2025-11-29,2025-12-08,2025-12-08,207.0,207.0,1.83,Received
PO-001363,SUP-02,SKU-00024,WH-WA,2025-11-29,2025-12-09,2025-12-09,63.0,63.0,1.36,Received
PO-001364,SUP-05,SKU-00007,WH-NSW,2025-11-30,2025-12-09,2025-12-09,268.0,268.0,2.62,Received
PO-001365,SUP-02,SKU-00008,WH-NSW,2025-11-30,2025-12-10,2025-12-08,193.0,193.0,1.67,Received
PO-001366,SUP-06,SKU-00009,WH-NSW,2025-11-30,2025-12-04,2025-12-05,158.0,158.0,4.65,Late
PO-001367,SUP-02,SKU-00016,WH-NSW,2025-11-30,2025-12-19,2025-12-19,79.0,79.0,2.03,Received
PO-001368,SUP-02,SKU-00002,WH-QLD,2025-11-30,2025-12-10,2025-12-10,317.0,317.0,2.21,Received
PO-001369,SUP-02,SKU-00008,WH-QLD,2025-11-30,2025-12-10,2025-12-10,457.0,457.0,1.67,Received
PO-001370,SUP-05,SKU-00023,WH-QLD,2025-11-30,2025-12-09,2025-12-09,279.0,279.0,2.48,Received
PO-001371,SUP-05,SKU-00001,WH-VIC,2025-11-30,2025-12-09,2025-12-09,266.0,266.0,1.57,Received
PO-001372,SUP-02,SKU-00018,WH-VIC,2025-11-30,2025-12-10,2025-12-09,294.0,294.0,2.32,Received
PO-001373,SUP-05,SKU-00001,WH-WA,2025-11-30,2025-12-09,2025-12-07,161.0,161.0,1.57,Received
PO-001374,SUP-02,SKU-00004,WH-WA,2025-11-30,2025-12-19,2025-12-19,77.0,77.0,5.29,Received
PO-001375,SUP-05,SKU-00007,WH-WA,2025-11-30,2025-12-09,2025-12-08,117.0,117.0,2.62,Received
PO-001376,SUP-03,SKU-00010,WH-WA,2025-11-30,2025-12-19,2025-12-19,129.0,129.0,4.29,Received
PO-001377,SUP-05,SKU-00013,WH-WA,2025-11-30,2025-12-09,2025-12-09,203.0,203.0,2.42,Received
PO-001378,SUP-06,SKU-00003,WH-NSW,2025-12-01,2025-12-05,2025-12-05,159.0,159.0,5.99,Received
PO-001379,SUP-07,SKU-00012,WH-NSW,2025-12-01,2025-12-09,2025-12-13,52.0,52.0,2.93,Late
PO-001380,SUP-02,SKU-00018,WH-NSW,2025-12-01,2025-12-11,2025-12-11,265.0,265.0,2.32,Received
PO-001381,SUP-05,SKU-00001,WH-QLD,2025-12-01,2025-12-10,2025-12-09,163.0,163.0,1.57,Received
PO-001382,SUP-05,SKU-00007,WH-QLD,2025-12-01,2025-12-10,2025-12-08,312.0,312.0,2.62,Received
PO-001383,SUP-07,SKU-00022,WH-QLD,2025-12-01,2025-12-09,2025-12-09,56.0,56.0,3.85,Received
PO-001384,SUP-07,SKU-00006,WH-VIC,2025-12-01,2025-12-09,2025-12-09,69.0,69.0,4.07,Received
PO-001385,SUP-05,SKU-00013,WH-VIC,2025-12-01,2025-12-10,2025-12-08,229.0,229.0,2.42,Received
PO-001386,SUP-02,SKU-00002,WH-WA,2025-12-01,2025-12-11,2025-12-11,59.0,59.0,2.21,Received
PO-001387,SUP-07,SKU-00006,WH-WA,2025-12-01,2025-12-09,2025-12-12,85.0,85.0,4.07,Late
PO-001388,SUP-06,SKU-00019,WH-NSW,2025-12-02,2025-12-06,2025-12-06,152.0,152.0,5.36,Received
PO-001389,SUP-05,SKU-00023,WH-NSW,2025-12-02,2025-12-11,2025-12-11,257.0,257.0,2.48,Received
PO-001390,SUP-02,SKU-00024,WH-NSW,2025-12-02,2025-12-12,2025-12-12,221.0,221.0,1.36,Received
PO-001391,SUP-04,SKU-00005,WH-VIC,2025-12-02,2025-12-20,2025-12-18,68.0,68.0,2.29,Received
PO-001392,SUP-06,SKU-00009,WH-VIC,2025-12-02,2025-12-06,2025-12-07,93.0,93.0,4.65,Late
PO-001393,SUP-06,SKU-00003,WH-WA,2025-12-02,2025-12-06,2025-12-06,70.0,70.0,5.99,Received
PO-001394,SUP-06,SKU-00009,WH-WA,2025-12-02,2025-12-06,2025-12-06,101.0,101.0,4.65,Received
PO-001395,SUP-02,SKU-00014,WH-WA,2025-12-02,2025-12-12,2025-12-12,142.0,142.0,4.12,Received
PO-001396,SUP-05,SKU-00001,WH-NSW,2025-12-03,2025-12-12,2025-12-12,150.0,150.0,1.57,Received
PO-001397,SUP-03,SKU-00010,WH-NSW,2025-12-03,2025-12-22,2025-12-22,152.0,152.0,4.29,Received
PO-001398,SUP-02,SKU-00014,WH-NSW,2025-12-03,2025-12-13,2025-12-13,335.0,335.0,4.12,Received
PO-001399,SUP-06,SKU-00009,WH-QLD,2025-12-03,2025-12-07,2025-12-08,103.0,103.0,4.65,Late
PO-001400,SUP-03,SKU-00010,WH-QLD,2025-12-03,2025-12-22,2025-12-22,208.0,208.0,4.29,Received
PO-001401,SUP-04,SKU-00011,WH-QLD,2025-12-03,2025-12-21,2025-12-23,99.0,99.0,5.92,Late
PO-001402,SUP-02,SKU-00014,WH-QLD,2025-12-03,2025-12-13,2025-12-13,119.0,119.0,4.12,Received
PO-001403,SUP-02,SKU-00002,WH-VIC,2025-12-03,2025-12-13,2025-12-13,550.0,550.0,2.21,Received
PO-001404,SUP-02,SKU-00008,WH-VIC,2025-12-03,2025-12-13,2025-12-13,362.0,362.0,1.67,Received
PO-001405,SUP-01,SKU-00015,WH-VIC,2025-12-03,2025-12-07,2025-12-07,275.0,275.0,2.27,Received
PO-001406,SUP-05,SKU-00017,WH-VIC,2025-12-03,2025-12-12,2025-12-12,191.0,191.0,1.83,Received
PO-001407,SUP-06,SKU-00019,WH-VIC,2025-12-03,2025-12-07,2025-12-06,140.0,140.0,5.36,Received
PO-001408,SUP-04,SKU-00011,WH-WA,2025-12-03,2025-12-21,2025-12-21,86.0,86.0,5.92,Received
PO-001409,SUP-04,SKU-00021,WH-WA,2025-12-03,2025-12-21,2025-12-19,111.0,111.0,2.1,Received
PO-001410,SUP-07,SKU-00006,WH-NSW,2025-12-04,2025-12-12,2025-12-13,113.0,113.0,4.07,Late
PO-001411,SUP-01,SKU-00015,WH-NSW,2025-12-04,2025-12-08,2025-12-06,155.0,155.0,2.27,Received
PO-001412,SUP-07,SKU-00022,WH-NSW,2025-12-04,2025-12-12,2025-12-12,182.0,182.0,3.85,Received
PO-001413,SUP-06,SKU-00003,WH-QLD,2025-12-04,2025-12-08,2025-12-08,110.0,110.0,5.99,Received
PO-001414,SUP-05,SKU-00001,WH-VIC,2025-12-04,2025-12-13,2025-12-11,245.0,189.0,1.57,Received
PO-001415,SUP-06,SKU-00003,WH-VIC,2025-12-04,2025-12-08,2025-12-07,154.0,154.0,5.99,Received
PO-001416,SUP-05,SKU-00007,WH-VIC,2025-12-04,2025-12-13,2025-12-14,254.0,254.0,2.62,Late
PO-001417,SUP-02,SKU-00016,WH-VIC,2025-12-04,2025-12-23,2025-12-23,70.0,70.0,2.03,Received
PO-001418,SUP-05,SKU-00023,WH-WA,2025-12-04,2025-12-13,2025-12-11,92.0,92.0,2.48,Received
PO-001419,SUP-02,SKU-00002,WH-NSW,2025-12-05,2025-12-15,2025-12-15,354.0,354.0,2.21,Received
PO-001420,SUP-05,SKU-00017,WH-NSW,2025-12-05,2025-12-14,2025-12-14,193.0,193.0,1.83,Received
PO-001421,SUP-05,SKU-00013,WH-QLD,2025-12-05,2025-12-14,2025-12-16,414.0,414.0,2.42,Late
PO-001422,SUP-02,SKU-00018,WH-QLD,2025-12-05,2025-12-15,2025-12-15,309.0,309.0,2.32,Received
PO-001423,SUP-04,SKU-00021,WH-QLD,2025-12-05,2025-12-23,2025-12-22,134.0,134.0,2.1,Received
PO-001424,SUP-03,SKU-00010,WH-VIC,2025-12-05,2025-12-24,2025-12-24,304.0,304.0,4.29,Received
PO-001425,SUP-07,SKU-00020,WH-VIC,2025-12-05,2025-12-25,2025-12-24,266.0,266.0,5.2,Received
PO-001426,SUP-05,SKU-00023,WH-VIC,2025-12-05,2025-12-14,2025-12-14,147.0,147.0,2.48,Received
PO-001427,SUP-05,SKU-00001,WH-WA,2025-12-05,2025-12-14,2025-12-13,195.0,195.0,1.57,Received
PO-001428,SUP-02,SKU-00016,WH-WA,2025-12-05,2025-12-24,2025-12-24,56.0,56.0,2.03,Received
PO-001429,SUP-02,SKU-00018,WH-WA,2025-12-05,2025-12-15,2025-12-16,223.0,223.0,2.32,Late
PO-001430,SUP-06,SKU-00003,WH-NSW,2025-12-06,2025-12-10,2025-12-11,186.0,186.0,5.99,Late
PO-001431,SUP-02,SKU-00004,WH-NSW,2025-12-06,2025-12-25,2025-12-24,97.0,97.0,5.29,Received
PO-001432,SUP-06,SKU-00009,WH-NSW,2025-12-06,2025-12-10,2025-12-10,185.0,185.0,4.65,Received
PO-001433,SUP-05,SKU-00013,WH-NSW,2025-12-06,2025-12-15,2025-12-15,205.0,205.0,2.42,Received
PO-001434,SUP-05,SKU-00001,WH-QLD,2025-12-06,2025-12-15,2025-12-15,191.0,191.0,1.57,Received
PO-001435,SUP-07,SKU-00006,WH-QLD,2025-12-06,2025-12-14,2025-12-14,149.0,149.0,4.07,Received
PO-001436,SUP-07,SKU-00012,WH-QLD,2025-12-06,2025-12-14,2025-12-14,119.0,119.0,2.93,Received
PO-001437,SUP-05,SKU-00017,WH-QLD,2025-12-06,2025-12-15,2025-12-15,432.0,432.0,1.83,Received
PO-001438,SUP-06,SKU-00019,WH-QLD,2025-12-06,2025-12-10,2025-12-10,207.0,207.0,5.36,Received
PO-001439,SUP-05,SKU-00023,WH-QLD,2025-12-06,2025-12-15,2025-12-18,321.0,321.0,2.48,Late
PO-001440,SUP-04,SKU-00011,WH-VIC,2025-12-06,2025-12-24,2025-12-24,126.0,126.0,5.92,Received
PO-001441,SUP-02,SKU-00024,WH-VIC,2025-12-06,2025-12-16,2025-12-16,359.0,359.0,1.36,Received
PO-001442,SUP-07,SKU-00012,WH-WA,2025-12-06,2025-12-14,2025-12-15,60.0,60.0,2.93,Late
PO-001443,SUP-01,SKU-00015,WH-WA,2025-12-06,2025-12-10,2025-12-08,81.0,81.0,2.27,Received
PO-001444,SUP-05,SKU-00017,WH-WA,2025-12-06,2025-12-15,2025-12-14,216.0,216.0,1.83,Received
PO-001445,SUP-02,SKU-00004,WH-QLD,2025-12-07,2025-12-26,2025-12-26,177.0,158.0,5.29,Received
PO-001446,SUP-04,SKU-00005,WH-QLD,2025-12-07,2025-12-25,2025-12-26,138.0,138.0,2.29,Late
PO-001447,SUP-05,SKU-00007,WH-QLD,2025-12-07,2025-12-16,2025-12-16,321.0,321.0,2.62,Received
PO-001448,SUP-02,SKU-00008,WH-QLD,2025-12-07,2025-12-17,2025-12-16,361.0,361.0,1.67,Received
PO-001449,SUP-01,SKU-00015,WH-QLD,2025-12-07,2025-12-11,2025-12-15,112.0,112.0,2.27,Late
PO-001450,SUP-02,SKU-00016,WH-QLD,2025-12-07,2025-12-26,2025-12-26,269.0,269.0,2.03,Received
PO-001451,SUP-02,SKU-00014,WH-VIC,2025-12-07,2025-12-17,2025-12-17,306.0,306.0,4.12,Received
PO-001452,SUP-04,SKU-00005,WH-WA,2025-12-07,2025-12-25,2025-12-26,64.0,64.0,2.29,Late
PO-001453,SUP-05,SKU-00007,WH-WA,2025-12-07,2025-12-16,2025-12-16,101.0,101.0,2.62,Received
PO-001454,SUP-06,SKU-00009,WH-WA,2025-12-07,2025-12-11,2025-12-11,125.0,125.0,4.65,Received
PO-001455,SUP-07,SKU-00020,WH-WA,2025-12-07,2025-12-27,2025-12-27,126.0,126.0,5.2,Received
PO-001456,SUP-07,SKU-00022,WH-WA,2025-12-07,2025-12-15,2025-12-17,75.0,75.0,3.85,Late
PO-001457,SUP-02,SKU-00024,WH-WA,2025-12-07,2025-12-17,2025-12-17,50.0,50.0,1.36,Received
PO-001458,SUP-04,SKU-00011,WH-NSW,2025-12-08,2025-12-26,2025-12-26,112.0,112.0,5.92,Received
PO-001459,SUP-01,SKU-00015,WH-NSW,2025-12-08,2025-12-12,2025-12-12,124.0,124.0,2.27,Received
PO-001460,SUP-02,SKU-00004,WH-VIC,2025-12-08,2025-12-27,2025-12-26,263.0,263.0,5.29,Received
PO-001461,SUP-05,SKU-00013,WH-VIC,2025-12-08,2025-12-17,2025-12-15,282.0,282.0,2.42,Received
PO-001462,SUP-02,SKU-00018,WH-VIC,2025-12-08,2025-12-18,2025-12-18,354.0,354.0,2.32,Received
PO-001463,SUP-06,SKU-00019,WH-VIC,2025-12-08,2025-12-12,2025-12-12,169.0,169.0,5.36,Received
PO-001464,SUP-07,SKU-00022,WH-VIC,2025-12-08,2025-12-16,2025-12-16,72.0,72.0,3.85,Received
PO-001465,SUP-05,SKU-00013,WH-WA,2025-12-08,2025-12-17,2025-12-16,232.0,232.0,2.42,Received
PO-001466,SUP-04,SKU-00005,WH-NSW,2025-12-09,2025-12-27,2025-12-27,60.0,60.0,2.29,Received
PO-001467,SUP-05,SKU-00007,WH-NSW,2025-12-09,2025-12-18,2025-12-18,287.0,287.0,2.62,Received
PO-001468,SUP-06,SKU-00019,WH-NSW,2025-12-09,2025-12-13,2025-12-13,164.0,164.0,5.36,Received
PO-001469,SUP-07,SKU-00020,WH-QLD,2025-12-09,2025-12-29,2025-12-28,286.0,286.0,5.2,Received
PO-001470,SUP-05,SKU-00017,WH-VIC,2025-12-09,2025-12-18,2025-12-17,156.0,156.0,1.83,Received
PO-001471,SUP-04,SKU-00021,WH-VIC,2025-12-09,2025-12-27,2025-12-27,138.0,138.0,2.1,Received
PO-001472,SUP-07,SKU-00006,WH-WA,2025-12-09,2025-12-17,2025-12-17,82.0,82.0,4.07,Received
PO-001473,SUP-05,SKU-00001,WH-NSW,2025-12-10,2025-12-19,2025-12-19,161.0,161.0,1.57,Received
PO-001474,SUP-02,SKU-00018,WH-NSW,2025-12-10,2025-12-20,2025-12-20,285.0,285.0,2.32,Received
PO-001475,SUP-07,SKU-00020,WH-NSW,2025-12-10,2025-12-30,2025-12-30,221.0,221.0,5.2,Received
PO-001476,SUP-05,SKU-00023,WH-NSW,2025-12-10,2025-12-19,2025-12-18,281.0,281.0,2.48,Received
PO-001477,SUP-02,SKU-00024,WH-NSW,2025-12-10,2025-12-20,2025-12-20,221.0,221.0,1.36,Received
PO-001478,SUP-02,SKU-00002,WH-QLD,2025-12-10,2025-12-20,2025-12-20,248.0,248.0,2.21,Received
PO-001479,SUP-06,SKU-00003,WH-VIC,2025-12-10,2025-12-14,2025-12-14,136.0,136.0,5.99,Received
PO-001480,SUP-06,SKU-00009,WH-VIC,2025-12-10,2025-12-14,2025-12-14,94.0,94.0,4.65,Received
PO-001481,SUP-01,SKU-00015,WH-VIC,2025-12-10,2025-12-14,2025-12-14,209.0,209.0,2.27,Received
PO-001482,SUP-06,SKU-00003,WH-WA,2025-12-10,2025-12-14,2025-12-14,72.0,72.0,5.99,Received
PO-001483,SUP-02,SKU-00014,WH-WA,2025-12-10,2025-12-20,2025-12-19,138.0,138.0,4.12,Received
PO-001484,SUP-05,SKU-00023,WH-WA,2025-12-10,2025-12-19,2025-12-17,90.0,90.0,2.48,Received
PO-001485,SUP-02,SKU-00008,WH-NSW,2025-12-11,2025-12-21,2025-12-23,193.0,193.0,1.67,Late
PO-001486,SUP-02,SKU-00016,WH-NSW,2025-12-11,2025-12-30,2025-12-31,76.0,76.0,2.03,Late
PO-001487,SUP-06,SKU-00009,WH-QLD,2025-12-11,2025-12-15,2025-12-14,104.0,104.0,4.65,Received
PO-001488,SUP-05,SKU-00013,WH-QLD,2025-12-11,2025-12-20,2025-12-18,409.0,409.0,2.42,Received
PO-001489,SUP-02,SKU-00014,WH-QLD,2025-12-11,2025-12-21,2025-12-22,90.0,90.0,4.12,Late
PO-001490,SUP-05,SKU-00017,WH-QLD,2025-12-11,2025-12-20,2025-12-20,383.0,383.0,1.83,Received
PO-001491,SUP-07,SKU-00022,WH-QLD,2025-12-11,2025-12-19,2025-12-19,57.0,57.0,3.85,Received
PO-001492,SUP-05,SKU-00007,WH-VIC,2025-12-11,2025-12-20,2025-12-18,286.0,286.0,2.62,Received
PO-001493,SUP-06,SKU-00019,WH-WA,2025-12-11,2025-12-15,2025-12-16,66.0,66.0,5.36,Late
PO-001494,SUP-06,SKU-00003,WH-NSW,2025-12-12,2025-12-16,2025-12-16,154.0,154.0,5.99,Received
PO-001495,SUP-06,SKU-00009,WH-NSW,2025-12-12,2025-12-16,2025-12-17,161.0,161.0,4.65,Late
PO-001496,SUP-05,SKU-00013,WH-NSW,2025-12-12,2025-12-21,2025-12-22,154.0,154.0,2.42,Late
PO-001497,SUP-02,SKU-00014,WH-NSW,2025-12-12,2025-12-22,2025-12-22,362.0,362.0,4.12,Received
PO-001498,SUP-06,SKU-00003,WH-QLD,2025-12-12,2025-12-16,2025-12-16,114.0,114.0,5.99,Received
PO-001499,SUP-05,SKU-00023,WH-QLD,2025-12-12,2025-12-21,2025-12-21,277.0,277.0,2.48,Received
PO-001500,SUP-05,SKU-00001,WH-VIC,2025-12-12,2025-12-21,2025-12-21,291.0,291.0,1.57,Received
PO-001501,SUP-02,SKU-00002,WH-VIC,2025-12-12,2025-12-22,2025-12-21,435.0,435.0,2.21,Received
PO-001502,SUP-02,SKU-00008,WH-VIC,2025-12-12,2025-12-22,2025-12-22,327.0,327.0,1.67,Received
PO-001503,SUP-01,SKU-00015,WH-WA,2025-12-12,2025-12-16,2025-12-16,77.0,77.0,2.27,Received
PO-001504,SUP-05,SKU-00017,WH-WA,2025-12-12,2025-12-21,2025-12-21,186.0,186.0,1.83,Received
PO-001505,SUP-02,SKU-00002,WH-NSW,2025-12-13,2025-12-23,2025-12-22,408.0,408.0,2.21,Received
PO-001506,SUP-07,SKU-00006,WH-NSW,2025-12-13,2025-12-21,2025-12-22,132.0,132.0,4.07,Late
PO-001507,SUP-05,SKU-00017,WH-NSW,2025-12-13,2025-12-22,2025-12-22,158.0,158.0,1.83,Received
PO-001508,SUP-04,SKU-00021,WH-NSW,2025-12-13,2025-12-31,2026-01-02,58.0,58.0,2.1,Late
PO-001509,SUP-05,SKU-00001,WH-QLD,2025-12-13,2025-12-22,2025-12-26,212.0,212.0,1.57,Late
PO-001510,SUP-05,SKU-00007,WH-QLD,2025-12-13,2025-12-22,2025-12-22,338.0,338.0,2.62,Received
PO-001511,SUP-02,SKU-00018,WH-QLD,2025-12-13,2025-12-23,2025-12-23,315.0,315.0,2.32,Received
PO-001512,SUP-07,SKU-00006,WH-VIC,2025-12-13,2025-12-21,2025-12-20,97.0,97.0,4.07,Received
PO-001513,SUP-05,SKU-00001,WH-WA,2025-12-13,2025-12-22,2025-12-22,209.0,209.0,1.57,Received
PO-001514,SUP-02,SKU-00002,WH-WA,2025-12-13,2025-12-23,2025-12-23,57.0,47.0,2.21,Received
PO-001515,SUP-05,SKU-00007,WH-WA,2025-12-13,2025-12-22,2025-12-22,110.0,110.0,2.62,Received
PO-001516,SUP-07,SKU-00012,WH-WA,2025-12-13,2025-12-21,2025-12-23,61.0,61.0,2.93,Late
PO-001517,SUP-07,SKU-00012,WH-NSW,2025-12-14,2025-12-22,2025-12-22,52.0,52.0,2.93,Received
PO-001518,SUP-07,SKU-00006,WH-QLD,2025-12-14,2025-12-22,2025-12-22,157.0,157.0,4.07,Received
PO-001519,SUP-07,SKU-00012,WH-QLD,2025-12-14,2025-12-22,2025-12-22,84.0,84.0,2.93,Received
PO-001520,SUP-06,SKU-00019,WH-QLD,2025-12-14,2025-12-18,2025-12-18,273.0,273.0,5.36,Received
PO-001521,SUP-06,SKU-00003,WH-VIC,2025-12-14,2025-12-18,2025-12-20,177.0,177.0,5.99,Late
PO-001522,SUP-02,SKU-00014,WH-VIC,2025-12-14,2025-12-24,2025-12-24,282.0,282.0,4.12,Received
PO-001523,SUP-05,SKU-00023,WH-VIC,2025-12-14,2025-12-23,2025-12-21,229.0,229.0,2.48,Received
PO-001524,SUP-02,SKU-00024,WH-VIC,2025-12-14,2025-12-24,2025-12-25,356.0,356.0,1.36,Late
PO-001525,SUP-03,SKU-00010,WH-WA,2025-12-14,2026-01-02,2026-01-03,135.0,135.0,4.29,Late
PO-001526,SUP-05,SKU-00013,WH-WA,2025-12-14,2025-12-23,2025-12-21,185.0,185.0,2.42,Received
PO-001527,SUP-02,SKU-00018,WH-WA,2025-12-14,2025-12-24,2025-12-23,234.0,234.0,2.32,Received
PO-001528,SUP-05,SKU-00007,WH-NSW,2025-12-15,2025-12-24,2025-12-24,200.0,200.0,2.62,Received
PO-001529,SUP-07,SKU-00022,WH-NSW,2025-12-15,2025-12-23,2025-12-23,178.0,178.0,3.85,Received
PO-001530,SUP-05,SKU-00023,WH-NSW,2025-12-15,2025-12-24,2025-12-23,265.0,265.0,2.48,Received
PO-001531,SUP-01,SKU-00015,WH-QLD,2025-12-15,2025-12-19,2025-12-20,116.0,116.0,2.27,Late
PO-001532,SUP-01,SKU-00015,WH-VIC,2025-12-15,2025-12-19,2025-12-18,220.0,220.0,2.27,Received
PO-001533,SUP-05,SKU-00017,WH-VIC,2025-12-15,2025-12-24,2025-12-28,146.0,146.0,1.83,Late
PO-001534,SUP-06,SKU-00019,WH-VIC,2025-12-15,2025-12-19,2025-12-19,138.0,138.0,5.36,Received
PO-001535,SUP-02,SKU-00004,WH-WA,2025-12-15,2026-01-03,2026-01-03,66.0,66.0,5.29,Received
PO-001536,SUP-06,SKU-00009,WH-WA,2025-12-15,2025-12-19,2025-12-19,107.0,107.0,4.65,Received
PO-001537,SUP-02,SKU-00024,WH-WA,2025-12-15,2025-12-25,2025-12-25,63.0,63.0,1.36,Received
PO-001538,SUP-05,SKU-00001,WH-NSW,2025-12-16,2025-12-25,2025-12-26,132.0,132.0,1.57,Late
PO-001539,SUP-03,SKU-00010,WH-NSW,2025-12-16,2026-01-04,2026-01-04,170.0,170.0,4.29,Received
PO-001540,SUP-01,SKU-00015,WH-NSW,2025-12-16,2025-12-20,2025-12-18,149.0,149.0,2.27,Received
PO-001541,SUP-06,SKU-00019,WH-NSW,2025-12-16,2025-12-20,2025-12-20,193.0,193.0,5.36,Received
PO-001542,SUP-02,SKU-00008,WH-QLD,2025-12-16,2025-12-26,2025-12-26,421.0,421.0,1.67,Received
PO-001543,SUP-03,SKU-00010,WH-QLD,2025-12-16,2026-01-04,2026-01-04,210.0,210.0,4.29,Received
PO-001544,SUP-04,SKU-00021,WH-QLD,2025-12-16,2026-01-03,2026-01-03,130.0,130.0,2.1,Received
PO-001545,SUP-05,SKU-00013,WH-VIC,2025-12-16,2025-12-25,2025-12-28,292.0,292.0,2.42,Late
PO-001546,SUP-04,SKU-00011,WH-WA,2025-12-16,2026-01-03,2026-01-04,65.0,65.0,5.92,Late
PO-001547,SUP-04,SKU-00021,WH-WA,2025-12-16,2026-01-03,2026-01-03,99.0,99.0,2.1,Received
PO-001548,SUP-05,SKU-00023,WH-WA,2025-12-16,2025-12-25,2025-12-23,88.0,88.0,2.48,Received
PO-001549,SUP-05,SKU-00017,WH-NSW,2025-12-17,2025-12-26,2025-12-26,136.0,136.0,1.83,Received
PO-001550,SUP-02,SKU-00024,WH-NSW,2025-12-17,2025-12-27,2025-12-28,201.0,201.0,1.36,Late
PO-001551,SUP-02,SKU-00002,WH-QLD,2025-12-17,2025-12-27,2025-12-28,242.0,242.0,2.21,Late
PO-001552,SUP-06,SKU-00003,WH-NSW,2025-12-18,2025-12-22,2025-12-22,179.0,179.0,5.99,Received
PO-001553,SUP-06,SKU-00009,WH-NSW,2025-12-18,2025-12-22,2025-12-22,211.0,211.0,4.65,Received
PO-001554,SUP-05,SKU-00001,WH-QLD,2025-12-18,2025-12-27,2025-12-26,165.0,165.0,1.57,Received
PO-001555,SUP-04,SKU-00011,WH-QLD,2025-12-18,2026-01-05,2026-01-04,94.0,94.0,5.92,Received
PO-001556,SUP-05,SKU-00017,WH-QLD,2025-12-18,2025-12-27,2025-12-27,381.0,381.0,1.83,Received
PO-001557,SUP-06,SKU-00019,WH-QLD,2025-12-18,2025-12-22,2025-12-22,182.0,182.0,5.36,Received
PO-001558,SUP-05,SKU-00023,WH-QLD,2025-12-18,2025-12-27,2025-12-26,362.0,362.0,2.48,Received
PO-001559,SUP-05,SKU-00001,WH-VIC,2025-12-18,2025-12-27,2025-12-27,246.0,246.0,1.57,Received
PO-001560,SUP-04,SKU-00005,WH-VIC,2025-12-18,2026-01-05,2026-01-05,73.0,73.0,2.29,Received
PO-001561,SUP-03,SKU-00010,WH-VIC,2025-12-18,2026-01-06,2026-01-05,274.0,274.0,4.29,Received
PO-001562,SUP-02,SKU-00018,WH-VIC,2025-12-18,2025-12-28,2025-12-28,296.0,296.0,2.32,Received
PO-001563,SUP-05,SKU-00001,WH-WA,2025-12-18,2025-12-27,2025-12-27,163.0,163.0,1.57,Received
PO-001564,SUP-02,SKU-00014,WH-WA,2025-12-18,2025-12-28,2025-12-27,132.0,132.0,4.12,Received
PO-001565,SUP-01,SKU-00015,WH-WA,2025-12-18,2025-12-22,2025-12-20,80.0,80.0,2.27,Received
PO-001566,SUP-02,SKU-00004,WH-NSW,2025-12-19,2026-01-07,2026-01-07,94.0,94.0,5.29,Received
PO-001567,SUP-05,SKU-00013,WH-NSW,2025-12-19,2025-12-28,2025-12-26,164.0,164.0,2.42,Received
PO-001568,SUP-02,SKU-00018,WH-NSW,2025-12-19,2025-12-29,2025-12-29,279.0,279.0,2.32,Received
PO-001569,SUP-05,SKU-00007,WH-QLD,2025-12-19,2025-12-28,2025-12-26,362.0,362.0,2.62,Received
PO-001570,SUP-05,SKU-00013,WH-QLD,2025-12-19,2025-12-28,2025-12-31,572.0,572.0,2.42,Late
PO-001571,SUP-02,SKU-00002,WH-VIC,2025-12-19,2025-12-29,2025-12-29,461.0,461.0,2.21,Received
PO-001572,SUP-05,SKU-00007,WH-VIC,2025-12-19,2025-12-28,2026-01-01,339.0,284.0,2.62,Late
PO-001573,SUP-06,SKU-00009,WH-VIC,2025-12-19,2025-12-23,2025-12-23,108.0,108.0,4.65,Received
PO-001574,SUP-06,SKU-00019,WH-VIC,2025-12-19,2025-12-23,2025-12-23,190.0,190.0,5.36,Received
PO-001575,SUP-04,SKU-00005,WH-WA,2025-12-19,2026-01-06,2026-01-04,61.0,61.0,2.29,Received
PO-001576,SUP-05,SKU-00007,WH-WA,2025-12-19,2025-12-28,2025-12-29,100.0,100.0,2.62,Late
PO-001577,SUP-05,SKU-00017,WH-WA,2025-12-19,2025-12-28,2025-12-31,161.0,161.0,1.83,Late
PO-001578,SUP-02,SKU-00008,WH-NSW,2025-12-20,2025-12-30,2025-12-30,184.0,184.0,1.67,Received
PO-001579,SUP-06,SKU-00003,WH-QLD,2025-12-20,2025-12-24,2025-12-26,132.0,132.0,5.99,Late
PO-001580,SUP-02,SKU-00004,WH-QLD,2025-12-20,2026-01-08,2026-01-08,153.0,153.0,5.29,Received
PO-001581,SUP-06,SKU-00009,WH-QLD,2025-12-20,2025-12-24,2025-12-24,101.0,101.0,4.65,Received
PO-001582,SUP-07,SKU-00022,WH-QLD,2025-12-20,2025-12-28,2026-01-01,55.0,55.0,3.85,Late
PO-001583,SUP-02,SKU-00008,WH-VIC,2025-12-20,2025-12-30,2025-12-30,300.0,300.0,1.67,Received
PO-001584,SUP-04,SKU-00011,WH-VIC,2025-12-20,2026-01-07,2026-01-07,129.0,129.0,5.92,Received
PO-001585,SUP-07,SKU-00022,WH-VIC,2025-12-20,2025-12-28,2025-12-29,94.0,94.0,3.85,Late
PO-001586,SUP-05,SKU-00023,WH-VIC,2025-12-20,2025-12-29,2025-12-29,160.0,160.0,2.48,Received
PO-001587,SUP-06,SKU-00003,WH-WA,2025-12-20,2025-12-24,2025-12-24,68.0,68.0,5.99,Received
PO-001588,SUP-07,SKU-00006,WH-WA,2025-12-20,2025-12-28,2025-12-28,79.0,79.0,4.07,Received
PO-001589,SUP-05,SKU-00013,WH-WA,2025-12-20,2025-12-29,2026-01-01,191.0,191.0,2.42,Late
PO-001590,SUP-02,SKU-00016,WH-WA,2025-12-20,2026-01-08,2026-01-08,53.0,53.0,2.03,Received
PO-001591,SUP-07,SKU-00022,WH-WA,2025-12-20,2025-12-28,2025-12-28,65.0,65.0,3.85,Received
PO-001592,SUP-07,SKU-00006,WH-NSW,2025-12-21,2025-12-29,2025-12-27,114.0,114.0,4.07,Received
PO-001593,SUP-02,SKU-00014,WH-NSW,2025-12-21,2025-12-31,2025-12-30,389.0,389.0,4.12,Received
PO-001594,SUP-04,SKU-00005,WH-QLD,2025-12-21,2026-01-08,2026-01-11,125.0,125.0,2.29,Late
PO-001595,SUP-07,SKU-00012,WH-QLD,2025-12-21,2025-12-29,2025-12-29,83.0,83.0,2.93,Received
PO-001596,SUP-02,SKU-00018,WH-QLD,2025-12-21,2025-12-31,2025-12-31,314.0,314.0,2.32,Received
PO-001597,SUP-06,SKU-00003,WH-VIC,2025-12-21,2025-12-25,2025-12-25,135.0,135.0,5.99,Received
PO-001598,SUP-02,SKU-00004,WH-VIC,2025-12-21,2026-01-09,2026-01-08,264.0,264.0,5.29,Received
PO-001599,SUP-01,SKU-00015,WH-VIC,2025-12-21,2025-12-25,2025-12-24,195.0,195.0,2.27,Received
PO-001600,SUP-02,SKU-00016,WH-VIC,2025-12-21,2026-01-09,2026-01-08,70.0,70.0,2.03,Received
PO-001601,SUP-07,SKU-00020,WH-VIC,2025-12-21,2026-01-10,2026-01-08,251.0,251.0,5.2,Received
PO-001602,SUP-04,SKU-00021,WH-VIC,2025-12-21,2026-01-08,2026-01-07,139.0,139.0,2.1,Received
PO-001603,SUP-06,SKU-00009,WH-WA,2025-12-21,2025-12-25,2025-12-26,141.0,141.0,4.65,Late
PO-001604,SUP-07,SKU-00020,WH-WA,2025-12-21,2026-01-10,2026-01-12,129.0,129.0,5.2,Late
PO-001605,SUP-05,SKU-00001,WH-NSW,2025-12-22,2025-12-31,2026-01-01,123.0,123.0,1.57,Late
PO-001606,SUP-02,SKU-00002,WH-NSW,2025-12-22,2026-01-01,2026-01-01,333.0,333.0,2.21,Received
PO-001607,SUP-05,SKU-00007,WH-NSW,2025-12-22,2025-12-31,2025-12-31,270.0,270.0,2.62,Received
PO-001608,SUP-04,SKU-00011,WH-NSW,2025-12-22,2026-01-09,2026-01-10,112.0,112.0,5.92,Late
PO-001609,SUP-06,SKU-00019,WH-NSW,2025-12-22,2025-12-26,2025-12-26,152.0,152.0,5.36,Received
PO-001610,SUP-05,SKU-00023,WH-NSW,2025-12-22,2025-12-31,2025-12-31,308.0,308.0,2.48,Received
PO-001611,SUP-02,SKU-00014,WH-QLD,2025-12-22,2026-01-01,2026-01-01,118.0,118.0,4.12,Received
PO-001612,SUP-01,SKU-00015,WH-QLD,2025-12-22,2025-12-26,2025-12-24,103.0,103.0,2.27,Received
PO-001613,SUP-07,SKU-00006,WH-VIC,2025-12-22,2025-12-30,2025-12-30,68.0,68.0,4.07,Received
PO-001614,SUP-02,SKU-00014,WH-VIC,2025-12-22,2026-01-01,2026-01-01,291.0,215.0,4.12,Received
PO-001615,SUP-02,SKU-00024,WH-VIC,2025-12-22,2026-01-01,2026-01-01,320.0,320.0,1.36,Received
PO-001616,SUP-05,SKU-00023,WH-WA,2025-12-22,2025-12-31,2025-12-30,86.0,86.0,2.48,Received
PO-001617,SUP-06,SKU-00003,WH-NSW,2025-12-23,2025-12-27,2025-12-26,170.0,170.0,5.99,Received
PO-001618,SUP-01,SKU-00015,WH-NSW,2025-12-23,2025-12-27,2025-12-27,173.0,173.0,2.27,Received
PO-001619,SUP-05,SKU-00017,WH-NSW,2025-12-23,2026-01-01,2026-01-03,145.0,145.0,1.83,Late
PO-001620,SUP-07,SKU-00022,WH-NSW,2025-12-23,2025-12-31,2025-12-31,162.0,131.0,3.85,Received
PO-001621,SUP-07,SKU-00006,WH-QLD,2025-12-23,2025-12-31,2026-01-04,189.0,189.0,4.07,Late
PO-001622,SUP-02,SKU-00016,WH-QLD,2025-12-23,2026-01-11,2026-01-12,254.0,254.0,2.03,Late
PO-001623,SUP-05,SKU-00017,WH-QLD,2025-12-23,2026-01-01,2026-01-01,363.0,363.0,1.83,Received
PO-001624,SUP-06,SKU-00019,WH-QLD,2025-12-23,2025-12-27,2025-12-27,253.0,253.0,5.36,Received
PO-001625,SUP-05,SKU-00013,WH-VIC,2025-12-23,2026-01-01,2026-01-02,296.0,296.0,2.42,Late
PO-001626,SUP-05,SKU-00017,WH-VIC,2025-12-23,2026-01-01,2026-01-02,191.0,191.0,1.83,Late
PO-001627,SUP-02,SKU-00002,WH-WA,2025-12-23,2026-01-02,2026-01-02,68.0,68.0,2.21,Received
PO-001628,SUP-07,SKU-00012,WH-WA,2025-12-23,2025-12-31,2025-12-29,60.0,60.0,2.93,Received
PO-001629,SUP-01,SKU-00015,WH-WA,2025-12-23,2025-12-27,2025-12-27,75.0,75.0,2.27,Received
PO-001630,SUP-05,SKU-00017,WH-WA,2025-12-23,2026-01-01,2026-01-02,165.0,165.0,1.83,Late
PO-001631,SUP-06,SKU-00019,WH-WA,2025-12-23,2025-12-27,2025-12-27,66.0,66.0,5.36,Received
PO-001632,SUP-02,SKU-00002,WH-QLD,2025-12-24,2026-01-03,2026-01-03,237.0,237.0,2.21,Received
PO-001633,SUP-02,SKU-00008,WH-QLD,2025-12-24,2026-01-03,2026-01-03,418.0,418.0,1.67,Received
PO-001634,SUP-05,SKU-00001,WH-VIC,2025-12-24,2026-01-02,2026-01-04,246.0,246.0,1.57,Late
PO-001635,SUP-06,SKU-00019,WH-VIC,2025-12-24,2025-12-28,2025-12-28,153.0,153.0,5.36,Received
PO-001636,SUP-02,SKU-00018,WH-WA,2025-12-24,2026-01-03,2026-01-03,283.0,283.0,2.32,Received
PO-001637,SUP-06,SKU-00009,WH-NSW,2025-12-25,2025-12-29,2025-12-29,229.0,229.0,4.65,Received
PO-001638,SUP-05,SKU-00013,WH-NSW,2025-12-25,2026-01-03,2026-01-01,169.0,169.0,2.42,Received
PO-001639,SUP-07,SKU-00020,WH-NSW,2025-12-25,2026-01-14,2026-01-14,227.0,227.0,5.2,Received
PO-001640,SUP-02,SKU-00024,WH-NSW,2025-12-25,2026-01-04,2026-01-04,225.0,225.0,1.36,Received
PO-001641,SUP-05,SKU-00007,WH-QLD,2025-12-25,2026-01-03,2026-01-03,422.0,422.0,2.62,Received
PO-001642,SUP-07,SKU-00020,WH-QLD,2025-12-25,2026-01-14,2026-01-12,304.0,304.0,5.2,Received
PO-001643,SUP-05,SKU-00023,WH-QLD,2025-12-25,2026-01-03,2026-01-03,341.0,341.0,2.48,Received
PO-001644,SUP-06,SKU-00003,WH-VIC,2025-12-25,2025-12-29,2025-12-31,168.0,168.0,5.99,Late
PO-001645,SUP-06,SKU-00009,WH-VIC,2025-12-25,2025-12-29,2025-12-27,84.0,84.0,4.65,Received
PO-001646,SUP-02,SKU-00018,WH-VIC,2025-12-25,2026-01-04,2026-01-04,353.0,353.0,2.32,Received
PO-001647,SUP-05,SKU-00001,WH-WA,2025-12-25,2026-01-03,2026-01-02,239.0,239.0,1.57,Received
PO-001648,SUP-02,SKU-00024,WH-WA,2025-12-25,2026-01-04,2026-01-04,62.0,62.0,1.36,Received
PO-001649,SUP-05,SKU-00007,WH-NSW,2025-12-26,2026-01-04,2026-01-02,196.0,196.0,2.62,Received
PO-001650,SUP-02,SKU-00016,WH-NSW,2025-12-26,2026-01-14,2026-01-13,91.0,91.0,2.03,Received
PO-001651,SUP-06,SKU-00019,WH-NSW,2025-12-26,2025-12-30,2025-12-30,141.0,141.0,5.36,Received
PO-001652,SUP-05,SKU-00001,WH-QLD,2025-12-26,2026-01-04,2026-01-02,214.0,214.0,1.57,Received
PO-001653,SUP-06,SKU-00009,WH-QLD,2025-12-26,2025-12-30,2025-12-30,91.0,91.0,4.65,Received
PO-001654,SUP-05,SKU-00013,WH-QLD,2025-12-26,2026-01-04,2026-01-02,409.0,409.0,2.42,Received
PO-001655,SUP-06,SKU-00019,WH-QLD,2025-12-26,2025-12-30,2025-12-30,197.0,197.0,5.36,Received
PO-001656,SUP-07,SKU-00022,WH-QLD,2025-12-26,2026-01-03,2026-01-06,57.0,57.0,3.85,Late
PO-001657,SUP-05,SKU-00007,WH-VIC,2025-12-26,2026-01-04,2026-01-04,306.0,306.0,2.62,Received
PO-001658,SUP-02,SKU-00008,WH-VIC,2025-12-26,2026-01-05,2026-01-05,321.0,321.0,1.67,Received
PO-001659,SUP-05,SKU-00023,WH-VIC,2025-12-26,2026-01-04,2026-01-04,184.0,184.0,2.48,Received
PO-001660,SUP-06,SKU-00003,WH-WA,2025-12-26,2025-12-30,2025-12-30,72.0,72.0,5.99,Received
PO-001661,SUP-05,SKU-00007,WH-WA,2025-12-26,2026-01-04,2026-01-06,135.0,135.0,2.62,Late
PO-001662,SUP-05,SKU-00013,WH-WA,2025-12-26,2026-01-04,2026-01-05,265.0,265.0,2.42,Late
PO-001663,SUP-02,SKU-00014,WH-WA,2025-12-26,2026-01-05,2026-01-05,142.0,142.0,4.12,Received
PO-001664,SUP-05,SKU-00001,WH-NSW,2025-12-27,2026-01-05,2026-01-03,124.0,124.0,1.57,Received
PO-001665,SUP-04,SKU-00005,WH-NSW,2025-12-27,2026-01-14,2026-01-15,58.0,58.0,2.29,Late
PO-001666,SUP-02,SKU-00008,WH-NSW,2025-12-27,2026-01-06,2026-01-06,152.0,152.0,1.67,Received
PO-001667,SUP-05,SKU-00017,WH-NSW,2025-12-27,2026-01-05,2026-01-05,134.0,134.0,1.83,Received
PO-001668,SUP-02,SKU-00018,WH-NSW,2025-12-27,2026-01-06,2026-01-06,276.0,276.0,2.32,Received
PO-001669,SUP-05,SKU-00017,WH-QLD,2025-12-27,2026-01-05,2026-01-05,340.0,340.0,1.83,Received
PO-001670,SUP-03,SKU-00010,WH-VIC,2025-12-27,2026-01-15,2026-01-15,274.0,274.0,4.29,Received
PO-001671,SUP-01,SKU-00015,WH-VIC,2025-12-27,2025-12-31,2026-01-03,221.0,221.0,2.27,Late
PO-001672,SUP-06,SKU-00019,WH-VIC,2025-12-27,2025-12-31,2025-12-31,206.0,206.0,5.36,Received
PO-001673,SUP-07,SKU-00022,WH-VIC,2025-12-27,2026-01-04,2026-01-05,68.0,68.0,3.85,Late
PO-001674,SUP-04,SKU-00011,WH-WA,2025-12-27,2026-01-14,2026-01-13,72.0,72.0,5.92,Received
PO-001675,SUP-02,SKU-00002,WH-NSW,2025-12-28,2026-01-07,2026-01-07,332.0,332.0,2.21,Received
PO-001676,SUP-03,SKU-00010,WH-NSW,2025-12-28,2026-01-16,2026-01-17,174.0,174.0,4.29,Late
PO-001677,SUP-02,SKU-00014,WH-NSW,2025-12-28,2026-01-07,2026-01-07,378.0,378.0,4.12,Received
PO-001678,SUP-05,SKU-00023,WH-NSW,2025-12-28,2026-01-06,2026-01-06,258.0,258.0,2.48,Received
PO-001679,SUP-06,SKU-00003,WH-QLD,2025-12-28,2026-01-01,2026-01-01,122.0,122.0,5.99,Received
PO-001680,SUP-03,SKU-00010,WH-QLD,2025-12-28,2026-01-16,2026-01-15,248.0,248.0,4.29,Received
PO-001681,SUP-01,SKU-00015,WH-QLD,2025-12-28,2026-01-01,2026-01-02,107.0,107.0,2.27,Late
PO-001682,SUP-02,SKU-00018,WH-QLD,2025-12-28,2026-01-07,2026-01-07,314.0,314.0,2.32,Received
PO-001683,SUP-02,SKU-00002,WH-VIC,2025-12-28,2026-01-07,2026-01-06,586.0,586.0,2.21,Received
PO-001684,SUP-05,SKU-00013,WH-VIC,2025-12-28,2026-01-06,2026-01-09,253.0,253.0,2.42,Late
PO-001685,SUP-05,SKU-00017,WH-VIC,2025-12-28,2026-01-06,2026-01-05,158.0,158.0,1.83,Received
PO-001686,SUP-02,SKU-00004,WH-WA,2025-12-28,2026-01-16,2026-01-16,83.0,83.0,5.29,Received
PO-001687,SUP-06,SKU-00009,WH-WA,2025-12-28,2026-01-01,2026-01-01,126.0,126.0,4.65,Received
PO-001688,SUP-03,SKU-00010,WH-WA,2025-12-28,2026-01-16,2026-01-15,148.0,148.0,4.29,Received
PO-001689,SUP-01,SKU-00015,WH-WA,2025-12-28,2026-01-01,2026-01-02,85.0,85.0,2.27,Late
PO-001690,SUP-05,SKU-00023,WH-WA,2025-12-28,2026-01-06,2026-01-06,99.0,99.0,2.48,Received
PO-001691,SUP-06,SKU-00003,WH-NSW,2025-12-29,2026-01-02,2026-01-02,235.0,235.0,5.99,Received
PO-001692,SUP-06,SKU-00009,WH-NSW,2025-12-29,2026-01-02,2026-01-02,164.0,164.0,4.65,Received
PO-001693,SUP-04,SKU-00021,WH-NSW,2025-12-29,2026-01-16,2026-01-18,57.0,57.0,2.1,Late
PO-001694,SUP-02,SKU-00014,WH-QLD,2025-12-29,2026-01-08,2026-01-09,113.0,113.0,4.12,Late
PO-001695,SUP-05,SKU-00001,WH-VIC,2025-12-29,2026-01-07,2026-01-07,252.0,252.0,1.57,Received
PO-001696,SUP-02,SKU-00024,WH-VIC,2025-12-29,2026-01-08,2026-01-08,345.0,345.0,1.36,Received
PO-001697,SUP-07,SKU-00006,WH-WA,2025-12-29,2026-01-06,2026-01-08,101.0,101.0,4.07,Late
PO-001698,SUP-07,SKU-00012,WH-WA,2025-12-29,2026-01-06,2026-01-06,55.0,55.0,2.93,Received
PO-001699,SUP-04,SKU-00021,WH-WA,2025-12-29,2026-01-16,2026-01-15,108.0,108.0,2.1,Received
PO-001700,SUP-07,SKU-00006,WH-NSW,2025-12-30,2026-01-07,2026-01-07,135.0,135.0,4.07,Received
PO-001701,SUP-05,SKU-00013,WH-NSW,2025-12-30,2026-01-08,2026-01-08,157.0,144.0,2.42,Received
PO-001702,SUP-01,SKU-00015,WH-NSW,2025-12-30,2026-01-03,2026-01-03,191.0,191.0,2.27,Received
PO-001703,SUP-06,SKU-00019,WH-NSW,2025-12-30,2026-01-03,2026-01-03,145.0,145.0,5.36,Received
PO-001704,SUP-04,SKU-00011,WH-QLD,2025-12-30,2026-01-17,2026-01-15,92.0,92.0,5.92,Received
PO-001705,SUP-05,SKU-00023,WH-QLD,2025-12-30,2026-01-08,2026-01-08,305.0,305.0,2.48,Received
PO-001706,SUP-02,SKU-00004,WH-NSW,2025-12-31,2026-01-19,2026-01-19,87.0,87.0,5.29,Received
PO-001707,SUP-05,SKU-00007,WH-NSW,2025-12-31,2026-01-09,2026-01-08,189.0,189.0,2.62,Received
PO-001708,SUP-07,SKU-00022,WH-NSW,2025-12-31,2026-01-08,2026-01-06,144.0,144.0,3.85,Received
PO-001709,SUP-02,SKU-00004,WH-QLD,2025-12-31,2026-01-19,2026-01-19,158.0,158.0,5.29,Received
PO-001710,SUP-07,SKU-00006,WH-QLD,2025-12-31,2026-01-08,2026-01-08,150.0,150.0,4.07,Received
PO-001711,SUP-05,SKU-00007,WH-QLD,2025-12-31,2026-01-09,2026-01-09,343.0,343.0,2.62,Received
PO-001712,SUP-05,SKU-00013,WH-QLD,2025-12-31,2026-01-09,2026-01-09,372.0,372.0,2.42,Received
PO-001713,SUP-02,SKU-00014,WH-VIC,2025-12-31,2026-01-10,2026-01-10,305.0,305.0,4.12,Received
PO-001714,SUP-05,SKU-00001,WH-WA,2025-12-31,2026-01-09,2026-01-10,162.0,162.0,1.57,Late
PO-001715,SUP-02,SKU-00016,WH-WA,2025-12-31,2026-01-19,2026-01-19,53.0,53.0,2.03,Received
PO-001716,SUP-05,SKU-00017,WH-WA,2025-12-31,2026-01-09,2026-01-10,261.0,236.0,1.83,Late
PO-001717,SUP-07,SKU-00022,WH-WA,2025-12-31,2026-01-08,2026-01-06,65.0,65.0,3.85,Received
PO-001718,SUP-07,SKU-00012,WH-NSW,2026-01-01,2026-01-09,2026-01-07,68.0,68.0,2.93,Received
PO-001719,SUP-05,SKU-00001,WH-QLD,2026-01-01,2026-01-10,2026-01-11,163.0,163.0,1.57,Late
PO-001720,SUP-02,SKU-00002,WH-QLD,2026-01-01,2026-01-11,2026-01-10,239.0,239.0,2.21,Received
PO-001721,SUP-04,SKU-00005,WH-QLD,2026-01-01,2026-01-19,2026-01-19,125.0,125.0,2.29,Received
PO-001722,SUP-02,SKU-00008,WH-QLD,2026-01-01,2026-01-11,2026-01-12,525.0,525.0,1.67,Late
PO-001723,SUP-06,SKU-00019,WH-QLD,2026-01-01,2026-01-05,2026-01-05,188.0,188.0,5.36,Received
PO-001724,SUP-04,SKU-00021,WH-QLD,2026-01-01,2026-01-19,2026-01-19,138.0,138.0,2.1,Received
PO-001725,SUP-06,SKU-00003,WH-VIC,2026-01-01,2026-01-05,2026-01-05,193.0,193.0,5.99,Received
PO-001726,SUP-04,SKU-00005,WH-VIC,2026-01-01,2026-01-19,2026-01-19,66.0,66.0,2.29,Received
PO-001727,SUP-07,SKU-00006,WH-VIC,2026-01-01,2026-01-09,2026-01-09,100.0,100.0,4.07,Received
PO-001728,SUP-05,SKU-00007,WH-VIC,2026-01-01,2026-01-10,2026-01-11,245.0,245.0,2.62,Late
PO-001729,SUP-06,SKU-00009,WH-VIC,2026-01-01,2026-01-05,2026-01-05,92.0,92.0,4.65,Received
PO-001730,SUP-01,SKU-00015,WH-VIC,2026-01-01,2026-01-05,2026-01-04,210.0,210.0,2.27,Received
PO-001731,SUP-05,SKU-00007,WH-WA,2026-01-01,2026-01-10,2026-01-10,96.0,96.0,2.62,Received
PO-001732,SUP-05,SKU-00013,WH-WA,2026-01-01,2026-01-10,2026-01-09,197.0,197.0,2.42,Received
PO-001733,SUP-02,SKU-00018,WH-WA,2026-01-01,2026-01-11,2026-01-09,203.0,203.0,2.32,Received
PO-001734,SUP-06,SKU-00019,WH-WA,2026-01-01,2026-01-05,2026-01-05,57.0,57.0,5.36,Received
PO-001735,SUP-02,SKU-00024,WH-NSW,2026-01-02,2026-01-12,2026-01-12,286.0,286.0,1.36,Received
PO-001736,SUP-06,SKU-00009,WH-QLD,2026-01-02,2026-01-06,2026-01-06,100.0,100.0,4.65,Received
PO-001737,SUP-07,SKU-00012,WH-QLD,2026-01-02,2026-01-10,2026-01-10,115.0,115.0,2.93,Received
PO-001738,SUP-05,SKU-00017,WH-QLD,2026-01-02,2026-01-11,2026-01-11,386.0,386.0,1.83,Received
PO-001739,SUP-05,SKU-00023,WH-VIC,2026-01-02,2026-01-11,2026-01-11,204.0,204.0,2.48,Received
PO-001740,SUP-02,SKU-00002,WH-WA,2026-01-02,2026-01-12,2026-01-13,55.0,55.0,2.21,Late
PO-001741,SUP-06,SKU-00003,WH-WA,2026-01-02,2026-01-06,2026-01-06,71.0,71.0,5.99,Received
PO-001742,SUP-01,SKU-00015,WH-WA,2026-01-02,2026-01-06,2026-01-06,75.0,75.0,2.27,Received
PO-001743,SUP-05,SKU-00017,WH-NSW,2026-01-03,2026-01-12,2026-01-10,167.0,167.0,1.83,Received
PO-001744,SUP-02,SKU-00018,WH-VIC,2026-01-03,2026-01-13,2026-01-13,310.0,310.0,2.32,Received
PO-001745,SUP-06,SKU-00019,WH-VIC,2026-01-03,2026-01-07,2026-01-07,140.0,140.0,5.36,Received
PO-001746,SUP-04,SKU-00005,WH-WA,2026-01-03,2026-01-21,2026-01-22,63.0,63.0,2.29,Late
PO-001747,SUP-02,SKU-00014,WH-WA,2026-01-03,2026-01-13,2026-01-13,170.0,170.0,4.12,Received
PO-001748,SUP-07,SKU-00020,WH-WA,2026-01-03,2026-01-23,2026-01-22,118.0,118.0,5.2,Received
PO-001749,SUP-05,SKU-00023,WH-WA,2026-01-03,2026-01-12,2026-01-14,94.0,94.0,2.48,Late
PO-001750,SUP-02,SKU-00024,WH-WA,2026-01-03,2026-01-13,2026-01-13,51.0,51.0,1.36,Received
PO-001751,SUP-05,SKU-00001,WH-NSW,2026-01-04,2026-01-13,2026-01-13,170.0,170.0,1.57,Received
PO-001752,SUP-02,SKU-00002,WH-NSW,2026-01-04,2026-01-14,2026-01-13,369.0,369.0,2.21,Received
PO-001753,SUP-04,SKU-00011,WH-NSW,2026-01-04,2026-01-22,2026-01-22,125.0,125.0,5.92,Received
PO-001754,SUP-05,SKU-00013,WH-NSW,2026-01-04,2026-01-13,2026-01-13,163.0,163.0,2.42,Received
PO-001755,SUP-05,SKU-00023,WH-NSW,2026-01-04,2026-01-13,2026-01-14,312.0,312.0,2.48,Late
PO-001756,SUP-05,SKU-00001,WH-VIC,2026-01-04,2026-01-13,2026-01-13,324.0,324.0,1.57,Received
PO-001757,SUP-02,SKU-00004,WH-VIC,2026-01-04,2026-01-23,2026-01-23,281.0,281.0,5.29,Received
PO-001758,SUP-02,SKU-00008,WH-VIC,2026-01-04,2026-01-14,2026-01-14,371.0,371.0,1.67,Received
PO-001759,SUP-02,SKU-00016,WH-VIC,2026-01-04,2026-01-23,2026-01-24,69.0,69.0,2.03,Late
PO-001760,SUP-04,SKU-00021,WH-VIC,2026-01-04,2026-01-22,2026-01-21,158.0,158.0,2.1,Received
PO-001761,SUP-06,SKU-00009,WH-WA,2026-01-04,2026-01-08,2026-01-08,144.0,144.0,4.65,Received
PO-001762,SUP-06,SKU-00003,WH-NSW,2026-01-05,2026-01-09,2026-01-10,178.0,178.0,5.99,Late
PO-001763,SUP-05,SKU-00007,WH-NSW,2026-01-05,2026-01-14,2026-01-14,200.0,200.0,2.62,Received
PO-001764,SUP-02,SKU-00008,WH-NSW,2026-01-05,2026-01-15,2026-01-15,195.0,195.0,1.67,Received
PO-001765,SUP-06,SKU-00009,WH-NSW,2026-01-05,2026-01-09,2026-01-11,198.0,198.0,4.65,Late
PO-001766,SUP-02,SKU-00014,WH-QLD,2026-01-05,2026-01-15,2026-01-15,101.0,101.0,4.12,Received
PO-001767,SUP-02,SKU-00016,WH-QLD,2026-01-05,2026-01-24,2026-01-24,277.0,277.0,2.03,Received
PO-001768,SUP-02,SKU-00018,WH-QLD,2026-01-05,2026-01-15,2026-01-15,294.0,294.0,2.32,Received
PO-001769,SUP-05,SKU-00013,WH-VIC,2026-01-05,2026-01-14,2026-01-14,255.0,255.0,2.42,Received
PO-001770,SUP-07,SKU-00020,WH-VIC,2026-01-05,2026-01-25,2026-01-28,276.0,276.0,5.2,Late
PO-001771,SUP-07,SKU-00006,WH-WA,2026-01-05,2026-01-13,2026-01-13,84.0,84.0,4.07,Received
PO-001772,SUP-02,SKU-00014,WH-NSW,2026-01-06,2026-01-16,2026-01-15,421.0,421.0,4.12,Received
PO-001773,SUP-01,SKU-00015,WH-NSW,2026-01-06,2026-01-10,2026-01-10,123.0,123.0,2.27,Received
PO-001774,SUP-02,SKU-00018,WH-NSW,2026-01-06,2026-01-16,2026-01-15,301.0,301.0,2.32,Received
PO-001775,SUP-06,SKU-00019,WH-NSW,2026-01-06,2026-01-10,2026-01-10,191.0,191.0,5.36,Received
PO-001776,SUP-06,SKU-00003,WH-QLD,2026-01-06,2026-01-10,2026-01-10,121.0,121.0,5.99,Received
PO-001777,SUP-05,SKU-00007,WH-QLD,2026-01-06,2026-01-15,2026-01-15,380.0,380.0,2.62,Received
PO-001778,SUP-01,SKU-00015,WH-QLD,2026-01-06,2026-01-10,2026-01-09,95.0,95.0,2.27,Received
PO-001779,SUP-06,SKU-00019,WH-QLD,2026-01-06,2026-01-10,2026-01-10,241.0,241.0,5.36,Received
PO-001780,SUP-07,SKU-00022,WH-QLD,2026-01-06,2026-01-14,2026-01-12,84.0,84.0,3.85,Received
PO-001781,SUP-05,SKU-00023,WH-QLD,2026-01-06,2026-01-15,2026-01-13,410.0,410.0,2.48,Received
PO-001782,SUP-02,SKU-00002,WH-VIC,2026-01-06,2026-01-16,2026-01-14,459.0,459.0,2.21,Received
PO-001783,SUP-04,SKU-00011,WH-VIC,2026-01-06,2026-01-24,2026-01-24,145.0,145.0,5.92,Received
PO-001784,SUP-05,SKU-00001,WH-WA,2026-01-06,2026-01-15,2026-01-17,201.0,201.0,1.57,Late
PO-001785,SUP-05,SKU-00007,WH-WA,2026-01-06,2026-01-15,2026-01-13,103.0,103.0,2.62,Received
PO-001786,SUP-07,SKU-00020,WH-NSW,2026-01-07,2026-01-27,2026-01-27,225.0,225.0,5.2,Received
PO-001787,SUP-05,SKU-00001,WH-QLD,2026-01-07,2026-01-16,2026-01-14,182.0,182.0,1.57,Received
PO-001788,SUP-02,SKU-00024,WH-VIC,2026-01-07,2026-01-17,2026-01-17,364.0,364.0,1.36,Received
PO-001789,SUP-05,SKU-00017,WH-WA,2026-01-07,2026-01-16,2026-01-16,162.0,162.0,1.83,Received
PO-001790,SUP-02,SKU-00002,WH-QLD,2026-01-08,2026-01-18,2026-01-17,249.0,249.0,2.21,Received
PO-001791,SUP-06,SKU-00009,WH-QLD,2026-01-08,2026-01-12,2026-01-12,88.0,88.0,4.65,Received
PO-001792,SUP-05,SKU-00017,WH-QLD,2026-01-08,2026-01-17,2026-01-16,453.0,453.0,1.83,Received
PO-001793,SUP-07,SKU-00020,WH-QLD,2026-01-08,2026-01-28,2026-01-28,306.0,306.0,5.2,Received
PO-001794,SUP-06,SKU-00003,WH-VIC,2026-01-08,2026-01-12,2026-01-13,152.0,152.0,5.99,Late
PO-001795,SUP-02,SKU-00014,WH-VIC,2026-01-08,2026-01-18,2026-01-20,308.0,308.0,4.12,Late
PO-001796,SUP-01,SKU-00015,WH-VIC,2026-01-08,2026-01-12,2026-01-16,206.0,206.0,2.27,Late
PO-001797,SUP-05,SKU-00017,WH-VIC,2026-01-08,2026-01-17,2026-01-18,198.0,198.0,1.83,Late
PO-001798,SUP-06,SKU-00019,WH-VIC,2026-01-08,2026-01-12,2026-01-12,167.0,167.0,5.36,Received
PO-001799,SUP-06,SKU-00003,WH-WA,2026-01-08,2026-01-12,2026-01-12,69.0,69.0,5.99,Received
PO-001800,SUP-01,SKU-00015,WH-WA,2026-01-08,2026-01-12,2026-01-11,83.0,83.0,2.27,Received
PO-001801,SUP-02,SKU-00016,WH-NSW,2026-01-09,2026-01-28,2026-01-29,94.0,94.0,2.03,Late
PO-001802,SUP-05,SKU-00017,WH-NSW,2026-01-09,2026-01-18,2026-01-16,154.0,154.0,1.83,Received
PO-001803,SUP-07,SKU-00022,WH-NSW,2026-01-09,2026-01-17,2026-01-15,169.0,169.0,3.85,Received
PO-001804,SUP-07,SKU-00006,WH-QLD,2026-01-09,2026-01-17,2026-01-17,149.0,149.0,4.07,Received
PO-001805,SUP-05,SKU-00013,WH-QLD,2026-01-09,2026-01-18,2026-01-18,444.0,444.0,2.42,Received
PO-001806,SUP-05,SKU-00007,WH-VIC,2026-01-09,2026-01-18,2026-01-16,255.0,255.0,2.62,Received
PO-001807,SUP-06,SKU-00009,WH-VIC,2026-01-09,2026-01-13,2026-01-12,97.0,97.0,4.65,Received
PO-001808,SUP-07,SKU-00022,WH-VIC,2026-01-09,2026-01-17,2026-01-15,98.0,98.0,3.85,Received
PO-001809,SUP-07,SKU-00012,WH-WA,2026-01-09,2026-01-17,2026-01-17,61.0,61.0,2.93,Received
PO-001810,SUP-05,SKU-00013,WH-WA,2026-01-09,2026-01-18,2026-01-18,202.0,202.0,2.42,Received
PO-001811,SUP-02,SKU-00018,WH-WA,2026-01-09,2026-01-19,2026-01-20,241.0,241.0,2.32,Late
PO-001812,SUP-05,SKU-00023,WH-WA,2026-01-09,2026-01-18,2026-01-19,91.0,85.0,2.48,Late
PO-001813,SUP-05,SKU-00001,WH-NSW,2026-01-10,2026-01-19,2026-01-22,128.0,128.0,1.57,Late
PO-001814,SUP-06,SKU-00003,WH-NSW,2026-01-10,2026-01-14,2026-01-14,174.0,174.0,5.99,Received
PO-001815,SUP-07,SKU-00006,WH-NSW,2026-01-10,2026-01-18,2026-01-20,156.0,156.0,4.07,Late
PO-001816,SUP-06,SKU-00009,WH-NSW,2026-01-10,2026-01-14,2026-01-14,159.0,159.0,4.65,Received
PO-001817,SUP-01,SKU-00015,WH-NSW,2026-01-10,2026-01-14,2026-01-14,148.0,148.0,2.27,Received
PO-001818,SUP-05,SKU-00023,WH-NSW,2026-01-10,2026-01-19,2026-01-19,319.0,319.0,2.48,Received
PO-001819,SUP-02,SKU-00008,WH-QLD,2026-01-10,2026-01-20,2026-01-19,392.0,392.0,1.67,Received
PO-001820,SUP-03,SKU-00010,WH-VIC,2026-01-10,2026-01-29,2026-01-29,308.0,308.0,4.29,Received
PO-001821,SUP-05,SKU-00023,WH-VIC,2026-01-10,2026-01-19,2026-01-20,184.0,184.0,2.48,Late
PO-001822,SUP-05,SKU-00001,WH-WA,2026-01-10,2026-01-19,2026-01-19,163.0,163.0,1.57,Received
PO-001823,SUP-07,SKU-00022,WH-WA,2026-01-10,2026-01-18,2026-01-18,65.0,65.0,3.85,Received
PO-001824,SUP-02,SKU-00004,WH-NSW,2026-01-11,2026-01-30,2026-01-31,85.0,85.0,5.29,Late
PO-001825,SUP-05,SKU-00013,WH-NSW,2026-01-11,2026-01-20,2026-01-19,196.0,196.0,2.42,Received
PO-001826,SUP-02,SKU-00024,WH-NSW,2026-01-11,2026-01-21,2026-01-20,233.0,233.0,1.36,Received
PO-001827,SUP-02,SKU-00018,WH-QLD,2026-01-11,2026-01-21,2026-01-22,294.0,294.0,2.32,Late
PO-001828,SUP-05,SKU-00001,WH-VIC,2026-01-11,2026-01-20,2026-01-22,239.0,239.0,1.57,Late
PO-001829,SUP-07,SKU-00006,WH-VIC,2026-01-11,2026-01-19,2026-01-17,70.0,70.0,4.07,Received
PO-001830,SUP-02,SKU-00018,WH-VIC,2026-01-11,2026-01-21,2026-01-21,354.0,354.0,2.32,Received
PO-001831,SUP-02,SKU-00004,WH-WA,2026-01-11,2026-01-30,2026-01-29,69.0,69.0,5.29,Received
PO-001832,SUP-06,SKU-00009,WH-WA,2026-01-11,2026-01-15,2026-01-15,105.0,105.0,4.65,Received
PO-001833,SUP-03,SKU-00010,WH-WA,2026-01-11,2026-01-30,2026-01-29,152.0,152.0,4.29,Received
PO-001834,SUP-04,SKU-00011,WH-WA,2026-01-11,2026-01-29,2026-01-27,70.0,70.0,5.92,Received
PO-001835,SUP-02,SKU-00014,WH-WA,2026-01-11,2026-01-21,2026-01-20,134.0,134.0,4.12,Received
PO-001836,SUP-04,SKU-00021,WH-WA,2026-01-11,2026-01-29,2026-01-29,127.0,127.0,2.1,Received
PO-001837,SUP-02,SKU-00002,WH-NSW,2026-01-12,2026-01-22,2026-01-22,352.0,352.0,2.21,Received
PO-001838,SUP-06,SKU-00019,WH-NSW,2026-01-12,2026-01-16,2026-01-16,131.0,131.0,5.36,Received
PO-001839,SUP-04,SKU-00021,WH-NSW,2026-01-12,2026-01-30,2026-01-30,52.0,52.0,2.1,Received
PO-001840,SUP-05,SKU-00001,WH-QLD,2026-01-12,2026-01-21,2026-01-19,179.0,179.0,1.57,Received
PO-001841,SUP-04,SKU-00005,WH-QLD,2026-01-12,2026-01-30,2026-01-30,127.0,127.0,2.29,Received
PO-001842,SUP-05,SKU-00007,WH-QLD,2026-01-12,2026-01-21,2026-01-21,382.0,382.0,2.62,Received
PO-001843,SUP-03,SKU-00010,WH-QLD,2026-01-12,2026-01-31,2026-01-30,226.0,226.0,4.29,Received
PO-001844,SUP-04,SKU-00021,WH-QLD,2026-01-12,2026-01-30,2026-02-02,125.0,125.0,2.1,Late
PO-001845,SUP-05,SKU-00023,WH-QLD,2026-01-12,2026-01-21,2026-01-21,314.0,314.0,2.48,Received
PO-001846,SUP-06,SKU-00019,WH-WA,2026-01-12,2026-01-16,2026-01-16,52.0,52.0,5.36,Received
PO-001847,SUP-02,SKU-00024,WH-WA,2026-01-12,2026-01-22,2026-01-21,62.0,62.0,1.36,Received
PO-001848,SUP-05,SKU-00007,WH-NSW,2026-01-13,2026-01-22,2026-01-21,272.0,272.0,2.62,Received
PO-001849,SUP-03,SKU-00010,WH-NSW,2026-01-13,2026-02-01,2026-02-01,171.0,171.0,4.29,Received
PO-001850,SUP-07,SKU-00012,WH-QLD,2026-01-13,2026-01-21,2026-01-21,114.0,114.0,2.93,Received
PO-001851,SUP-02,SKU-00014,WH-QLD,2026-01-13,2026-01-23,2026-01-23,112.0,112.0,4.12,Received
PO-001852,SUP-06,SKU-00019,WH-QLD,2026-01-13,2026-01-17,2026-01-17,263.0,263.0,5.36,Received
PO-001853,SUP-02,SKU-00002,WH-VIC,2026-01-13,2026-01-23,2026-01-23,458.0,458.0,2.21,Received
PO-001854,SUP-05,SKU-00013,WH-VIC,2026-01-13,2026-01-22,2026-01-22,352.0,352.0,2.42,Received
PO-001855,SUP-01,SKU-00015,WH-VIC,2026-01-13,2026-01-17,2026-01-16,217.0,217.0,2.27,Received
PO-001856,SUP-07,SKU-00006,WH-WA,2026-01-13,2026-01-21,2026-01-19,89.0,89.0,4.07,Received
PO-001857,SUP-05,SKU-00007,WH-WA,2026-01-13,2026-01-22,2026-01-23,138.0,138.0,2.62,Late
PO-001858,SUP-05,SKU-00017,WH-WA,2026-01-13,2026-01-22,2026-01-20,207.0,207.0,1.83,Received
PO-001859,SUP-02,SKU-00014,WH-NSW,2026-01-14,2026-01-24,2026-01-24,315.0,315.0,4.12,Received
PO-001860,SUP-05,SKU-00017,WH-NSW,2026-01-14,2026-01-23,2026-01-24,146.0,146.0,1.83,Late
PO-001861,SUP-06,SKU-00003,WH-QLD,2026-01-14,2026-01-18,2026-01-19,110.0,110.0,5.99,Late
PO-001862,SUP-05,SKU-00013,WH-QLD,2026-01-14,2026-01-23,2026-01-21,460.0,460.0,2.42,Received
PO-001863,SUP-05,SKU-00017,WH-QLD,2026-01-14,2026-01-23,2026-01-22,452.0,452.0,1.83,Received
PO-001864,SUP-07,SKU-00022,WH-QLD,2026-01-14,2026-01-22,2026-01-20,60.0,60.0,3.85,Received
PO-001865,SUP-02,SKU-00008,WH-VIC,2026-01-14,2026-01-24,2026-01-24,383.0,383.0,1.67,Received
PO-001866,SUP-05,SKU-00017,WH-VIC,2026-01-14,2026-01-23,2026-01-23,164.0,164.0,1.83,Received
PO-001867,SUP-02,SKU-00002,WH-WA,2026-01-14,2026-01-24,2026-01-24,56.0,56.0,2.21,Received
PO-001868,SUP-01,SKU-00015,WH-WA,2026-01-14,2026-01-18,2026-01-16,86.0,86.0,2.27,Received
PO-001869,SUP-05,SKU-00023,WH-WA,2026-01-14,2026-01-23,2026-01-23,82.0,82.0,2.48,Received
PO-001870,SUP-04,SKU-00005,WH-NSW,2026-01-15,2026-02-02,2026-02-02,66.0,66.0,2.29,Received
PO-001871,SUP-02,SKU-00018,WH-NSW,2026-01-15,2026-01-25,2026-01-25,263.0,263.0,2.32,Received
PO-001872,SUP-01,SKU-00015,WH-QLD,2026-01-15,2026-01-19,2026-01-20,96.0,96.0,2.27,Late
PO-001873,SUP-06,SKU-00003,WH-VIC,2026-01-15,2026-01-19,2026-01-19,183.0,183.0,5.99,Received
PO-001874,SUP-04,SKU-00005,WH-VIC,2026-01-15,2026-02-02,2026-02-03,67.0,67.0,2.29,Late
PO-001875,SUP-06,SKU-00019,WH-VIC,2026-01-15,2026-01-19,2026-01-19,210.0,210.0,5.36,Received
PO-001876,SUP-05,SKU-00023,WH-VIC,2026-01-15,2026-01-24,2026-01-28,162.0,162.0,2.48,Late
PO-001877,SUP-02,SKU-00024,WH-VIC,2026-01-15,2026-01-25,2026-01-24,348.0,348.0,1.36,Received
PO-001878,SUP-05,SKU-00001,WH-NSW,2026-01-16,2026-01-25,2026-01-25,125.0,125.0,1.57,Received
PO-001879,SUP-02,SKU-00008,WH-NSW,2026-01-16,2026-01-26,2026-01-26,203.0,203.0,1.67,Received
PO-001880,SUP-02,SKU-00004,WH-QLD,2026-01-16,2026-02-04,2026-02-06,169.0,169.0,5.29,Late
PO-001881,SUP-06,SKU-00009,WH-QLD,2026-01-16,2026-01-20,2026-01-20,96.0,96.0,4.65,Received
PO-001882,SUP-04,SKU-00011,WH-QLD,2026-01-16,2026-02-03,2026-02-02,96.0,96.0,5.92,Received
PO-001883,SUP-05,SKU-00007,WH-VIC,2026-01-16,2026-01-25,2026-01-24,331.0,331.0,2.62,Received
PO-001884,SUP-06,SKU-00009,WH-VIC,2026-01-16,2026-01-20,2026-01-20,97.0,97.0,4.65,Received
PO-001885,SUP-07,SKU-00012,WH-WA,2026-01-16,2026-01-24,2026-01-24,58.0,58.0,2.93,Received
PO-001886,SUP-05,SKU-00013,WH-WA,2026-01-16,2026-01-25,2026-01-24,199.0,199.0,2.42,Received
PO-001887,SUP-06,SKU-00003,WH-NSW,2026-01-17,2026-01-21,2026-01-21,227.0,227.0,5.99,Received
PO-001888,SUP-06,SKU-00009,WH-NSW,2026-01-17,2026-01-21,2026-01-21,197.0,197.0,4.65,Received
PO-001889,SUP-07,SKU-00012,WH-NSW,2026-01-17,2026-01-25,2026-01-24,55.0,55.0,2.93,Received
PO-001890,SUP-05,SKU-00013,WH-NSW,2026-01-17,2026-01-26,2026-01-29,164.0,164.0,2.42,Late
PO-001891,SUP-05,SKU-00023,WH-NSW,2026-01-17,2026-01-26,2026-01-26,317.0,317.0,2.48,Received
PO-001892,SUP-02,SKU-00002,WH-QLD,2026-01-17,2026-01-27,2026-01-27,292.0,292.0,2.21,Received
PO-001893,SUP-07,SKU-00006,WH-QLD,2026-01-17,2026-01-25,2026-01-27,162.0,162.0,4.07,Late
PO-001894,SUP-02,SKU-00008,WH-QLD,2026-01-17,2026-01-27,2026-01-27,401.0,401.0,1.67,Received
PO-001895,SUP-05,SKU-00023,WH-QLD,2026-01-17,2026-01-26,2026-01-26,283.0,283.0,2.48,Received
PO-001896,SUP-05,SKU-00001,WH-VIC,2026-01-17,2026-01-26,2026-01-27,338.0,338.0,1.57,Late
PO-001897,SUP-02,SKU-00016,WH-VIC,2026-01-17,2026-02-05,2026-02-05,69.0,69.0,2.03,Received
PO-001898,SUP-05,SKU-00001,WH-WA,2026-01-17,2026-01-26,2026-01-27,225.0,225.0,1.57,Late
PO-001899,SUP-06,SKU-00003,WH-WA,2026-01-17,2026-01-21,2026-01-22,78.0,78.0,5.99,Late
PO-001900,SUP-04,SKU-00005,WH-WA,2026-01-17,2026-02-04,2026-02-04,64.0,64.0,2.29,Received
PO-001901,SUP-06,SKU-00009,WH-WA,2026-01-17,2026-01-21,2026-01-21,128.0,128.0,4.65,Received
PO-001902,SUP-02,SKU-00016,WH-WA,2026-01-17,2026-02-05,2026-02-03,54.0,54.0,2.03,Received
PO-001903,SUP-07,SKU-00006,WH-NSW,2026-01-18,2026-01-26,2026-01-30,108.0,108.0,4.07,Late
PO-001904,SUP-01,SKU-00015,WH-NSW,2026-01-18,2026-01-22,2026-01-22,187.0,187.0,2.27,Received
PO-001905,SUP-06,SKU-00019,WH-NSW,2026-01-18,2026-01-22,2026-01-22,157.0,157.0,5.36,Received
PO-001906,SUP-05,SKU-00001,WH-QLD,2026-01-18,2026-01-27,2026-01-29,215.0,215.0,1.57,Late
PO-001907,SUP-05,SKU-00007,WH-QLD,2026-01-18,2026-01-27,2026-01-26,389.0,389.0,2.62,Received
PO-001908,SUP-02,SKU-00014,WH-VIC,2026-01-18,2026-01-28,2026-01-26,365.0,365.0,4.12,Received
PO-001909,SUP-04,SKU-00021,WH-VIC,2026-01-18,2026-02-05,2026-02-05,154.0,154.0,2.1,Received
PO-001910,SUP-05,SKU-00007,WH-WA,2026-01-18,2026-01-27,2026-01-28,109.0,109.0,2.62,Late
PO-001911,SUP-02,SKU-00014,WH-WA,2026-01-18,2026-01-28,2026-01-28,127.0,127.0,4.12,Received
PO-001912,SUP-02,SKU-00018,WH-WA,2026-01-18,2026-01-28,2026-01-28,233.0,233.0,2.32,Received
PO-001913,SUP-07,SKU-00020,WH-WA,2026-01-18,2026-02-07,2026-02-05,116.0,116.0,5.2,Received
PO-001914,SUP-04,SKU-00011,WH-NSW,2026-01-19,2026-02-06,2026-02-04,111.0,111.0,5.92,Received
PO-001915,SUP-06,SKU-00019,WH-QLD,2026-01-19,2026-01-23,2026-01-24,190.0,190.0,5.36,Late
PO-001916,SUP-02,SKU-00004,WH-VIC,2026-01-19,2026-02-07,2026-02-07,302.0,302.0,5.29,Received
PO-001917,SUP-05,SKU-00013,WH-VIC,2026-01-19,2026-01-28,2026-01-30,258.0,258.0,2.42,Late
PO-001918,SUP-02,SKU-00018,WH-VIC,2026-01-19,2026-01-29,2026-01-28,285.0,285.0,2.32,Received
PO-001919,SUP-07,SKU-00020,WH-VIC,2026-01-19,2026-02-08,2026-02-06,296.0,296.0,5.2,Received
PO-001920,SUP-01,SKU-00015,WH-WA,2026-01-19,2026-01-23,2026-01-23,71.0,71.0,2.27,Received
PO-001921,SUP-05,SKU-00007,WH-NSW,2026-01-20,2026-01-29,2026-01-30,229.0,229.0,2.62,Late
PO-001922,SUP-05,SKU-00017,WH-NSW,2026-01-20,2026-01-29,2026-01-29,150.0,150.0,1.83,Received
PO-001923,SUP-02,SKU-00024,WH-NSW,2026-01-20,2026-01-30,2026-01-29,233.0,233.0,1.36,Received
PO-001924,SUP-05,SKU-00013,WH-QLD,2026-01-20,2026-01-29,2026-02-01,387.0,387.0,2.42,Late
PO-001925,SUP-02,SKU-00016,WH-QLD,2026-01-20,2026-02-08,2026-02-09,248.0,248.0,2.03,Late
PO-001926,SUP-05,SKU-00017,WH-QLD,2026-01-20,2026-01-29,2026-01-29,401.0,401.0,1.83,Received
PO-001927,SUP-02,SKU-00018,WH-QLD,2026-01-20,2026-01-30,2026-01-30,292.0,292.0,2.32,Received
PO-001928,SUP-04,SKU-00011,WH-VIC,2026-01-20,2026-02-07,2026-02-09,133.0,133.0,5.92,Late
PO-001929,SUP-05,SKU-00017,WH-WA,2026-01-20,2026-01-29,2026-01-27,217.0,217.0,1.83,Received
PO-001930,SUP-02,SKU-00024,WH-WA,2026-01-20,2026-01-30,2026-02-01,51.0,51.0,1.36,Late
PO-001931,SUP-02,SKU-00002,WH-NSW,2026-01-21,2026-01-31,2026-01-31,388.0,388.0,2.21,Received
PO-001932,SUP-02,SKU-00018,WH-NSW,2026-01-21,2026-01-31,2026-02-02,237.0,237.0,2.32,Late
PO-001933,SUP-07,SKU-00022,WH-NSW,2026-01-21,2026-01-29,2026-01-29,160.0,160.0,3.85,Received
PO-001934,SUP-07,SKU-00012,WH-QLD,2026-01-21,2026-01-29,2026-01-29,90.0,90.0,2.93,Received
PO-001935,SUP-02,SKU-00014,WH-QLD,2026-01-21,2026-01-31,2026-01-31,116.0,116.0,4.12,Received
PO-001936,SUP-06,SKU-00003,WH-VIC,2026-01-21,2026-01-25,2026-01-25,141.0,141.0,5.99,Received
PO-001937,SUP-07,SKU-00006,WH-VIC,2026-01-21,2026-01-29,2026-01-31,78.0,78.0,4.07,Late
PO-001938,SUP-01,SKU-00015,WH-VIC,2026-01-21,2026-01-25,2026-01-26,217.0,217.0,2.27,Late
PO-001939,SUP-05,SKU-00001,WH-NSW,2026-01-22,2026-01-31,2026-01-30,129.0,129.0,1.57,Received
PO-001940,SUP-06,SKU-00009,WH-NSW,2026-01-22,2026-01-26,2026-01-27,161.0,161.0,4.65,Late
PO-001941,SUP-02,SKU-00014,WH-NSW,2026-01-22,2026-02-01,2026-01-31,327.0,327.0,4.12,Received
PO-001942,SUP-07,SKU-00020,WH-NSW,2026-01-22,2026-02-11,2026-02-11,222.0,222.0,5.2,Received
PO-001943,SUP-07,SKU-00020,WH-QLD,2026-01-22,2026-02-11,2026-02-12,308.0,308.0,5.2,Late
PO-001944,SUP-07,SKU-00022,WH-QLD,2026-01-22,2026-01-30,2026-01-30,55.0,55.0,3.85,Received
PO-001945,SUP-02,SKU-00002,WH-VIC,2026-01-22,2026-02-01,2026-02-01,466.0,466.0,2.21,Received
PO-001946,SUP-05,SKU-00007,WH-VIC,2026-01-22,2026-01-31,2026-01-31,270.0,270.0,2.62,Received
PO-001947,SUP-05,SKU-00017,WH-VIC,2026-01-22,2026-01-31,2026-01-31,198.0,198.0,1.83,Received
PO-001948,SUP-05,SKU-00013,WH-WA,2026-01-22,2026-01-31,2026-01-31,244.0,244.0,2.42,Received
PO-001949,SUP-07,SKU-00022,WH-WA,2026-01-22,2026-01-30,2026-01-31,67.0,67.0,3.85,Late
PO-001950,SUP-05,SKU-00023,WH-NSW,2026-01-23,2026-02-01,2026-01-31,292.0,292.0,2.48,Received
PO-001951,SUP-06,SKU-00003,WH-QLD,2026-01-23,2026-01-27,2026-01-26,122.0,122.0,5.99,Received
PO-001952,SUP-05,SKU-00023,WH-QLD,2026-01-23,2026-02-01,2026-02-01,282.0,282.0,2.48,Received
PO-001953,SUP-06,SKU-00019,WH-VIC,2026-01-23,2026-01-27,2026-01-27,191.0,191.0,5.36,Received
PO-001954,SUP-05,SKU-00023,WH-VIC,2026-01-23,2026-02-01,2026-02-01,224.0,224.0,2.48,Received
PO-001955,SUP-05,SKU-00007,WH-WA,2026-01-23,2026-02-01,2026-02-01,95.0,95.0,2.62,Received
PO-001956,SUP-05,SKU-00023,WH-WA,2026-01-23,2026-02-01,2026-01-30,121.0,121.0,2.48,Received
PO-001957,SUP-02,SKU-00016,WH-NSW,2026-01-24,2026-02-12,2026-02-12,93.0,93.0,2.03,Received
PO-001958,SUP-06,SKU-00019,WH-NSW,2026-01-24,2026-01-28,2026-01-27,145.0,145.0,5.36,Received
PO-001959,SUP-05,SKU-00001,WH-QLD,2026-01-24,2026-02-02,2026-02-03,204.0,204.0,1.57,Late
PO-001960,SUP-05,SKU-00007,WH-QLD,2026-01-24,2026-02-02,2026-02-02,408.0,408.0,2.62,Received
PO-001961,SUP-06,SKU-00009,WH-QLD,2026-01-24,2026-01-28,2026-01-28,103.0,103.0,4.65,Received
PO-001962,SUP-01,SKU-00015,WH-QLD,2026-01-24,2026-01-28,2026-01-26,89.0,89.0,2.27,Received
PO-001963,SUP-05,SKU-00001,WH-VIC,2026-01-24,2026-02-02,2026-01-31,255.0,255.0,1.57,Received
PO-001964,SUP-02,SKU-00008,WH-VIC,2026-01-24,2026-02-03,2026-02-02,405.0,405.0,1.67,Received
PO-001965,SUP-07,SKU-00022,WH-VIC,2026-01-24,2026-02-01,2026-02-01,97.0,97.0,3.85,Received
PO-001966,SUP-02,SKU-00024,WH-VIC,2026-01-24,2026-02-03,2026-02-04,414.0,293.0,1.36,Late
PO-001967,SUP-07,SKU-00006,WH-WA,2026-01-24,2026-02-01,2026-01-31,109.0,109.0,4.07,Received
PO-001968,SUP-06,SKU-00009,WH-WA,2026-01-24,2026-01-28,2026-01-28,149.0,149.0,4.65,Received
PO-001969,SUP-04,SKU-00011,WH-WA,2026-01-24,2026-02-11,2026-02-09,72.0,72.0,5.92,Received
PO-001970,SUP-01,SKU-00015,WH-WA,2026-01-24,2026-01-28,2026-01-29,86.0,86.0,2.27,Late
PO-001971,SUP-06,SKU-00019,WH-WA,2026-01-24,2026-01-28,2026-01-27,64.0,64.0,5.36,Received
PO-001972,SUP-04,SKU-00021,WH-WA,2026-01-24,2026-02-11,2026-02-12,102.0,102.0,2.1,Late
PO-001973,SUP-06,SKU-00003,WH-NSW,2026-01-25,2026-01-29,2026-01-28,236.0,236.0,5.99,Received
PO-001974,SUP-05,SKU-00007,WH-NSW,2026-01-25,2026-02-03,2026-02-03,202.0,202.0,2.62,Received
PO-001975,SUP-02,SKU-00008,WH-NSW,2026-01-25,2026-02-04,2026-02-03,174.0,174.0,1.67,Received
PO-001976,SUP-05,SKU-00013,WH-NSW,2026-01-25,2026-02-03,2026-02-04,215.0,215.0,2.42,Late
PO-001977,SUP-04,SKU-00005,WH-QLD,2026-01-25,2026-02-12,2026-02-12,137.0,137.0,2.29,Received
PO-001978,SUP-02,SKU-00008,WH-QLD,2026-01-25,2026-02-04,2026-02-04,405.0,405.0,1.67,Received
PO-001979,SUP-05,SKU-00017,WH-QLD,2026-01-25,2026-02-03,2026-02-02,370.0,370.0,1.83,Received
PO-001980,SUP-06,SKU-00019,WH-QLD,2026-01-25,2026-01-29,2026-01-29,230.0,230.0,5.36,Received
PO-001981,SUP-04,SKU-00021,WH-QLD,2026-01-25,2026-02-12,2026-02-11,121.0,121.0,2.1,Received
PO-001982,SUP-06,SKU-00003,WH-VIC,2026-01-25,2026-01-29,2026-01-29,154.0,154.0,5.99,Received
PO-001983,SUP-06,SKU-00009,WH-VIC,2026-01-25,2026-01-29,2026-01-29,107.0,107.0,4.65,Received
PO-001984,SUP-03,SKU-00010,WH-VIC,2026-01-25,2026-02-13,2026-02-12,333.0,333.0,4.29,Received
PO-001985,SUP-05,SKU-00013,WH-VIC,2026-01-25,2026-02-03,2026-02-05,284.0,284.0,2.42,Late
PO-001986,SUP-01,SKU-00015,WH-VIC,2026-01-25,2026-01-29,2026-01-28,217.0,217.0,2.27,Received
PO-001987,SUP-05,SKU-00001,WH-WA,2026-01-25,2026-02-03,2026-02-02,202.0,202.0,1.57,Received
PO-001988,SUP-02,SKU-00002,WH-WA,2026-01-25,2026-02-04,2026-02-04,54.0,54.0,2.21,Received
PO-001989,SUP-06,SKU-00003,WH-WA,2026-01-25,2026-01-29,2026-01-29,67.0,67.0,5.99,Received
PO-001990,SUP-07,SKU-00012,WH-WA,2026-01-25,2026-02-02,2026-02-02,64.0,64.0,2.93,Received
PO-001991,SUP-02,SKU-00014,WH-WA,2026-01-25,2026-02-04,2026-02-04,143.0,143.0,4.12,Received
PO-001992,SUP-05,SKU-00017,WH-WA,2026-01-25,2026-02-03,2026-02-01,174.0,174.0,1.83,Received
PO-001993,SUP-02,SKU-00018,WH-WA,2026-01-25,2026-02-04,2026-02-04,202.0,202.0,2.32,Received
PO-001994,SUP-02,SKU-00004,WH-NSW,2026-01-26,2026-02-14,2026-02-14,94.0,94.0,5.29,Received
PO-001995,SUP-01,SKU-00015,WH-NSW,2026-01-26,2026-01-30,2026-02-01,174.0,174.0,2.27,Late
PO-001996,SUP-02,SKU-00002,WH-QLD,2026-01-26,2026-02-05,2026-02-05,255.0,255.0,2.21,Received
PO-001997,SUP-07,SKU-00006,WH-QLD,2026-01-26,2026-02-03,2026-02-02,188.0,188.0,4.07,Received
PO-001998,SUP-05,SKU-00013,WH-QLD,2026-01-26,2026-02-04,2026-02-04,527.0,527.0,2.42,Received
PO-001999,SUP-02,SKU-00018,WH-VIC,2026-01-26,2026-02-05,2026-02-04,299.0,299.0,2.32,Received
PO-002000,SUP-02,SKU-00004,WH-WA,2026-01-26,2026-02-14,2026-02-14,81.0,81.0,5.29,Received
PO-002001,SUP-07,SKU-00006,WH-NSW,2026-01-27,2026-02-04,2026-02-02,113.0,113.0,4.07,Received
PO-002002,SUP-02,SKU-00024,WH-NSW,2026-01-27,2026-02-06,2026-02-06,202.0,202.0,1.36,Received
PO-002003,SUP-03,SKU-00010,WH-QLD,2026-01-27,2026-02-15,2026-02-17,236.0,236.0,4.29,Late
PO-002004,SUP-02,SKU-00014,WH-QLD,2026-01-27,2026-02-06,2026-02-07,91.0,91.0,4.12,Late
PO-002005,SUP-02,SKU-00018,WH-QLD,2026-01-27,2026-02-06,2026-02-06,294.0,294.0,2.32,Received
PO-002006,SUP-03,SKU-00010,WH-WA,2026-01-27,2026-02-15,2026-02-15,131.0,131.0,4.29,Received
PO-002007,SUP-02,SKU-00024,WH-WA,2026-01-27,2026-02-06,2026-02-06,57.0,57.0,1.36,Received
PO-002008,SUP-05,SKU-00017,WH-NSW,2026-01-28,2026-02-06,2026-02-05,201.0,201.0,1.83,Received
PO-002009,SUP-02,SKU-00018,WH-NSW,2026-01-28,2026-02-07,2026-02-07,239.0,239.0,2.32,Received
PO-002010,SUP-01,SKU-00015,WH-QLD,2026-01-28,2026-02-01,2026-02-01,65.0,65.0,2.27,Received
PO-002011,SUP-05,SKU-00023,WH-QLD,2026-01-28,2026-02-06,2026-02-04,325.0,325.0,2.48,Received
PO-002012,SUP-02,SKU-00014,WH-VIC,2026-01-28,2026-02-07,2026-02-08,343.0,343.0,4.12,Late
PO-002013,SUP-05,SKU-00023,WH-VIC,2026-01-28,2026-02-06,2026-02-05,149.0,149.0,2.48,Received
PO-002014,SUP-05,SKU-00013,WH-WA,2026-01-28,2026-02-06,2026-02-09,194.0,194.0,2.42,Late
PO-002015,SUP-05,SKU-00001,WH-NSW,2026-01-29,2026-02-07,2026-02-06,185.0,185.0,1.57,Received
PO-002016,SUP-02,SKU-00002,WH-NSW,2026-01-29,2026-02-08,2026-02-08,345.0,345.0,2.21,Received
PO-002017,SUP-06,SKU-00009,WH-NSW,2026-01-29,2026-02-02,2026-02-03,195.0,195.0,4.65,Late
PO-002018,SUP-03,SKU-00010,WH-NSW,2026-01-29,2026-02-17,2026-02-17,154.0,154.0,4.29,Received
PO-002019,SUP-06,SKU-00019,WH-NSW,2026-01-29,2026-02-02,2026-02-02,145.0,145.0,5.36,Received
PO-002020,SUP-05,SKU-00023,WH-NSW,2026-01-29,2026-02-07,2026-02-10,307.0,307.0,2.48,Late
PO-002021,SUP-05,SKU-00001,WH-QLD,2026-01-29,2026-02-07,2026-02-11,172.0,172.0,1.57,Late
PO-002022,SUP-02,SKU-00004,WH-QLD,2026-01-29,2026-02-17,2026-02-19,175.0,175.0,5.29,Late
PO-002023,SUP-07,SKU-00012,WH-QLD,2026-01-29,2026-02-06,2026-02-06,80.0,80.0,2.93,Received
PO-002024,SUP-02,SKU-00002,WH-VIC,2026-01-29,2026-02-08,2026-02-09,453.0,453.0,2.21,Late
PO-002025,SUP-05,SKU-00007,WH-VIC,2026-01-29,2026-02-07,2026-02-07,332.0,332.0,2.62,Received
PO-002026,SUP-05,SKU-00017,WH-VIC,2026-01-29,2026-02-07,2026-02-07,164.0,164.0,1.83,Received
PO-002027,SUP-02,SKU-00014,WH-NSW,2026-01-30,2026-02-09,2026-02-09,366.0,366.0,4.12,Received
PO-002028,SUP-04,SKU-00021,WH-NSW,2026-01-30,2026-02-17,2026-02-18,61.0,61.0,2.1,Late
PO-002029,SUP-07,SKU-00022,WH-NSW,2026-01-30,2026-02-07,2026-02-09,148.0,148.0,3.85,Late
PO-002030,SUP-06,SKU-00003,WH-QLD,2026-01-30,2026-02-03,2026-02-03,110.0,110.0,5.99,Received
PO-002031,SUP-05,SKU-00007,WH-QLD,2026-01-30,2026-02-08,2026-02-09,311.0,311.0,2.62,Late
PO-002032,SUP-05,SKU-00001,WH-VIC,2026-01-30,2026-02-08,2026-02-08,317.0,317.0,1.57,Received
PO-002033,SUP-04,SKU-00005,WH-VIC,2026-01-30,2026-02-17,2026-02-17,72.0,72.0,2.29,Received
PO-002034,SUP-07,SKU-00006,WH-VIC,2026-01-30,2026-02-07,2026-02-09,103.0,103.0,4.07,Late
PO-002035,SUP-07,SKU-00006,WH-WA,2026-01-30,2026-02-07,2026-02-07,79.0,79.0,4.07,Received
PO-002036,SUP-05,SKU-00023,WH-WA,2026-01-30,2026-02-08,2026-02-08,111.0,111.0,2.48,Received
PO-002037,SUP-04,SKU-00011,WH-NSW,2026-01-31,2026-02-18,2026-02-18,109.0,109.0,5.92,Received
PO-002038,SUP-07,SKU-00006,WH-QLD,2026-01-31,2026-02-08,2026-02-08,160.0,160.0,4.07,Received
PO-002039,SUP-06,SKU-00009,WH-QLD,2026-01-31,2026-02-04,2026-02-04,96.0,96.0,4.65,Received
PO-002040,SUP-02,SKU-00016,WH-QLD,2026-01-31,2026-02-19,2026-02-19,235.0,235.0,2.03,Received
PO-002041,SUP-05,SKU-00017,WH-QLD,2026-01-31,2026-02-09,2026-02-08,464.0,464.0,1.83,Received
PO-002042,SUP-07,SKU-00022,WH-QLD,2026-01-31,2026-02-08,2026-02-07,57.0,57.0,3.85,Received
PO-002043,SUP-04,SKU-00011,WH-VIC,2026-01-31,2026-02-18,2026-02-19,127.0,127.0,5.92,Late
PO-002044,SUP-02,SKU-00016,WH-VIC,2026-01-31,2026-02-19,2026-02-19,75.0,75.0,2.03,Received
PO-002045,SUP-06,SKU-00019,WH-VIC,2026-01-31,2026-02-04,2026-02-03,203.0,203.0,5.36,Received
PO-002046,SUP-02,SKU-00024,WH-VIC,2026-01-31,2026-02-10,2026-02-10,304.0,304.0,1.36,Received
PO-002047,SUP-06,SKU-00003,WH-WA,2026-01-31,2026-02-04,2026-02-04,63.0,63.0,5.99,Received
PO-002048,SUP-04,SKU-00005,WH-WA,2026-01-31,2026-02-18,2026-02-17,70.0,70.0,2.29,Received
PO-002049,SUP-05,SKU-00007,WH-WA,2026-01-31,2026-02-09,2026-02-09,143.0,143.0,2.62,Received
PO-002050,SUP-06,SKU-00009,WH-WA,2026-01-31,2026-02-04,2026-02-03,126.0,126.0,4.65,Received
PO-002051,SUP-06,SKU-00003,WH-NSW,2026-02-01,2026-02-05,2026-02-03,177.0,177.0,5.99,Received
PO-002052,SUP-07,SKU-00006,WH-NSW,2026-02-01,2026-02-09,2026-02-08,120.0,120.0,4.07,Received
PO-002053,SUP-05,SKU-00007,WH-NSW,2026-02-01,2026-02-10,2026-02-10,238.0,238.0,2.62,Received
PO-002054,SUP-02,SKU-00008,WH-NSW,2026-02-01,2026-02-11,2026-02-10,180.0,180.0,1.67,Received
PO-002055,SUP-05,SKU-00013,WH-NSW,2026-02-01,2026-02-10,2026-02-10,164.0,164.0,2.42,Received
PO-002056,SUP-02,SKU-00008,WH-QLD,2026-02-01,2026-02-11,2026-02-11,395.0,395.0,1.67,Received
PO-002057,SUP-04,SKU-00011,WH-QLD,2026-02-01,2026-02-19,2026-02-19,102.0,102.0,5.92,Received
PO-002058,SUP-05,SKU-00013,WH-QLD,2026-02-01,2026-02-10,2026-02-10,409.0,409.0,2.42,Received
PO-002059,SUP-06,SKU-00003,WH-VIC,2026-02-01,2026-02-05,2026-02-05,152.0,136.0,5.99,Received
PO-002060,SUP-01,SKU-00015,WH-VIC,2026-02-01,2026-02-05,2026-02-03,271.0,271.0,2.27,Received
PO-002061,SUP-05,SKU-00001,WH-WA,2026-02-01,2026-02-10,2026-02-13,207.0,207.0,1.57,Late
PO-002062,SUP-02,SKU-00018,WH-WA,2026-02-01,2026-02-11,2026-02-10,197.0,197.0,2.32,Received
PO-002063,SUP-04,SKU-00005,WH-NSW,2026-02-02,2026-02-20,2026-02-20,58.0,58.0,2.29,Received
PO-002064,SUP-07,SKU-00012,WH-NSW,2026-02-02,2026-02-10,2026-02-12,52.0,52.0,2.93,Late
PO-002065,SUP-06,SKU-00019,WH-QLD,2026-02-02,2026-02-06,2026-02-05,303.0,303.0,5.36,Received
PO-002066,SUP-02,SKU-00004,WH-VIC,2026-02-02,2026-02-21,2026-02-21,262.0,262.0,5.29,Received
PO-002067,SUP-02,SKU-00008,WH-VIC,2026-02-02,2026-02-12,2026-02-11,337.0,337.0,1.67,Received
PO-002068,SUP-05,SKU-00013,WH-VIC,2026-02-02,2026-02-11,2026-02-11,325.0,325.0,2.42,Received
PO-002069,SUP-07,SKU-00020,WH-VIC,2026-02-02,2026-02-22,2026-02-22,248.0,248.0,5.2,Received
PO-002070,SUP-04,SKU-00021,WH-VIC,2026-02-02,2026-02-20,2026-02-20,161.0,161.0,2.1,Received
PO-002071,SUP-07,SKU-00022,WH-VIC,2026-02-02,2026-02-10,2026-02-08,68.0,68.0,3.85,Received
PO-002072,SUP-02,SKU-00002,WH-WA,2026-02-02,2026-02-12,2026-02-12,50.0,50.0,2.21,Received
PO-002073,SUP-02,SKU-00014,WH-WA,2026-02-02,2026-02-12,2026-02-13,146.0,146.0,4.12,Late
PO-002074,SUP-01,SKU-00015,WH-WA,2026-02-02,2026-02-06,2026-02-04,85.0,85.0,2.27,Received
PO-002075,SUP-02,SKU-00016,WH-WA,2026-02-02,2026-02-21,2026-02-19,58.0,58.0,2.03,Received
PO-002076,SUP-05,SKU-00017,WH-WA,2026-02-02,2026-02-11,2026-02-14,201.0,201.0,1.83,Late
PO-002077,SUP-07,SKU-00020,WH-WA,2026-02-02,2026-02-22,2026-02-24,119.0,119.0,5.2,Late
PO-002078,SUP-01,SKU-00015,WH-NSW,2026-02-03,2026-02-07,2026-02-07,131.0,131.0,2.27,Received
PO-002079,SUP-05,SKU-00017,WH-NSW,2026-02-03,2026-02-12,2026-02-10,150.0,150.0,1.83,Received
PO-002080,SUP-02,SKU-00018,WH-NSW,2026-02-03,2026-02-13,2026-02-13,226.0,226.0,2.32,Received
PO-002081,SUP-02,SKU-00002,WH-QLD,2026-02-03,2026-02-13,2026-02-13,242.0,242.0,2.21,Received
PO-002082,SUP-07,SKU-00006,WH-VIC,2026-02-03,2026-02-11,2026-02-09,68.0,68.0,4.07,Received
PO-002083,SUP-06,SKU-00009,WH-VIC,2026-02-03,2026-02-07,2026-02-07,98.0,98.0,4.65,Received
PO-002084,SUP-05,SKU-00017,WH-VIC,2026-02-03,2026-02-12,2026-02-11,145.0,145.0,1.83,Received
PO-002085,SUP-02,SKU-00018,WH-VIC,2026-02-03,2026-02-13,2026-02-13,305.0,305.0,2.32,Received
PO-002086,SUP-05,SKU-00013,WH-WA,2026-02-03,2026-02-12,2026-02-10,216.0,216.0,2.42,Received
PO-002087,SUP-02,SKU-00016,WH-NSW,2026-02-04,2026-02-23,2026-02-23,74.0,74.0,2.03,Received
PO-002088,SUP-06,SKU-00019,WH-NSW,2026-02-04,2026-02-08,2026-02-06,121.0,121.0,5.36,Received
PO-002089,SUP-05,SKU-00023,WH-NSW,2026-02-04,2026-02-13,2026-02-15,265.0,265.0,2.48,Late
PO-002090,SUP-02,SKU-00024,WH-NSW,2026-02-04,2026-02-14,2026-02-14,233.0,233.0,1.36,Received
PO-002091,SUP-04,SKU-00005,WH-QLD,2026-02-04,2026-02-22,2026-02-20,134.0,134.0,2.29,Received
PO-002092,SUP-05,SKU-00007,WH-QLD,2026-02-04,2026-02-13,2026-02-12,342.0,342.0,2.62,Received
PO-002093,SUP-02,SKU-00014,WH-QLD,2026-02-04,2026-02-14,2026-02-15,101.0,101.0,4.12,Late
PO-002094,SUP-05,SKU-00023,WH-QLD,2026-02-04,2026-02-13,2026-02-13,386.0,386.0,2.48,Received
PO-002095,SUP-05,SKU-00023,WH-VIC,2026-02-04,2026-02-13,2026-02-13,178.0,178.0,2.48,Received
PO-002096,SUP-07,SKU-00006,WH-WA,2026-02-04,2026-02-12,2026-02-12,98.0,98.0,4.07,Received
PO-002097,SUP-07,SKU-00012,WH-WA,2026-02-04,2026-02-12,2026-02-12,57.0,57.0,2.93,Received
PO-002098,SUP-07,SKU-00022,WH-WA,2026-02-04,2026-02-12,2026-02-11,71.0,71.0,3.85,Received
PO-002099,SUP-05,SKU-00001,WH-NSW,2026-02-05,2026-02-14,2026-02-15,141.0,141.0,1.57,Late
PO-002100,SUP-07,SKU-00020,WH-NSW,2026-02-05,2026-02-25,2026-02-26,248.0,248.0,5.2,Late
PO-002101,SUP-07,SKU-00006,WH-QLD,2026-02-05,2026-02-13,2026-02-16,150.0,150.0,4.07,Late
PO-002102,SUP-01,SKU-00015,WH-QLD,2026-02-05,2026-02-09,2026-02-10,92.0,92.0,2.27,Late
PO-002103,SUP-05,SKU-00017,WH-QLD,2026-02-05,2026-02-14,2026-02-14,355.0,355.0,1.83,Received
PO-002104,SUP-02,SKU-00018,WH-QLD,2026-02-05,2026-02-15,2026-02-15,311.0,311.0,2.32,Received
PO-002105,SUP-04,SKU-00021,WH-QLD,2026-02-05,2026-02-23,2026-02-26,128.0,128.0,2.1,Late
PO-002106,SUP-06,SKU-00019,WH-WA,2026-02-05,2026-02-09,2026-02-09,55.0,55.0,5.36,Received
PO-002107,SUP-02,SKU-00002,WH-NSW,2026-02-06,2026-02-16,2026-02-14,379.0,379.0,2.21,Received
PO-002108,SUP-06,SKU-00003,WH-NSW,2026-02-06,2026-02-10,2026-02-11,154.0,154.0,5.99,Late
PO-002109,SUP-07,SKU-00006,WH-NSW,2026-02-06,2026-02-14,2026-02-14,114.0,114.0,4.07,Received
PO-002110,SUP-06,SKU-00009,WH-NSW,2026-02-06,2026-02-10,2026-02-10,236.0,236.0,4.65,Received
PO-002111,SUP-05,SKU-00001,WH-QLD,2026-02-06,2026-02-15,2026-02-16,185.0,185.0,1.57,Late
PO-002112,SUP-07,SKU-00020,WH-QLD,2026-02-06,2026-02-26,2026-02-26,293.0,293.0,5.2,Received
PO-002113,SUP-02,SKU-00014,WH-VIC,2026-02-06,2026-02-16,2026-02-17,333.0,333.0,4.12,Late
PO-002114,SUP-06,SKU-00009,WH-WA,2026-02-06,2026-02-10,2026-02-10,101.0,101.0,4.65,Received
PO-002115,SUP-01,SKU-00015,WH-WA,2026-02-06,2026-02-10,2026-02-10,74.0,74.0,2.27,Received
PO-002116,SUP-04,SKU-00021,WH-WA,2026-02-06,2026-02-24,2026-02-24,101.0,101.0,2.1,Received
PO-002117,SUP-05,SKU-00007,WH-NSW,2026-02-07,2026-02-16,2026-02-20,230.0,230.0,2.62,Late
PO-002118,SUP-05,SKU-00013,WH-NSW,2026-02-07,2026-02-16,2026-02-16,196.0,196.0,2.42,Received
PO-002119,SUP-07,SKU-00022,WH-NSW,2026-02-07,2026-02-15,2026-02-18,169.0,169.0,3.85,Late
PO-002120,SUP-06,SKU-00003,WH-QLD,2026-02-07,2026-02-11,2026-02-10,120.0,120.0,5.99,Received
PO-002121,SUP-07,SKU-00012,WH-QLD,2026-02-07,2026-02-15,2026-02-15,85.0,85.0,2.93,Received
PO-002122,SUP-05,SKU-00001,WH-VIC,2026-02-07,2026-02-16,2026-02-16,279.0,279.0,1.57,Received
PO-002123,SUP-02,SKU-00002,WH-VIC,2026-02-07,2026-02-17,2026-02-17,536.0,536.0,2.21,Received
PO-002124,SUP-06,SKU-00003,WH-VIC,2026-02-07,2026-02-11,2026-02-11,180.0,180.0,5.99,Received
PO-002125,SUP-05,SKU-00007,WH-VIC,2026-02-07,2026-02-16,2026-02-14,365.0,365.0,2.62,Received
PO-002126,SUP-06,SKU-00019,WH-VIC,2026-02-07,2026-02-11,2026-02-10,172.0,172.0,5.36,Received
PO-002127,SUP-05,SKU-00001,WH-WA,2026-02-07,2026-02-16,2026-02-18,217.0,217.0,1.57,Late
PO-002128,SUP-05,SKU-00007,WH-WA,2026-02-07,2026-02-16,2026-02-16,108.0,108.0,2.62,Received
PO-002129,SUP-04,SKU-00011,WH-WA,2026-02-07,2026-02-25,2026-02-24,68.0,68.0,5.92,Received
PO-002130,SUP-05,SKU-00017,WH-WA,2026-02-07,2026-02-16,2026-02-14,173.0,173.0,1.83,Received
PO-002131,SUP-05,SKU-00023,WH-WA,2026-02-07,2026-02-16,2026-02-14,101.0,101.0,2.48,Received
PO-002132,SUP-02,SKU-00024,WH-WA,2026-02-07,2026-02-17,2026-02-17,59.0,59.0,1.36,Received
PO-002133,SUP-02,SKU-00014,WH-NSW,2026-02-08,2026-02-18,2026-02-18,355.0,355.0,4.12,Received
PO-002134,SUP-01,SKU-00015,WH-NSW,2026-02-08,2026-02-12,2026-02-13,159.0,159.0,2.27,Late
PO-002135,SUP-06,SKU-00009,WH-QLD,2026-02-08,2026-02-12,2026-02-12,110.0,110.0,4.65,Received
PO-002136,SUP-05,SKU-00013,WH-QLD,2026-02-08,2026-02-17,2026-02-17,484.0,484.0,2.42,Received
PO-002137,SUP-05,SKU-00013,WH-VIC,2026-02-08,2026-02-17,2026-02-16,248.0,248.0,2.42,Received
PO-002138,SUP-06,SKU-00003,WH-WA,2026-02-08,2026-02-12,2026-02-13,73.0,73.0,5.99,Late
PO-002139,SUP-02,SKU-00004,WH-NSW,2026-02-09,2026-02-28,2026-02-28,98.0,98.0,5.29,Received
PO-002140,SUP-06,SKU-00019,WH-NSW,2026-02-09,2026-02-13,2026-02-13,175.0,175.0,5.36,Received
PO-002141,SUP-05,SKU-00007,WH-QLD,2026-02-09,2026-02-18,2026-02-21,345.0,345.0,2.62,Late
PO-002142,SUP-02,SKU-00008,WH-QLD,2026-02-09,2026-02-19,2026-02-19,419.0,419.0,1.67,Received
PO-002143,SUP-06,SKU-00019,WH-QLD,2026-02-09,2026-02-13,2026-02-13,211.0,211.0,5.36,Received
PO-002144,SUP-05,SKU-00023,WH-QLD,2026-02-09,2026-02-18,2026-02-18,304.0,304.0,2.48,Received
PO-002145,SUP-07,SKU-00006,WH-VIC,2026-02-09,2026-02-17,2026-02-18,71.0,71.0,4.07,Late
PO-002146,SUP-03,SKU-00010,WH-VIC,2026-02-09,2026-02-28,2026-02-28,289.0,215.0,4.29,Received
PO-002147,SUP-01,SKU-00015,WH-VIC,2026-02-09,2026-02-13,2026-02-14,281.0,281.0,2.27,Late
PO-002148,SUP-02,SKU-00024,WH-VIC,2026-02-09,2026-02-19,2026-02-20,348.0,348.0,1.36,Late
PO-002149,SUP-02,SKU-00004,WH-WA,2026-02-09,2026-02-28,2026-02-27,76.0,76.0,5.29,Received
PO-002150,SUP-04,SKU-00005,WH-WA,2026-02-09,2026-02-27,2026-02-27,68.0,68.0,2.29,Received
PO-002151,SUP-05,SKU-00013,WH-WA,2026-02-09,2026-02-18,2026-02-16,211.0,211.0,2.42,Received
PO-002152,SUP-05,SKU-00017,WH-NSW,2026-02-10,2026-02-19,2026-02-21,187.0,187.0,1.83,Late
PO-002153,SUP-05,SKU-00023,WH-NSW,2026-02-10,2026-02-19,2026-02-18,256.0,256.0,2.48,Received
PO-002154,SUP-02,SKU-00008,WH-VIC,2026-02-10,2026-02-20,2026-02-20,332.0,332.0,1.67,Received
PO-002155,SUP-03,SKU-00010,WH-WA,2026-02-10,2026-03-01,2026-03-03,148.0,148.0,4.29,Late
PO-002156,SUP-02,SKU-00014,WH-WA,2026-02-10,2026-02-20,2026-02-20,144.0,144.0,4.12,Received
PO-002157,SUP-04,SKU-00011,WH-NSW,2026-02-11,2026-03-01,2026-02-28,105.0,92.0,5.92,Received
PO-002158,SUP-03,SKU-00010,WH-QLD,2026-02-11,2026-03-02,2026-03-03,210.0,159.0,4.29,Late
PO-002159,SUP-05,SKU-00017,WH-QLD,2026-02-11,2026-02-20,2026-02-20,369.0,369.0,1.83,Received
PO-002160,SUP-04,SKU-00005,WH-VIC,2026-02-11,2026-03-01,2026-03-01,71.0,71.0,2.29,Received
PO-002161,SUP-02,SKU-00014,WH-VIC,2026-02-11,2026-02-21,2026-02-22,254.0,254.0,4.12,Late
PO-002162,SUP-05,SKU-00017,WH-VIC,2026-02-11,2026-02-20,2026-02-20,199.0,199.0,1.83,Received
PO-002163,SUP-02,SKU-00018,WH-VIC,2026-02-11,2026-02-21,2026-02-20,369.0,369.0,2.32,Received
PO-002164,SUP-07,SKU-00022,WH-VIC,2026-02-11,2026-02-19,2026-02-18,69.0,69.0,3.85,Received
PO-002165,SUP-05,SKU-00023,WH-VIC,2026-02-11,2026-02-20,2026-02-21,199.0,199.0,2.48,Late
PO-002166,SUP-07,SKU-00006,WH-WA,2026-02-11,2026-02-19,2026-02-19,105.0,105.0,4.07,Received
PO-002167,SUP-02,SKU-00018,WH-WA,2026-02-11,2026-02-21,2026-02-22,248.0,248.0,2.32,Late
PO-002168,SUP-05,SKU-00001,WH-NSW,2026-02-12,2026-02-21,2026-02-21,176.0,176.0,1.57,Received
PO-002169,SUP-06,SKU-00003,WH-NSW,2026-02-12,2026-02-16,2026-02-17,181.0,181.0,5.99,Late
PO-002170,SUP-02,SKU-00008,WH-NSW,2026-02-12,2026-02-22,2026-02-22,192.0,192.0,1.67,Received
PO-002171,SUP-03,SKU-00010,WH-NSW,2026-02-12,2026-03-03,2026-03-03,154.0,154.0,4.29,Received
PO-002172,SUP-05,SKU-00013,WH-NSW,2026-02-12,2026-02-21,2026-02-21,143.0,143.0,2.42,Received
PO-002173,SUP-02,SKU-00018,WH-NSW,2026-02-12,2026-02-22,2026-02-22,265.0,265.0,2.32,Received
PO-002174,SUP-02,SKU-00024,WH-NSW,2026-02-12,2026-02-22,2026-02-22,225.0,225.0,1.36,Received
PO-002175,SUP-02,SKU-00002,WH-QLD,2026-02-12,2026-02-22,2026-02-22,268.0,268.0,2.21,Received
PO-002176,SUP-07,SKU-00006,WH-QLD,2026-02-12,2026-02-20,2026-02-18,170.0,170.0,4.07,Received
PO-002177,SUP-01,SKU-00015,WH-QLD,2026-02-12,2026-02-16,2026-02-16,91.0,91.0,2.27,Received
PO-002178,SUP-06,SKU-00009,WH-VIC,2026-02-12,2026-02-16,2026-02-16,92.0,92.0,4.65,Received
PO-002179,SUP-02,SKU-00002,WH-WA,2026-02-12,2026-02-22,2026-02-22,58.0,58.0,2.21,Received
PO-002180,SUP-05,SKU-00007,WH-WA,2026-02-12,2026-02-21,2026-02-21,106.0,106.0,2.62,Received
PO-002181,SUP-01,SKU-00015,WH-WA,2026-02-12,2026-02-16,2026-02-17,80.0,80.0,2.27,Late
PO-002182,SUP-05,SKU-00007,WH-NSW,2026-02-13,2026-02-22,2026-02-22,209.0,209.0,2.62,Received
PO-002183,SUP-06,SKU-00009,WH-NSW,2026-02-13,2026-02-17,2026-02-17,216.0,216.0,4.65,Received
PO-002184,SUP-01,SKU-00015,WH-NSW,2026-02-13,2026-02-17,2026-02-17,122.0,122.0,2.27,Received
PO-002185,SUP-02,SKU-00004,WH-QLD,2026-02-13,2026-03-04,2026-03-05,154.0,154.0,5.29,Late
PO-002186,SUP-02,SKU-00018,WH-QLD,2026-02-13,2026-02-23,2026-02-23,321.0,321.0,2.32,Received
PO-002187,SUP-07,SKU-00022,WH-QLD,2026-02-13,2026-02-21,2026-02-23,79.0,79.0,3.85,Late
PO-002188,SUP-05,SKU-00001,WH-VIC,2026-02-13,2026-02-22,2026-02-23,300.0,300.0,1.57,Late
PO-002189,SUP-06,SKU-00003,WH-VIC,2026-02-13,2026-02-17,2026-02-17,155.0,155.0,5.99,Received
PO-002190,SUP-05,SKU-00001,WH-WA,2026-02-13,2026-02-22,2026-02-26,165.0,165.0,1.57,Late
PO-002191,SUP-06,SKU-00009,WH-WA,2026-02-13,2026-02-17,2026-02-17,124.0,124.0,4.65,Received
PO-002192,SUP-07,SKU-00012,WH-WA,2026-02-13,2026-02-21,2026-02-20,58.0,58.0,2.93,Received
PO-002193,SUP-02,SKU-00016,WH-WA,2026-02-13,2026-03-04,2026-03-04,54.0,54.0,2.03,Received
PO-002194,SUP-05,SKU-00023,WH-WA,2026-02-13,2026-02-22,2026-02-23,109.0,109.0,2.48,Late
PO-002195,SUP-07,SKU-00006,WH-NSW,2026-02-14,2026-02-22,2026-02-23,114.0,114.0,4.07,Late
PO-002196,SUP-07,SKU-00012,WH-NSW,2026-02-14,2026-02-22,2026-02-21,55.0,55.0,2.93,Received
PO-002197,SUP-05,SKU-00001,WH-QLD,2026-02-14,2026-02-23,2026-02-24,243.0,243.0,1.57,Late
PO-002198,SUP-06,SKU-00003,WH-QLD,2026-02-14,2026-02-18,2026-02-18,119.0,119.0,5.99,Received
PO-002199,SUP-05,SKU-00013,WH-QLD,2026-02-14,2026-02-23,2026-02-23,404.0,404.0,2.42,Received
PO-002200,SUP-02,SKU-00004,WH-VIC,2026-02-14,2026-03-05,2026-03-05,266.0,266.0,5.29,Received
PO-002201,SUP-04,SKU-00011,WH-VIC,2026-02-14,2026-03-04,2026-03-04,147.0,147.0,5.92,Received
PO-002202,SUP-05,SKU-00013,WH-VIC,2026-02-14,2026-02-23,2026-02-25,236.0,236.0,2.42,Late
PO-002203,SUP-06,SKU-00019,WH-VIC,2026-02-14,2026-02-18,2026-02-18,196.0,196.0,5.36,Received
PO-002204,SUP-05,SKU-00017,WH-WA,2026-02-14,2026-02-23,2026-02-24,211.0,211.0,1.83,Late
PO-002205,SUP-02,SKU-00002,WH-NSW,2026-02-15,2026-02-25,2026-02-25,375.0,375.0,2.21,Received
PO-002206,SUP-02,SKU-00014,WH-NSW,2026-02-15,2026-02-25,2026-02-23,367.0,367.0,4.12,Received
PO-002207,SUP-05,SKU-00007,WH-QLD,2026-02-15,2026-02-24,2026-02-27,353.0,353.0,2.62,Late
PO-002208,SUP-07,SKU-00012,WH-QLD,2026-02-15,2026-02-23,2026-02-23,86.0,86.0,2.93,Received
PO-002209,SUP-05,SKU-00023,WH-QLD,2026-02-15,2026-02-24,2026-02-24,333.0,333.0,2.48,Received
PO-002210,SUP-05,SKU-00007,WH-VIC,2026-02-15,2026-02-24,2026-02-24,373.0,373.0,2.62,Received
PO-002211,SUP-02,SKU-00016,WH-VIC,2026-02-15,2026-03-06,2026-03-06,72.0,72.0,2.03,Received
PO-002212,SUP-07,SKU-00020,WH-WA,2026-02-15,2026-03-07,2026-03-07,124.0,124.0,5.2,Received
PO-002213,SUP-05,SKU-00017,WH-NSW,2026-02-16,2026-02-25,2026-02-26,158.0,158.0,1.83,Late
PO-002214,SUP-04,SKU-00005,WH-QLD,2026-02-16,2026-03-06,2026-03-09,128.0,128.0,2.29,Late
PO-002215,SUP-06,SKU-00009,WH-QLD,2026-02-16,2026-02-20,2026-02-20,102.0,102.0,4.65,Received
PO-002216,SUP-02,SKU-00014,WH-QLD,2026-02-16,2026-02-26,2026-02-26,123.0,123.0,4.12,Received
PO-002217,SUP-06,SKU-00019,WH-QLD,2026-02-16,2026-02-20,2026-02-19,257.0,257.0,5.36,Received
PO-002218,SUP-02,SKU-00002,WH-VIC,2026-02-16,2026-02-26,2026-02-26,477.0,477.0,2.21,Received
PO-002219,SUP-07,SKU-00020,WH-VIC,2026-02-16,2026-03-08,2026-03-06,256.0,191.0,5.2,Received
PO-002220,SUP-04,SKU-00021,WH-VIC,2026-02-16,2026-03-06,2026-03-07,156.0,156.0,2.1,Late
PO-002221,SUP-06,SKU-00019,WH-NSW,2026-02-17,2026-02-21,2026-02-20,172.0,172.0,5.36,Received
PO-002222,SUP-02,SKU-00008,WH-QLD,2026-02-17,2026-02-27,2026-02-26,418.0,418.0,1.67,Received
PO-002223,SUP-04,SKU-00011,WH-QLD,2026-02-17,2026-03-07,2026-03-09,95.0,95.0,5.92,Late
PO-002224,SUP-02,SKU-00016,WH-QLD,2026-02-17,2026-03-08,2026-03-07,256.0,256.0,2.03,Received
PO-002225,SUP-05,SKU-00017,WH-QLD,2026-02-17,2026-02-26,2026-02-26,365.0,365.0,1.83,Received
PO-002226,SUP-01,SKU-00015,WH-VIC,2026-02-17,2026-02-21,2026-02-21,234.0,234.0,2.27,Received
PO-002227,SUP-02,SKU-00024,WH-VIC,2026-02-17,2026-02-27,2026-02-26,391.0,391.0,1.36,Received
PO-002228,SUP-06,SKU-00003,WH-WA,2026-02-17,2026-02-21,2026-02-21,74.0,74.0,5.99,Received
PO-002229,SUP-02,SKU-00018,WH-WA,2026-02-17,2026-02-27,2026-02-27,198.0,198.0,2.32,Received
PO-002230,SUP-07,SKU-00022,WH-WA,2026-02-17,2026-02-25,2026-02-27,66.0,66.0,3.85,Late
PO-002231,SUP-05,SKU-00001,WH-NSW,2026-02-18,2026-02-27,2026-02-26,146.0,146.0,1.57,Received
PO-002232,SUP-07,SKU-00022,WH-NSW,2026-02-18,2026-02-26,2026-02-27,183.0,183.0,3.85,Late
PO-002233,SUP-05,SKU-00023,WH-VIC,2026-02-18,2026-02-27,2026-03-01,170.0,170.0,2.48,Late
PO-002234,SUP-06,SKU-00009,WH-WA,2026-02-18,2026-02-22,2026-02-22,103.0,103.0,4.65,Received
PO-002235,SUP-05,SKU-00013,WH-WA,2026-02-18,2026-02-27,2026-02-25,268.0,268.0,2.42,Received
PO-002236,SUP-02,SKU-00014,WH-WA,2026-02-18,2026-02-28,2026-02-26,152.0,152.0,4.12,Received
PO-002237,SUP-06,SKU-00019,WH-WA,2026-02-18,2026-02-22,2026-02-21,64.0,64.0,5.36,Received
PO-002238,SUP-02,SKU-00024,WH-WA,2026-02-18,2026-02-28,2026-02-27,57.0,57.0,1.36,Received
PO-002239,SUP-06,SKU-00003,WH-NSW,2026-02-19,2026-02-23,2026-02-22,160.0,160.0,5.99,Received
PO-002240,SUP-05,SKU-00013,WH-NSW,2026-02-19,2026-02-28,2026-03-02,173.0,173.0,2.42,Late
PO-002241,SUP-02,SKU-00018,WH-NSW,2026-02-19,2026-03-01,2026-02-28,236.0,236.0,2.32,Received
PO-002242,SUP-05,SKU-00023,WH-NSW,2026-02-19,2026-02-28,2026-02-28,373.0,373.0,2.48,Received
PO-002243,SUP-02,SKU-00024,WH-NSW,2026-02-19,2026-03-01,2026-03-02,202.0,159.0,1.36,Late
PO-002244,SUP-02,SKU-00002,WH-QLD,2026-02-19,2026-03-01,2026-03-01,246.0,246.0,2.21,Received
PO-002245,SUP-07,SKU-00006,WH-QLD,2026-02-19,2026-02-27,2026-02-27,159.0,159.0,4.07,Received
PO-002246,SUP-01,SKU-00015,WH-QLD,2026-02-19,2026-02-23,2026-02-22,96.0,96.0,2.27,Received
PO-002247,SUP-07,SKU-00020,WH-QLD,2026-02-19,2026-03-11,2026-03-09,281.0,281.0,5.2,Received
PO-002248,SUP-05,SKU-00001,WH-VIC,2026-02-19,2026-02-28,2026-02-28,243.0,243.0,1.57,Received
PO-002249,SUP-07,SKU-00006,WH-VIC,2026-02-19,2026-02-27,2026-02-28,77.0,77.0,4.07,Late
PO-002250,SUP-02,SKU-00008,WH-VIC,2026-02-19,2026-03-01,2026-03-01,350.0,350.0,1.67,Received
PO-002251,SUP-06,SKU-00009,WH-VIC,2026-02-19,2026-02-23,2026-02-23,94.0,94.0,4.65,Received
PO-002252,SUP-07,SKU-00022,WH-VIC,2026-02-19,2026-02-27,2026-02-25,72.0,72.0,3.85,Received
PO-002253,SUP-07,SKU-00006,WH-WA,2026-02-19,2026-02-27,2026-02-27,84.0,84.0,4.07,Received
PO-002254,SUP-05,SKU-00007,WH-WA,2026-02-19,2026-02-28,2026-03-01,123.0,123.0,2.62,Late
PO-002255,SUP-07,SKU-00012,WH-WA,2026-02-19,2026-02-27,2026-02-27,57.0,57.0,2.93,Received
PO-002256,SUP-05,SKU-00023,WH-WA,2026-02-19,2026-02-28,2026-02-28,82.0,82.0,2.48,Received
PO-002257,SUP-05,SKU-00007,WH-NSW,2026-02-20,2026-03-01,2026-02-28,246.0,246.0,2.62,Received
PO-002258,SUP-06,SKU-00009,WH-NSW,2026-02-20,2026-02-24,2026-02-23,235.0,235.0,4.65,Received
PO-002259,SUP-01,SKU-00015,WH-NSW,2026-02-20,2026-02-24,2026-02-24,147.0,147.0,2.27,Received
PO-002260,SUP-07,SKU-00020,WH-NSW,2026-02-20,2026-03-12,2026-03-12,217.0,217.0,5.2,Received
PO-002261,SUP-05,SKU-00013,WH-QLD,2026-02-20,2026-03-01,2026-03-04,412.0,412.0,2.42,Late
PO-002262,SUP-02,SKU-00018,WH-QLD,2026-02-20,2026-03-02,2026-03-02,284.0,284.0,2.32,Received
PO-002263,SUP-04,SKU-00021,WH-QLD,2026-02-20,2026-03-10,2026-03-08,160.0,160.0,2.1,Received
PO-002264,SUP-06,SKU-00003,WH-VIC,2026-02-20,2026-02-24,2026-02-24,156.0,156.0,5.99,Received
PO-002265,SUP-02,SKU-00014,WH-VIC,2026-02-20,2026-03-02,2026-03-02,352.0,352.0,4.12,Received
PO-002266,SUP-05,SKU-00017,WH-VIC,2026-02-20,2026-03-01,2026-03-03,198.0,198.0,1.83,Late
PO-002267,SUP-04,SKU-00005,WH-WA,2026-02-20,2026-03-10,2026-03-08,62.0,62.0,2.29,Received
PO-002268,SUP-01,SKU-00015,WH-WA,2026-02-20,2026-02-24,2026-02-22,103.0,103.0,2.27,Received
PO-002269,SUP-04,SKU-00021,WH-WA,2026-02-20,2026-03-10,2026-03-08,114.0,114.0,2.1,Received
PO-002270,SUP-04,SKU-00005,WH-NSW,2026-02-21,2026-03-11,2026-03-10,53.0,53.0,2.29,Received
PO-002271,SUP-02,SKU-00016,WH-NSW,2026-02-21,2026-03-12,2026-03-12,88.0,88.0,2.03,Received
PO-002272,SUP-04,SKU-00021,WH-NSW,2026-02-21,2026-03-11,2026-03-09,54.0,54.0,2.1,Received
PO-002273,SUP-05,SKU-00001,WH-QLD,2026-02-21,2026-03-02,2026-03-02,185.0,185.0,1.57,Received
PO-002274,SUP-05,SKU-00007,WH-QLD,2026-02-21,2026-03-02,2026-03-02,352.0,352.0,2.62,Received
PO-002275,SUP-06,SKU-00019,WH-QLD,2026-02-21,2026-02-25,2026-02-25,181.0,181.0,5.36,Received
PO-002276,SUP-07,SKU-00022,WH-QLD,2026-02-21,2026-03-01,2026-03-02,58.0,58.0,3.85,Late
PO-002277,SUP-05,SKU-00023,WH-QLD,2026-02-21,2026-03-02,2026-03-01,291.0,291.0,2.48,Received
PO-002278,SUP-05,SKU-00013,WH-VIC,2026-02-21,2026-03-02,2026-03-02,280.0,280.0,2.42,Received
PO-002279,SUP-02,SKU-00018,WH-VIC,2026-02-21,2026-03-03,2026-03-04,389.0,389.0,2.32,Late
PO-002280,SUP-05,SKU-00001,WH-WA,2026-02-21,2026-03-02,2026-03-04,208.0,208.0,1.57,Late
PO-002281,SUP-04,SKU-00011,WH-WA,2026-02-21,2026-03-11,2026-03-11,80.0,59.0,5.92,Received
PO-002282,SUP-02,SKU-00004,WH-NSW,2026-02-22,2026-03-13,2026-03-13,97.0,97.0,5.29,Received
PO-002283,SUP-02,SKU-00008,WH-NSW,2026-02-22,2026-03-04,2026-03-04,192.0,192.0,1.67,Received
PO-002284,SUP-06,SKU-00003,WH-QLD,2026-02-22,2026-02-26,2026-02-26,131.0,131.0,5.99,Received
PO-002285,SUP-07,SKU-00012,WH-QLD,2026-02-22,2026-03-02,2026-03-02,79.0,79.0,2.93,Received
PO-002286,SUP-05,SKU-00017,WH-QLD,2026-02-22,2026-03-03,2026-03-04,351.0,351.0,1.83,Late
PO-002287,SUP-01,SKU-00015,WH-VIC,2026-02-22,2026-02-26,2026-03-01,200.0,200.0,2.27,Late
PO-002288,SUP-06,SKU-00019,WH-VIC,2026-02-22,2026-02-26,2026-02-28,200.0,200.0,5.36,Late
PO-002289,SUP-02,SKU-00002,WH-WA,2026-02-22,2026-03-04,2026-03-05,65.0,65.0,2.21,Late
PO-002290,SUP-02,SKU-00004,WH-WA,2026-02-22,2026-03-13,2026-03-14,67.0,67.0,5.29,Late
PO-002291,SUP-05,SKU-00017,WH-WA,2026-02-22,2026-03-03,2026-03-04,162.0,162.0,1.83,Late
PO-002292,SUP-07,SKU-00006,WH-NSW,2026-02-23,2026-03-03,2026-03-01,113.0,113.0,4.07,Received
PO-002293,SUP-05,SKU-00001,WH-NSW,2026-02-24,2026-03-05,2026-03-05,127.0,127.0,1.57,Received
PO-002294,SUP-02,SKU-00002,WH-NSW,2026-02-24,2026-03-06,2026-03-07,354.0,354.0,2.21,Late
PO-002295,SUP-02,SKU-00014,WH-NSW,2026-02-24,2026-03-06,2026-03-05,342.0,342.0,4.12,Received
PO-002296,SUP-06,SKU-00019,WH-NSW,2026-02-24,2026-02-28,2026-02-28,179.0,179.0,5.36,Received
PO-002297,SUP-02,SKU-00008,WH-QLD,2026-02-24,2026-03-06,2026-03-06,424.0,424.0,1.67,Received
PO-002298,SUP-04,SKU-00005,WH-VIC,2026-02-24,2026-03-14,2026-03-15,69.0,58.0,2.29,Late
PO-002299,SUP-05,SKU-00007,WH-VIC,2026-02-24,2026-03-05,2026-03-03,360.0,360.0,2.62,Received
PO-002300,SUP-03,SKU-00010,WH-VIC,2026-02-24,2026-03-15,2026-03-14,288.0,288.0,4.29,Received
PO-002301,SUP-03,SKU-00010,WH-WA,2026-02-24,2026-03-15,2026-03-15,153.0,153.0,4.29,Received
PO-002302,SUP-05,SKU-00013,WH-WA,2026-02-24,2026-03-05,2026-03-05,185.0,185.0,2.42,Received
PO-002303,SUP-06,SKU-00003,WH-NSW,2026-02-25,2026-03-01,2026-03-01,191.0,191.0,5.99,Received
PO-002304,SUP-04,SKU-00011,WH-NSW,2026-02-25,2026-03-15,2026-03-15,115.0,115.0,5.92,Received
PO-002305,SUP-05,SKU-00013,WH-NSW,2026-02-25,2026-03-06,2026-03-06,174.0,174.0,2.42,Received
PO-002306,SUP-05,SKU-00017,WH-NSW,2026-02-25,2026-03-06,2026-03-06,183.0,183.0,1.83,Received
PO-002307,SUP-02,SKU-00002,WH-VIC,2026-02-25,2026-03-07,2026-03-08,584.0,584.0,2.21,Late
PO-002308,SUP-06,SKU-00003,WH-VIC,2026-02-25,2026-03-01,2026-02-27,145.0,145.0,5.99,Received
PO-002309,SUP-06,SKU-00003,WH-WA,2026-02-25,2026-03-01,2026-03-01,70.0,70.0,5.99,Received
PO-002310,SUP-02,SKU-00018,WH-WA,2026-02-25,2026-03-07,2026-03-06,205.0,205.0,2.32,Received
PO-002311,SUP-02,SKU-00018,WH-NSW,2026-02-26,2026-03-08,2026-03-08,227.0,227.0,2.32,Received
PO-002312,SUP-05,SKU-00023,WH-NSW,2026-02-26,2026-03-07,2026-03-07,256.0,256.0,2.48,Received
PO-002313,SUP-02,SKU-00002,WH-QLD,2026-02-26,2026-03-08,2026-03-08,222.0,222.0,2.21,Received
PO-002314,SUP-04,SKU-00005,WH-QLD,2026-02-26,2026-03-16,2026-03-15,140.0,140.0,2.29,Received
PO-002315,SUP-06,SKU-00009,WH-QLD,2026-02-26,2026-03-02,2026-03-02,100.0,100.0,4.65,Received
PO-002316,SUP-03,SKU-00010,WH-QLD,2026-02-26,2026-03-17,2026-03-17,236.0,236.0,4.29,Received
PO-002317,SUP-01,SKU-00015,WH-QLD,2026-02-26,2026-03-02,2026-03-02,90.0,90.0,2.27,Received
PO-002318,SUP-06,SKU-00009,WH-VIC,2026-02-26,2026-03-02,2026-03-02,105.0,105.0,4.65,Received
PO-002319,SUP-05,SKU-00023,WH-VIC,2026-02-26,2026-03-07,2026-03-05,193.0,193.0,2.48,Received
PO-002320,SUP-02,SKU-00024,WH-VIC,2026-02-26,2026-03-08,2026-03-10,343.0,343.0,1.36,Late
PO-002321,SUP-05,SKU-00007,WH-WA,2026-02-26,2026-03-07,2026-03-10,106.0,106.0,2.62,Late
PO-002322,SUP-07,SKU-00012,WH-WA,2026-02-26,2026-03-06,2026-03-06,57.0,57.0,2.93,Received
PO-002323,SUP-05,SKU-00023,WH-WA,2026-02-26,2026-03-07,2026-03-09,115.0,115.0,2.48,Late
PO-002324,SUP-02,SKU-00024,WH-WA,2026-02-26,2026-03-08,2026-03-10,56.0,56.0,1.36,Late
PO-002325,SUP-06,SKU-00009,WH-NSW,2026-02-27,2026-03-03,2026-03-02,226.0,226.0,4.65,Received
PO-002326,SUP-01,SKU-00015,WH-NSW,2026-02-27,2026-03-03,2026-03-01,128.0,128.0,2.27,Received
PO-002327,SUP-05,SKU-00007,WH-QLD,2026-02-27,2026-03-08,2026-03-08,345.0,345.0,2.62,Received
PO-002328,SUP-05,SKU-00013,WH-QLD,2026-02-27,2026-03-08,2026-03-06,443.0,443.0,2.42,Received
PO-002329,SUP-02,SKU-00014,WH-QLD,2026-02-27,2026-03-09,2026-03-09,123.0,123.0,4.12,Received
PO-002330,SUP-05,SKU-00023,WH-QLD,2026-02-27,2026-03-08,2026-03-09,274.0,274.0,2.48,Late
PO-002331,SUP-05,SKU-00001,WH-VIC,2026-02-27,2026-03-08,2026-03-08,315.0,315.0,1.57,Received
PO-002332,SUP-02,SKU-00004,WH-VIC,2026-02-27,2026-03-18,2026-03-18,276.0,276.0,5.29,Received
PO-002333,SUP-01,SKU-00015,WH-VIC,2026-02-27,2026-03-03,2026-03-06,210.0,210.0,2.27,Late
PO-002334,SUP-07,SKU-00006,WH-WA,2026-02-27,2026-03-07,2026-03-07,84.0,84.0,4.07,Received
PO-002335,SUP-06,SKU-00009,WH-WA,2026-02-27,2026-03-03,2026-03-03,149.0,149.0,4.65,Received
PO-002336,SUP-02,SKU-00014,WH-WA,2026-02-27,2026-03-09,2026-03-10,124.0,124.0,4.12,Late
PO-002337,SUP-06,SKU-00019,WH-WA,2026-02-27,2026-03-03,2026-03-05,55.0,55.0,5.36,Late
PO-002338,SUP-05,SKU-00007,WH-NSW,2026-02-28,2026-03-09,2026-03-13,203.0,203.0,2.62,Late
PO-002339,SUP-03,SKU-00010,WH-NSW,2026-02-28,2026-03-19,2026-03-20,175.0,175.0,4.29,Late
PO-002340,SUP-07,SKU-00022,WH-NSW,2026-02-28,2026-03-08,2026-03-07,175.0,175.0,3.85,Received
PO-002341,SUP-02,SKU-00024,WH-NSW,2026-02-28,2026-03-10,2026-03-10,284.0,284.0,1.36,Received
PO-002342,SUP-05,SKU-00001,WH-QLD,2026-02-28,2026-03-09,2026-03-12,239.0,239.0,1.57,Late
PO-002343,SUP-02,SKU-00004,WH-QLD,2026-02-28,2026-03-19,2026-03-19,161.0,161.0,5.29,Received
PO-002344,SUP-05,SKU-00017,WH-QLD,2026-02-28,2026-03-09,2026-03-09,371.0,371.0,1.83,Received
PO-002345,SUP-02,SKU-00018,WH-QLD,2026-02-28,2026-03-10,2026-03-09,295.0,295.0,2.32,Received
PO-002346,SUP-06,SKU-00019,WH-QLD,2026-02-28,2026-03-04,2026-03-05,212.0,212.0,5.36,Late
PO-002347,SUP-02,SKU-00008,WH-VIC,2026-02-28,2026-03-10,2026-03-09,379.0,379.0,1.67,Received
PO-002348,SUP-05,SKU-00013,WH-VIC,2026-02-28,2026-03-09,2026-03-10,309.0,309.0,2.42,Late
PO-002349,SUP-07,SKU-00022,WH-VIC,2026-02-28,2026-03-08,2026-03-11,72.0,72.0,3.85,Late
PO-002350,SUP-01,SKU-00015,WH-WA,2026-02-28,2026-03-04,2026-03-03,80.0,80.0,2.27,Received
PO-002351,SUP-02,SKU-00016,WH-WA,2026-02-28,2026-03-19,2026-03-19,56.0,56.0,2.03,Received
PO-002352,SUP-05,SKU-00017,WH-WA,2026-02-28,2026-03-09,2026-03-09,171.0,171.0,1.83,Received
PO-002353,SUP-06,SKU-00003,WH-QLD,2026-03-01,2026-03-05,2026-03-05,118.0,118.0,5.99,Received
PO-002354,SUP-02,SKU-00016,WH-QLD,2026-03-01,2026-03-20,2026-03-21,234.0,234.0,2.03,Late
PO-002355,SUP-07,SKU-00022,WH-QLD,2026-03-01,2026-03-09,2026-03-09,58.0,58.0,3.85,Received
PO-002356,SUP-07,SKU-00006,WH-VIC,2026-03-01,2026-03-09,2026-03-10,73.0,73.0,4.07,Late
PO-002357,SUP-05,SKU-00017,WH-VIC,2026-03-01,2026-03-10,2026-03-10,164.0,164.0,1.83,Received
PO-002358,SUP-06,SKU-00019,WH-VIC,2026-03-01,2026-03-05,2026-03-05,194.0,194.0,5.36,Received
PO-002359,SUP-07,SKU-00020,WH-VIC,2026-03-01,2026-03-21,2026-03-22,247.0,247.0,5.2,Late
PO-002360,SUP-05,SKU-00001,WH-WA,2026-03-01,2026-03-10,2026-03-10,211.0,211.0,1.57,Received
PO-002361,SUP-05,SKU-00013,WH-WA,2026-03-01,2026-03-10,2026-03-10,189.0,189.0,2.42,Received
PO-002362,SUP-07,SKU-00022,WH-WA,2026-03-01,2026-03-09,2026-03-07,68.0,68.0,3.85,Received
PO-002363,SUP-07,SKU-00012,WH-NSW,2026-03-02,2026-03-10,2026-03-09,53.0,53.0,2.93,Received
PO-002364,SUP-05,SKU-00017,WH-NSW,2026-03-02,2026-03-11,2026-03-15,134.0,134.0,1.83,Late
PO-002365,SUP-07,SKU-00006,WH-QLD,2026-03-02,2026-03-10,2026-03-10,174.0,174.0,4.07,Received
PO-002366,SUP-07,SKU-00012,WH-QLD,2026-03-02,2026-03-10,2026-03-09,80.0,80.0,2.93,Received
PO-002367,SUP-04,SKU-00011,WH-VIC,2026-03-02,2026-03-20,2026-03-20,146.0,146.0,5.92,Received
PO-002368,SUP-02,SKU-00014,WH-VIC,2026-03-02,2026-03-12,2026-03-12,300.0,300.0,4.12,Received
PO-002369,SUP-02,SKU-00016,WH-VIC,2026-03-02,2026-03-21,2026-03-21,76.0,76.0,2.03,Received
PO-002370,SUP-04,SKU-00021,WH-VIC,2026-03-02,2026-03-20,2026-03-18,149.0,149.0,2.1,Received
PO-002371,SUP-04,SKU-00005,WH-WA,2026-03-02,2026-03-20,2026-03-20,65.0,65.0,2.29,Received
PO-002372,SUP-02,SKU-00002,WH-NSW,2026-03-03,2026-03-13,2026-03-13,327.0,327.0,2.21,Received
PO-002373,SUP-06,SKU-00003,WH-NSW,2026-03-03,2026-03-07,2026-03-06,178.0,178.0,5.99,Received
PO-002374,SUP-02,SKU-00014,WH-NSW,2026-03-03,2026-03-13,2026-03-12,365.0,301.0,4.12,Received
PO-002375,SUP-05,SKU-00023,WH-NSW,2026-03-03,2026-03-12,2026-03-11,260.0,260.0,2.48,Received
PO-002376,SUP-02,SKU-00018,WH-VIC,2026-03-03,2026-03-13,2026-03-14,356.0,356.0,2.32,Late
PO-002377,SUP-06,SKU-00003,WH-WA,2026-03-03,2026-03-07,2026-03-07,66.0,66.0,5.99,Received
PO-002378,SUP-07,SKU-00020,WH-WA,2026-03-03,2026-03-23,2026-03-26,118.0,118.0,5.2,Late
PO-002379,SUP-02,SKU-00008,WH-NSW,2026-03-04,2026-03-14,2026-03-15,207.0,207.0,1.67,Late
PO-002380,SUP-01,SKU-00015,WH-NSW,2026-03-04,2026-03-08,2026-03-08,153.0,153.0,2.27,Received
PO-002381,SUP-02,SKU-00016,WH-NSW,2026-03-04,2026-03-23,2026-03-22,76.0,76.0,2.03,Received
PO-002382,SUP-06,SKU-00019,WH-NSW,2026-03-04,2026-03-08,2026-03-08,150.0,150.0,5.36,Received
PO-002383,SUP-02,SKU-00008,WH-QLD,2026-03-04,2026-03-14,2026-03-15,383.0,383.0,1.67,Late
PO-002384,SUP-04,SKU-00011,WH-QLD,2026-03-04,2026-03-22,2026-03-22,102.0,102.0,5.92,Received
PO-002385,SUP-05,SKU-00013,WH-QLD,2026-03-04,2026-03-13,2026-03-12,422.0,422.0,2.42,Received
PO-002386,SUP-05,SKU-00017,WH-QLD,2026-03-04,2026-03-13,2026-03-13,419.0,419.0,1.83,Received
PO-002387,SUP-05,SKU-00007,WH-WA,2026-03-04,2026-03-13,2026-03-13,101.0,101.0,2.62,Received
PO-002388,SUP-05,SKU-00001,WH-NSW,2026-03-05,2026-03-14,2026-03-16,196.0,196.0,1.57,Late
PO-002389,SUP-05,SKU-00013,WH-NSW,2026-03-05,2026-03-14,2026-03-14,189.0,189.0,2.42,Received
PO-002390,SUP-04,SKU-00021,WH-QLD,2026-03-05,2026-03-23,2026-03-23,122.0,122.0,2.1,Received
PO-002391,SUP-05,SKU-00023,WH-QLD,2026-03-05,2026-03-14,2026-03-16,292.0,292.0,2.48,Late
PO-002392,SUP-05,SKU-00001,WH-VIC,2026-03-05,2026-03-14,2026-03-14,246.0,246.0,1.57,Received
PO-002393,SUP-06,SKU-00003,WH-VIC,2026-03-05,2026-03-09,2026-03-09,172.0,172.0,5.99,Received
PO-002394,SUP-05,SKU-00007,WH-VIC,2026-03-05,2026-03-14,2026-03-15,340.0,340.0,2.62,Late
PO-002395,SUP-05,SKU-00017,WH-VIC,2026-03-05,2026-03-14,2026-03-13,139.0,139.0,1.83,Received
PO-002396,SUP-02,SKU-00002,WH-WA,2026-03-05,2026-03-15,2026-03-16,75.0,75.0,2.21,Late
PO-002397,SUP-07,SKU-00012,WH-WA,2026-03-05,2026-03-13,2026-03-13,62.0,62.0,2.93,Received
PO-002398,SUP-06,SKU-00009,WH-NSW,2026-03-06,2026-03-10,2026-03-11,170.0,170.0,4.65,Late
PO-002399,SUP-05,SKU-00001,WH-QLD,2026-03-06,2026-03-15,2026-03-16,161.0,161.0,1.57,Late
PO-002400,SUP-06,SKU-00009,WH-QLD,2026-03-06,2026-03-10,2026-03-10,92.0,92.0,4.65,Received
PO-002401,SUP-01,SKU-00015,WH-QLD,2026-03-06,2026-03-10,2026-03-09,99.0,99.0,2.27,Received
PO-002402,SUP-07,SKU-00020,WH-QLD,2026-03-06,2026-03-26,2026-03-29,297.0,297.0,5.2,Late
PO-002403,SUP-02,SKU-00002,WH-VIC,2026-03-06,2026-03-16,2026-03-16,446.0,446.0,2.21,Received
PO-002404,SUP-04,SKU-00005,WH-VIC,2026-03-06,2026-03-24,2026-03-25,62.0,62.0,2.29,Late
PO-002405,SUP-06,SKU-00009,WH-VIC,2026-03-06,2026-03-10,2026-03-09,88.0,88.0,4.65,Received
PO-002406,SUP-01,SKU-00015,WH-VIC,2026-03-06,2026-03-10,2026-03-10,220.0,220.0,2.27,Received
PO-002407,SUP-05,SKU-00013,WH-WA,2026-03-06,2026-03-15,2026-03-15,178.0,162.0,2.42,Received
PO-002408,SUP-02,SKU-00014,WH-WA,2026-03-06,2026-03-16,2026-03-16,143.0,143.0,4.12,Received
PO-002409,SUP-01,SKU-00015,WH-WA,2026-03-06,2026-03-10,2026-03-10,86.0,86.0,2.27,Received
PO-002410,SUP-05,SKU-00017,WH-WA,2026-03-06,2026-03-15,2026-03-16,178.0,178.0,1.83,Late
PO-002411,SUP-05,SKU-00023,WH-WA,2026-03-06,2026-03-15,2026-03-15,97.0,97.0,2.48,Received
PO-002412,SUP-06,SKU-00003,WH-NSW,2026-03-07,2026-03-11,2026-03-11,186.0,186.0,5.99,Received
PO-002413,SUP-07,SKU-00006,WH-NSW,2026-03-07,2026-03-15,2026-03-13,131.0,131.0,4.07,Received
PO-002414,SUP-02,SKU-00018,WH-NSW,2026-03-07,2026-03-17,2026-03-17,299.0,299.0,2.32,Received
PO-002415,SUP-07,SKU-00020,WH-NSW,2026-03-07,2026-03-27,2026-03-27,227.0,227.0,5.2,Received
PO-002416,SUP-02,SKU-00002,WH-QLD,2026-03-07,2026-03-17,2026-03-17,237.0,237.0,2.21,Received
PO-002417,SUP-05,SKU-00007,WH-QLD,2026-03-07,2026-03-16,2026-03-15,368.0,368.0,2.62,Received
PO-002418,SUP-06,SKU-00019,WH-QLD,2026-03-07,2026-03-11,2026-03-11,267.0,267.0,5.36,Received
PO-002419,SUP-05,SKU-00013,WH-VIC,2026-03-07,2026-03-16,2026-03-16,232.0,232.0,2.42,Received
PO-002420,SUP-05,SKU-00023,WH-VIC,2026-03-07,2026-03-16,2026-03-15,217.0,217.0,2.48,Received
PO-002421,SUP-02,SKU-00024,WH-VIC,2026-03-07,2026-03-17,2026-03-17,357.0,357.0,1.36,Received
PO-002422,SUP-07,SKU-00006,WH-WA,2026-03-07,2026-03-15,2026-03-13,77.0,77.0,4.07,Received
PO-002423,SUP-06,SKU-00009,WH-WA,2026-03-07,2026-03-11,2026-03-11,152.0,152.0,4.65,Received
PO-002424,SUP-02,SKU-00018,WH-WA,2026-03-07,2026-03-17,2026-03-18,229.0,229.0,2.32,Late
PO-002425,SUP-04,SKU-00021,WH-WA,2026-03-07,2026-03-25,2026-03-28,107.0,107.0,2.1,Late
PO-002426,SUP-02,SKU-00024,WH-WA,2026-03-07,2026-03-17,2026-03-16,57.0,57.0,1.36,Received
PO-002427,SUP-02,SKU-00004,WH-NSW,2026-03-08,2026-03-27,2026-03-28,93.0,93.0,5.29,Late
PO-002428,SUP-05,SKU-00007,WH-NSW,2026-03-08,2026-03-17,2026-03-17,257.0,257.0,2.62,Received
PO-002429,SUP-04,SKU-00021,WH-NSW,2026-03-08,2026-03-26,2026-03-24,56.0,56.0,2.1,Received
PO-002430,SUP-07,SKU-00022,WH-NSW,2026-03-08,2026-03-16,2026-03-16,156.0,156.0,3.85,Received
PO-002431,SUP-02,SKU-00018,WH-QLD,2026-03-08,2026-03-18,2026-03-19,310.0,218.0,2.32,Late
PO-002432,SUP-03,SKU-00010,WH-VIC,2026-03-08,2026-03-27,2026-03-27,283.0,283.0,4.29,Received
PO-002433,SUP-02,SKU-00014,WH-VIC,2026-03-08,2026-03-18,2026-03-18,283.0,283.0,4.12,Received
PO-002434,SUP-06,SKU-00019,WH-VIC,2026-03-08,2026-03-12,2026-03-12,199.0,199.0,5.36,Received
PO-002435,SUP-05,SKU-00001,WH-WA,2026-03-08,2026-03-17,2026-03-17,167.0,167.0,1.57,Received
PO-002436,SUP-02,SKU-00004,WH-WA,2026-03-08,2026-03-27,2026-03-27,69.0,69.0,5.29,Received
PO-002437,SUP-05,SKU-00017,WH-NSW,2026-03-09,2026-03-18,2026-03-19,186.0,186.0,1.83,Late
PO-002438,SUP-02,SKU-00024,WH-NSW,2026-03-09,2026-03-19,2026-03-19,239.0,239.0,1.36,Received
PO-002439,SUP-06,SKU-00003,WH-QLD,2026-03-09,2026-03-13,2026-03-13,121.0,121.0,5.99,Received
PO-002440,SUP-04,SKU-00005,WH-QLD,2026-03-09,2026-03-27,2026-03-27,139.0,139.0,2.29,Received
PO-002441,SUP-02,SKU-00014,WH-QLD,2026-03-09,2026-03-19,2026-03-19,113.0,113.0,4.12,Received
PO-002442,SUP-05,SKU-00017,WH-QLD,2026-03-09,2026-03-18,2026-03-18,365.0,365.0,1.83,Received
PO-002443,SUP-02,SKU-00008,WH-VIC,2026-03-09,2026-03-19,2026-03-19,304.0,304.0,1.67,Received
PO-002444,SUP-07,SKU-00022,WH-VIC,2026-03-09,2026-03-17,2026-03-15,68.0,55.0,3.85,Received
PO-002445,SUP-04,SKU-00005,WH-NSW,2026-03-10,2026-03-28,2026-03-29,71.0,53.0,2.29,Late
PO-002446,SUP-02,SKU-00008,WH-NSW,2026-03-10,2026-03-20,2026-03-20,149.0,149.0,1.67,Received
PO-002447,SUP-04,SKU-00011,WH-NSW,2026-03-10,2026-03-28,2026-03-27,116.0,116.0,5.92,Received
PO-002448,SUP-05,SKU-00023,WH-NSW,2026-03-10,2026-03-19,2026-03-19,301.0,301.0,2.48,Received
PO-002449,SUP-07,SKU-00006,WH-QLD,2026-03-10,2026-03-18,2026-03-18,154.0,154.0,4.07,Received
PO-002450,SUP-07,SKU-00012,WH-QLD,2026-03-10,2026-03-18,2026-03-18,82.0,82.0,2.93,Received
PO-002451,SUP-05,SKU-00023,WH-QLD,2026-03-10,2026-03-19,2026-03-19,281.0,281.0,2.48,Received
PO-002452,SUP-06,SKU-00003,WH-VIC,2026-03-10,2026-03-14,2026-03-14,157.0,157.0,5.99,Received
PO-002453,SUP-05,SKU-00007,WH-WA,2026-03-10,2026-03-19,2026-03-19,98.0,98.0,2.62,Received
PO-002454,SUP-03,SKU-00010,WH-WA,2026-03-10,2026-03-29,2026-03-30,132.0,132.0,4.29,Late
PO-002455,SUP-04,SKU-00011,WH-WA,2026-03-10,2026-03-28,2026-03-26,69.0,69.0,5.92,Received
PO-002456,SUP-02,SKU-00002,WH-NSW,2026-03-11,2026-03-21,2026-03-21,346.0,346.0,2.21,Received
PO-002457,SUP-06,SKU-00009,WH-NSW,2026-03-11,2026-03-15,2026-03-15,189.0,189.0,4.65,Received
PO-002458,SUP-01,SKU-00015,WH-NSW,2026-03-11,2026-03-15,2026-03-14,133.0,133.0,2.27,Received
PO-002459,SUP-06,SKU-00019,WH-NSW,2026-03-11,2026-03-15,2026-03-13,172.0,172.0,5.36,Received
PO-002460,SUP-05,SKU-00013,WH-QLD,2026-03-11,2026-03-20,2026-03-20,377.0,377.0,2.42,Received
PO-002461,SUP-05,SKU-00001,WH-VIC,2026-03-11,2026-03-20,2026-03-18,236.0,236.0,1.57,Received
PO-002462,SUP-01,SKU-00015,WH-VIC,2026-03-11,2026-03-15,2026-03-13,208.0,208.0,2.27,Received
PO-002463,SUP-02,SKU-00018,WH-VIC,2026-03-11,2026-03-21,2026-03-22,291.0,291.0,2.32,Late
PO-002464,SUP-06,SKU-00003,WH-WA,2026-03-11,2026-03-15,2026-03-15,69.0,69.0,5.99,Received
PO-002465,SUP-05,SKU-00013,WH-WA,2026-03-11,2026-03-20,2026-03-21,191.0,191.0,2.42,Late
PO-002466,SUP-01,SKU-00015,WH-WA,2026-03-11,2026-03-15,2026-03-17,84.0,84.0,2.27,Late
PO-002467,SUP-07,SKU-00012,WH-NSW,2026-03-12,2026-03-20,2026-03-18,53.0,53.0,2.93,Received
PO-002468,SUP-05,SKU-00013,WH-NSW,2026-03-12,2026-03-21,2026-03-21,163.0,163.0,2.42,Received
PO-002469,SUP-02,SKU-00014,WH-NSW,2026-03-12,2026-03-22,2026-03-22,445.0,445.0,4.12,Received
PO-002470,SUP-05,SKU-00001,WH-QLD,2026-03-12,2026-03-21,2026-03-21,173.0,173.0,1.57,Received
PO-002471,SUP-02,SKU-00008,WH-QLD,2026-03-12,2026-03-22,2026-03-22,441.0,441.0,1.67,Received
PO-002472,SUP-06,SKU-00009,WH-QLD,2026-03-12,2026-03-16,2026-03-16,87.0,87.0,4.65,Received
PO-002473,SUP-07,SKU-00006,WH-VIC,2026-03-12,2026-03-20,2026-03-20,99.0,99.0,4.07,Received
PO-002474,SUP-05,SKU-00007,WH-VIC,2026-03-12,2026-03-21,2026-03-21,244.0,230.0,2.62,Received
PO-002475,SUP-04,SKU-00011,WH-VIC,2026-03-12,2026-03-30,2026-03-31,123.0,123.0,5.92,Late
PO-002476,SUP-05,SKU-00023,WH-WA,2026-03-12,2026-03-21,2026-03-22,94.0,94.0,2.48,Late
PO-002477,SUP-03,SKU-00010,WH-NSW,2026-03-13,2026-04-01,2026-04-01,157.0,157.0,4.29,Received
PO-002478,SUP-05,SKU-00007,WH-QLD,2026-03-13,2026-03-22,2026-03-23,316.0,316.0,2.62,Late
PO-002479,SUP-07,SKU-00022,WH-QLD,2026-03-13,2026-03-21,2026-03-20,75.0,75.0,3.85,Received
PO-002480,SUP-02,SKU-00002,WH-VIC,2026-03-13,2026-03-23,2026-03-22,432.0,432.0,2.21,Received
PO-002481,SUP-05,SKU-00017,WH-VIC,2026-03-13,2026-03-22,2026-03-22,192.0,192.0,1.83,Received
PO-002482,SUP-02,SKU-00014,WH-WA,2026-03-13,2026-03-23,2026-03-23,170.0,170.0,4.12,Received
PO-002483,SUP-05,SKU-00017,WH-WA,2026-03-13,2026-03-22,2026-03-22,186.0,186.0,1.83,Received
PO-002484,SUP-05,SKU-00001,WH-NSW,2026-03-14,2026-03-23,2026-03-24,130.0,130.0,1.57,Late
PO-002485,SUP-06,SKU-00003,WH-NSW,2026-03-14,2026-03-18,2026-03-18,164.0,164.0,5.99,Received
PO-002486,SUP-02,SKU-00002,WH-QLD,2026-03-14,2026-03-24,2026-03-24,225.0,225.0,2.21,Received
PO-002487,SUP-03,SKU-00010,WH-QLD,2026-03-14,2026-04-02,2026-04-02,225.0,225.0,4.29,Received
PO-002488,SUP-04,SKU-00021,WH-VIC,2026-03-14,2026-04-01,2026-03-31,161.0,161.0,2.1,Received
PO-002489,SUP-04,SKU-00005,WH-WA,2026-03-14,2026-04-01,2026-04-03,72.0,72.0,2.29,Late
PO-002490,SUP-06,SKU-00009,WH-WA,2026-03-14,2026-03-18,2026-03-18,102.0,102.0,4.65,Received
PO-002491,SUP-07,SKU-00012,WH-WA,2026-03-14,2026-03-22,2026-03-20,61.0,61.0,2.93,Received
PO-002492,SUP-02,SKU-00018,WH-WA,2026-03-14,2026-03-24,2026-03-24,185.0,185.0,2.32,Received
PO-002493,SUP-07,SKU-00022,WH-WA,2026-03-14,2026-03-22,2026-03-22,63.0,49.0,3.85,Received
PO-002494,SUP-01,SKU-00015,WH-NSW,2026-03-15,2026-03-19,2026-03-20,136.0,136.0,2.27,Late
PO-002495,SUP-05,SKU-00017,WH-NSW,2026-03-15,2026-03-24,2026-03-22,135.0,135.0,1.83,Received
PO-002496,SUP-07,SKU-00022,WH-NSW,2026-03-15,2026-03-23,2026-03-24,145.0,145.0,3.85,Late
PO-002497,SUP-02,SKU-00004,WH-QLD,2026-03-15,2026-04-03,2026-04-03,168.0,168.0,5.29,Received
PO-002498,SUP-02,SKU-00014,WH-QLD,2026-03-15,2026-03-25,2026-03-25,118.0,118.0,4.12,Received
PO-002499,SUP-01,SKU-00015,WH-QLD,2026-03-15,2026-03-19,2026-03-19,98.0,98.0,2.27,Received
PO-002500,SUP-06,SKU-00019,WH-QLD,2026-03-15,2026-03-19,2026-03-19,312.0,312.0,5.36,Received
PO-002501,SUP-02,SKU-00004,WH-VIC,2026-03-15,2026-04-03,2026-04-03,288.0,288.0,5.29,Received
PO-002502,SUP-06,SKU-00009,WH-VIC,2026-03-15,2026-03-19,2026-03-18,94.0,94.0,4.65,Received
PO-002503,SUP-02,SKU-00014,WH-VIC,2026-03-15,2026-03-25,2026-03-25,262.0,262.0,4.12,Received
PO-002504,SUP-06,SKU-00019,WH-VIC,2026-03-15,2026-03-19,2026-03-19,143.0,143.0,5.36,Received
PO-002505,SUP-07,SKU-00020,WH-VIC,2026-03-15,2026-04-04,2026-04-04,262.0,262.0,5.2,Received
PO-002506,SUP-02,SKU-00024,WH-VIC,2026-03-15,2026-03-25,2026-03-25,355.0,355.0,1.36,Received
PO-002507,SUP-05,SKU-00007,WH-WA,2026-03-15,2026-03-24,2026-03-22,97.0,97.0,2.62,Received
PO-002508,SUP-02,SKU-00016,WH-WA,2026-03-15,2026-04-03,2026-04-03,61.0,61.0,2.03,Received
PO-002509,SUP-07,SKU-00006,WH-NSW,2026-03-16,2026-03-24,2026-03-24,129.0,129.0,4.07,Received
PO-002510,SUP-05,SKU-00007,WH-NSW,2026-03-16,2026-03-25,2026-03-25,230.0,230.0,2.62,Received
PO-002511,SUP-04,SKU-00011,WH-QLD,2026-03-16,2026-04-03,2026-04-04,84.0,84.0,5.92,Late
PO-002512,SUP-05,SKU-00017,WH-QLD,2026-03-16,2026-03-25,2026-03-26,395.0,395.0,1.83,Late
PO-002513,SUP-05,SKU-00023,WH-QLD,2026-03-16,2026-03-25,2026-03-25,284.0,284.0,2.48,Received
PO-002514,SUP-06,SKU-00003,WH-VIC,2026-03-16,2026-03-20,2026-03-20,159.0,159.0,5.99,Received
PO-002515,SUP-05,SKU-00013,WH-VIC,2026-03-16,2026-03-25,2026-03-24,345.0,345.0,2.42,Received
PO-002516,SUP-05,SKU-00023,WH-VIC,2026-03-16,2026-03-25,2026-03-24,213.0,213.0,2.48,Received
PO-002517,SUP-05,SKU-00001,WH-WA,2026-03-16,2026-03-25,2026-03-25,227.0,227.0,1.57,Received
PO-002518,SUP-02,SKU-00002,WH-WA,2026-03-16,2026-03-26,2026-03-26,52.0,52.0,2.21,Received
PO-002519,SUP-07,SKU-00006,WH-WA,2026-03-16,2026-03-24,2026-03-28,96.0,70.0,4.07,Late
PO-002520,SUP-01,SKU-00015,WH-WA,2026-03-16,2026-03-20,2026-03-24,87.0,87.0,2.27,Late
PO-002521,SUP-06,SKU-00019,WH-WA,2026-03-16,2026-03-20,2026-03-21,66.0,66.0,5.36,Late
PO-002522,SUP-02,SKU-00018,WH-NSW,2026-03-17,2026-03-27,2026-03-27,325.0,325.0,2.32,Received
PO-002523,SUP-06,SKU-00019,WH-NSW,2026-03-17,2026-03-21,2026-03-21,129.0,129.0,5.36,Received
PO-002524,SUP-06,SKU-00003,WH-QLD,2026-03-17,2026-03-21,2026-03-21,107.0,107.0,5.99,Received
PO-002525,SUP-07,SKU-00012,WH-QLD,2026-03-17,2026-03-25,2026-03-25,77.0,77.0,2.93,Received
PO-002526,SUP-05,SKU-00013,WH-QLD,2026-03-17,2026-03-26,2026-03-28,398.0,398.0,2.42,Late
PO-002527,SUP-02,SKU-00016,WH-QLD,2026-03-17,2026-04-05,2026-04-05,265.0,265.0,2.03,Received
PO-002528,SUP-02,SKU-00018,WH-QLD,2026-03-17,2026-03-27,2026-03-27,358.0,358.0,2.32,Received
PO-002529,SUP-04,SKU-00021,WH-QLD,2026-03-17,2026-04-04,2026-04-03,123.0,123.0,2.1,Received
PO-002530,SUP-07,SKU-00022,WH-VIC,2026-03-17,2026-03-25,2026-03-26,66.0,66.0,3.85,Late
PO-002531,SUP-06,SKU-00003,WH-WA,2026-03-17,2026-03-21,2026-03-19,75.0,75.0,5.99,Received
PO-002532,SUP-05,SKU-00013,WH-WA,2026-03-17,2026-03-26,2026-03-26,182.0,182.0,2.42,Received
PO-002533,SUP-02,SKU-00002,WH-NSW,2026-03-18,2026-03-28,2026-03-28,329.0,329.0,2.21,Received
PO-002534,SUP-05,SKU-00023,WH-NSW,2026-03-18,2026-03-27,2026-03-26,246.0,246.0,2.48,Received
PO-002535,SUP-02,SKU-00024,WH-NSW,2026-03-18,2026-03-28,2026-03-28,215.0,215.0,1.36,Received
PO-002536,SUP-07,SKU-00006,WH-QLD,2026-03-18,2026-03-26,2026-03-28,145.0,145.0,4.07,Late
PO-002537,SUP-05,SKU-00007,WH-QLD,2026-03-18,2026-03-27,2026-03-30,343.0,343.0,2.62,Late
PO-002538,SUP-05,SKU-00001,WH-VIC,2026-03-18,2026-03-27,2026-03-25,236.0,236.0,1.57,Received
PO-002539,SUP-02,SKU-00008,WH-VIC,2026-03-18,2026-03-28,2026-03-28,307.0,307.0,1.67,Received
PO-002540,SUP-01,SKU-00015,WH-VIC,2026-03-18,2026-03-22,2026-03-24,300.0,300.0,2.27,Late
PO-002541,SUP-07,SKU-00020,WH-WA,2026-03-18,2026-04-07,2026-04-07,141.0,141.0,5.2,Received
PO-002542,SUP-05,SKU-00023,WH-WA,2026-03-18,2026-03-27,2026-03-25,101.0,101.0,2.48,Received
PO-002543,SUP-05,SKU-00001,WH-NSW,2026-03-19,2026-03-28,2026-03-29,136.0,136.0,1.57,Late
PO-002544,SUP-06,SKU-00003,WH-NSW,2026-03-19,2026-03-23,2026-03-23,188.0,188.0,5.99,Received
PO-002545,SUP-02,SKU-00008,WH-NSW,2026-03-19,2026-03-29,2026-03-29,168.0,168.0,1.67,Received
PO-002546,SUP-02,SKU-00014,WH-NSW,2026-03-19,2026-03-29,2026-03-29,336.0,336.0,4.12,Received
PO-002547,SUP-02,SKU-00016,WH-NSW,2026-03-19,2026-04-07,2026-04-07,85.0,85.0,2.03,Received
PO-002548,SUP-06,SKU-00009,WH-QLD,2026-03-19,2026-03-23,2026-03-22,111.0,111.0,4.65,Received
PO-002549,SUP-04,SKU-00005,WH-VIC,2026-03-19,2026-04-06,2026-04-07,66.0,66.0,2.29,Late
PO-002550,SUP-02,SKU-00016,WH-VIC,2026-03-19,2026-04-07,2026-04-08,82.0,82.0,2.03,Late
PO-002551,SUP-06,SKU-00009,WH-WA,2026-03-19,2026-03-23,2026-03-23,125.0,125.0,4.65,Received
PO-002552,SUP-04,SKU-00021,WH-WA,2026-03-19,2026-04-06,2026-04-04,120.0,120.0,2.1,Received
PO-002553,SUP-06,SKU-00009,WH-NSW,2026-03-20,2026-03-24,2026-03-24,278.0,278.0,4.65,Received
PO-002554,SUP-06,SKU-00019,WH-VIC,2026-03-20,2026-03-24,2026-03-24,172.0,172.0,5.36,Received
PO-002555,SUP-02,SKU-00014,WH-WA,2026-03-20,2026-03-30,2026-03-29,143.0,143.0,4.12,Received
PO-002556,SUP-05,SKU-00017,WH-WA,2026-03-20,2026-03-29,2026-03-29,218.0,218.0,1.83,Received
PO-002557,SUP-02,SKU-00024,WH-WA,2026-03-20,2026-03-30,2026-03-30,60.0,60.0,1.36,Received
PO-002558,SUP-07,SKU-00020,WH-NSW,2026-03-21,2026-04-10,2026-04-10,213.0,213.0,5.2,Received
PO-002559,SUP-05,SKU-00001,WH-QLD,2026-03-21,2026-03-30,2026-04-03,228.0,228.0,1.57,Late
PO-002560,SUP-02,SKU-00008,WH-QLD,2026-03-21,2026-03-31,2026-03-31,439.0,439.0,1.67,Received
PO-002561,SUP-07,SKU-00020,WH-QLD,2026-03-21,2026-04-10,2026-04-10,346.0,346.0,5.2,Received
PO-002562,SUP-02,SKU-00002,WH-VIC,2026-03-21,2026-03-31,2026-03-31,412.0,412.0,2.21,Received
PO-002563,SUP-06,SKU-00003,WH-VIC,2026-03-21,2026-03-25,2026-03-25,151.0,151.0,5.99,Received
PO-002564,SUP-05,SKU-00007,WH-VIC,2026-03-21,2026-03-30,2026-03-30,341.0,341.0,2.62,Received
PO-002565,SUP-06,SKU-00009,WH-VIC,2026-03-21,2026-03-25,2026-03-25,85.0,85.0,4.65,Received
PO-002566,SUP-03,SKU-00010,WH-VIC,2026-03-21,2026-04-09,2026-04-09,266.0,266.0,4.29,Received
PO-002567,SUP-02,SKU-00018,WH-VIC,2026-03-21,2026-03-31,2026-04-01,336.0,336.0,2.32,Late
PO-002568,SUP-05,SKU-00007,WH-WA,2026-03-21,2026-03-30,2026-03-30,96.0,96.0,2.62,Received
PO-002569,SUP-07,SKU-00012,WH-WA,2026-03-21,2026-03-29,2026-03-30,56.0,56.0,2.93,Late
PO-002570,SUP-01,SKU-00015,WH-WA,2026-03-21,2026-03-25,2026-03-27,87.0,87.0,2.27,Late
PO-002571,SUP-05,SKU-00007,WH-NSW,2026-03-22,2026-03-31,2026-03-31,194.0,194.0,2.62,Received
PO-002572,SUP-05,SKU-00013,WH-NSW,2026-03-22,2026-03-31,2026-03-31,220.0,220.0,2.42,Received
PO-002573,SUP-01,SKU-00015,WH-NSW,2026-03-22,2026-03-26,2026-03-26,132.0,132.0,2.27,Received
PO-002574,SUP-05,SKU-00017,WH-NSW,2026-03-22,2026-03-31,2026-03-31,139.0,116.0,1.83,Received
PO-002575,SUP-06,SKU-00019,WH-NSW,2026-03-22,2026-03-26,2026-03-26,136.0,136.0,5.36,Received
PO-002576,SUP-02,SKU-00002,WH-QLD,2026-03-22,2026-04-01,2026-04-02,238.0,238.0,2.21,Late
PO-002577,SUP-02,SKU-00014,WH-QLD,2026-03-22,2026-04-01,2026-03-31,98.0,98.0,4.12,Received
PO-002578,SUP-01,SKU-00015,WH-QLD,2026-03-22,2026-03-26,2026-03-25,102.0,102.0,2.27,Received
PO-002579,SUP-05,SKU-00017,WH-QLD,2026-03-22,2026-03-31,2026-03-30,382.0,382.0,1.83,Received
PO-002580,SUP-05,SKU-00023,WH-QLD,2026-03-22,2026-03-31,2026-03-29,279.0,279.0,2.48,Received
PO-002581,SUP-05,SKU-00017,WH-VIC,2026-03-22,2026-03-31,2026-03-31,204.0,204.0,1.83,Received
PO-002582,SUP-02,SKU-00004,WH-WA,2026-03-22,2026-04-10,2026-04-10,70.0,70.0,5.29,Received
PO-002583,SUP-02,SKU-00004,WH-NSW,2026-03-23,2026-04-11,2026-04-11,90.0,90.0,5.29,Received
PO-002584,SUP-04,SKU-00021,WH-NSW,2026-03-23,2026-04-10,2026-04-08,54.0,54.0,2.1,Received
PO-002585,SUP-07,SKU-00022,WH-NSW,2026-03-23,2026-03-31,2026-04-03,145.0,145.0,3.85,Late
PO-002586,SUP-04,SKU-00005,WH-QLD,2026-03-23,2026-04-10,2026-04-10,138.0,138.0,2.29,Received
PO-002587,SUP-05,SKU-00013,WH-QLD,2026-03-23,2026-04-01,2026-04-01,408.0,408.0,2.42,Received
PO-002588,SUP-06,SKU-00019,WH-QLD,2026-03-23,2026-03-27,2026-03-26,256.0,256.0,5.36,Received
PO-002589,SUP-07,SKU-00022,WH-QLD,2026-03-23,2026-03-31,2026-03-30,83.0,83.0,3.85,Received
PO-002590,SUP-07,SKU-00006,WH-VIC,2026-03-23,2026-03-31,2026-03-31,95.0,95.0,4.07,Received
PO-002591,SUP-02,SKU-00014,WH-VIC,2026-03-23,2026-04-02,2026-04-02,303.0,303.0,4.12,Received
PO-002592,SUP-05,SKU-00001,WH-WA,2026-03-23,2026-04-01,2026-04-01,184.0,184.0,1.57,Received
PO-002593,SUP-04,SKU-00005,WH-WA,2026-03-23,2026-04-10,2026-04-12,61.0,61.0,2.29,Late
PO-002594,SUP-03,SKU-00010,WH-WA,2026-03-23,2026-04-11,2026-04-11,141.0,141.0,4.29,Received
PO-002595,SUP-05,SKU-00013,WH-WA,2026-03-23,2026-04-01,2026-04-01,185.0,185.0,2.42,Received
PO-002596,SUP-02,SKU-00018,WH-WA,2026-03-23,2026-04-02,2026-04-03,238.0,169.0,2.32,Late
PO-002597,SUP-04,SKU-00011,WH-NSW,2026-03-24,2026-04-11,2026-04-11,107.0,107.0,5.92,Received
PO-002598,SUP-07,SKU-00012,WH-NSW,2026-03-24,2026-04-01,2026-04-01,53.0,53.0,2.93,Received
PO-002599,SUP-07,SKU-00022,WH-VIC,2026-03-24,2026-04-01,2026-04-01,67.0,67.0,3.85,Received
PO-002600,SUP-02,SKU-00024,WH-VIC,2026-03-24,2026-04-03,2026-04-03,317.0,317.0,1.36,Received
PO-002601,SUP-06,SKU-00003,WH-WA,2026-03-24,2026-03-28,2026-03-28,68.0,68.0,5.99,Received
PO-002602,SUP-04,SKU-00011,WH-WA,2026-03-24,2026-04-11,2026-04-10,71.0,71.0,5.92,Received
PO-002603,SUP-07,SKU-00022,WH-WA,2026-03-24,2026-04-01,2026-03-30,57.0,57.0,3.85,Received
PO-002604,SUP-06,SKU-00003,WH-NSW,2026-03-25,2026-03-29,2026-03-29,154.0,154.0,5.99,Received
PO-002605,SUP-03,SKU-00010,WH-NSW,2026-03-25,2026-04-13,2026-04-13,150.0,150.0,4.29,Received
PO-002606,SUP-06,SKU-00003,WH-QLD,2026-03-25,2026-03-29,2026-03-30,128.0,128.0,5.99,Late
PO-002607,SUP-07,SKU-00006,WH-QLD,2026-03-25,2026-04-02,2026-04-01,143.0,143.0,4.07,Received
PO-002608,SUP-04,SKU-00011,WH-VIC,2026-03-25,2026-04-12,2026-04-10,137.0,137.0,5.92,Received
PO-002609,SUP-05,SKU-00013,WH-VIC,2026-03-25,2026-04-03,2026-04-06,277.0,277.0,2.42,Late
PO-002610,SUP-07,SKU-00006,WH-WA,2026-03-25,2026-04-02,2026-04-02,87.0,87.0,4.07,Received
PO-002611,SUP-06,SKU-00009,WH-WA,2026-03-25,2026-03-29,2026-03-29,128.0,128.0,4.65,Received
PO-002612,SUP-05,SKU-00007,WH-QLD,2026-03-26,2026-04-04,2026-04-02,369.0,369.0,2.62,Received
PO-002613,SUP-03,SKU-00010,WH-QLD,2026-03-26,2026-04-14,2026-04-14,204.0,204.0,4.29,Received
PO-002614,SUP-01,SKU-00015,WH-VIC,2026-03-26,2026-03-30,2026-03-30,298.0,298.0,2.27,Received
PO-002615,SUP-05,SKU-00023,WH-WA,2026-03-26,2026-04-04,2026-04-02,94.0,94.0,2.48,Received
PO-002616,SUP-02,SKU-00002,WH-NSW,2026-03-27,2026-04-06,2026-04-06,404.0,404.0,2.21,Received
PO-002617,SUP-07,SKU-00006,WH-NSW,2026-03-27,2026-04-04,2026-04-03,126.0,126.0,4.07,Received
PO-002618,SUP-06,SKU-00009,WH-NSW,2026-03-27,2026-03-31,2026-03-31,242.0,242.0,4.65,Received
PO-002619,SUP-01,SKU-00015,WH-NSW,2026-03-27,2026-03-31,2026-03-29,153.0,153.0,2.27,Received
PO-002620,SUP-02,SKU-00018,WH-NSW,2026-03-27,2026-04-06,2026-04-05,262.0,262.0,2.32,Received
PO-002621,SUP-05,SKU-00023,WH-NSW,2026-03-27,2026-04-05,2026-04-06,299.0,299.0,2.48,Late
PO-002622,SUP-02,SKU-00024,WH-NSW,2026-03-27,2026-04-06,2026-04-06,227.0,227.0,1.36,Received
PO-002623,SUP-02,SKU-00004,WH-QLD,2026-03-27,2026-04-15,2026-04-15,158.0,158.0,5.29,Received
PO-002624,SUP-06,SKU-00009,WH-QLD,2026-03-27,2026-03-31,2026-03-31,107.0,107.0,4.65,Received
PO-002625,SUP-02,SKU-00018,WH-QLD,2026-03-27,2026-04-06,2026-04-06,331.0,331.0,2.32,Received
PO-002626,SUP-05,SKU-00001,WH-VIC,2026-03-27,2026-04-05,2026-04-06,285.0,285.0,1.57,Late
PO-002627,SUP-04,SKU-00005,WH-VIC,2026-03-27,2026-04-14,2026-04-14,59.0,59.0,2.29,Received
PO-002628,SUP-02,SKU-00008,WH-VIC,2026-03-27,2026-04-06,2026-04-05,395.0,395.0,1.67,Received
PO-002629,SUP-06,SKU-00019,WH-VIC,2026-03-27,2026-03-31,2026-03-31,157.0,157.0,5.36,Received
PO-002630,SUP-04,SKU-00021,WH-VIC,2026-03-27,2026-04-14,2026-04-14,141.0,141.0,2.1,Received
PO-002631,SUP-05,SKU-00023,WH-VIC,2026-03-27,2026-04-05,2026-04-05,214.0,214.0,2.48,Received
PO-002632,SUP-02,SKU-00002,WH-WA,2026-03-27,2026-04-06,2026-04-06,57.0,57.0,2.21,Received
PO-002633,SUP-02,SKU-00014,WH-WA,2026-03-27,2026-04-06,2026-04-06,123.0,123.0,4.12,Received
PO-002634,SUP-01,SKU-00015,WH-WA,2026-03-27,2026-03-31,2026-03-31,81.0,81.0,2.27,Received
PO-002635,SUP-02,SKU-00014,WH-NSW,2026-03-28,2026-04-07,2026-04-07,357.0,357.0,4.12,Received
PO-002636,SUP-06,SKU-00019,WH-NSW,2026-03-28,2026-04-01,2026-04-02,133.0,133.0,5.36,Late
PO-002637,SUP-07,SKU-00012,WH-QLD,2026-03-28,2026-04-05,2026-04-05,119.0,119.0,2.93,Received
PO-002638,SUP-06,SKU-00003,WH-VIC,2026-03-28,2026-04-01,2026-03-31,169.0,169.0,5.99,Received
PO-002639,SUP-05,SKU-00007,WH-WA,2026-03-28,2026-04-06,2026-04-06,106.0,97.0,2.62,Received
PO-002640,SUP-06,SKU-00019,WH-WA,2026-03-28,2026-04-01,2026-04-01,62.0,62.0,5.36,Received
PO-002641,SUP-05,SKU-00001,WH-NSW,2026-03-29,2026-04-07,2026-04-06,181.0,181.0,1.57,Received
PO-002642,SUP-05,SKU-00007,WH-NSW,2026-03-29,2026-04-07,2026-04-07,197.0,197.0,2.62,Received
PO-002643,SUP-02,SKU-00008,WH-NSW,2026-03-29,2026-04-08,2026-04-08,172.0,172.0,1.67,Received
PO-002644,SUP-05,SKU-00013,WH-NSW,2026-03-29,2026-04-07,2026-04-07,144.0,144.0,2.42,Received
PO-002645,SUP-05,SKU-00017,WH-NSW,2026-03-29,2026-04-07,2026-04-07,142.0,142.0,1.83,Received
PO-002646,SUP-05,SKU-00001,WH-QLD,2026-03-29,2026-04-07,2026-04-08,200.0,200.0,1.57,Late
PO-002647,SUP-02,SKU-00008,WH-QLD,2026-03-29,2026-04-08,2026-04-08,396.0,396.0,1.67,Received
PO-002648,SUP-01,SKU-00015,WH-QLD,2026-03-29,2026-04-02,2026-04-04,90.0,90.0,2.27,Late
PO-002649,SUP-05,SKU-00017,WH-QLD,2026-03-29,2026-04-07,2026-04-11,464.0,464.0,1.83,Late
PO-002650,SUP-05,SKU-00023,WH-QLD,2026-03-29,2026-04-07,2026-04-07,301.0,301.0,2.48,Received
PO-002651,SUP-06,SKU-00009,WH-VIC,2026-03-29,2026-04-02,2026-04-02,97.0,97.0,4.65,Received
PO-002652,SUP-07,SKU-00012,WH-WA,2026-03-29,2026-04-06,2026-04-06,59.0,59.0,2.93,Received
PO-002653,SUP-05,SKU-00017,WH-WA,2026-03-29,2026-04-07,2026-04-10,228.0,228.0,1.83,Late
PO-002654,SUP-06,SKU-00003,WH-NSW,2026-03-30,2026-04-03,2026-04-03,176.0,176.0,5.99,Received
PO-002655,SUP-02,SKU-00002,WH-QLD,2026-03-30,2026-04-09,2026-04-07,240.0,240.0,2.21,Received
PO-002656,SUP-02,SKU-00002,WH-VIC,2026-03-30,2026-04-09,2026-04-09,492.0,492.0,2.21,Received
PO-002657,SUP-02,SKU-00004,WH-VIC,2026-03-30,2026-04-18,2026-04-18,300.0,300.0,5.29,Received
PO-002658,SUP-02,SKU-00018,WH-VIC,2026-03-30,2026-04-09,2026-04-08,349.0,349.0,2.32,Received
PO-002659,SUP-07,SKU-00020,WH-VIC,2026-03-30,2026-04-19,2026-04-19,274.0,274.0,5.2,Received
PO-002660,SUP-05,SKU-00013,WH-WA,2026-03-30,2026-04-08,2026-04-08,216.0,216.0,2.42,Received
PO-002661,SUP-07,SKU-00022,WH-NSW,2026-03-31,2026-04-08,2026-04-08,145.0,145.0,3.85,Received
PO-002662,SUP-05,SKU-00013,WH-QLD,2026-03-31,2026-04-09,2026-04-09,552.0,552.0,2.42,Received
PO-002663,SUP-06,SKU-00019,WH-QLD,2026-03-31,2026-04-04,2026-04-04,270.0,270.0,5.36,Received
PO-002664,SUP-07,SKU-00022,WH-QLD,2026-03-31,2026-04-08,2026-04-09,55.0,55.0,3.85,Late
PO-002665,SUP-06,SKU-00019,WH-VIC,2026-03-31,2026-04-04,2026-04-05,179.0,179.0,5.36,Late
PO-002666,SUP-02,SKU-00024,WH-VIC,2026-03-31,2026-04-10,2026-04-11,327.0,327.0,1.36,Late
PO-002667,SUP-05,SKU-00001,WH-WA,2026-03-31,2026-04-09,2026-04-07,204.0,204.0,1.57,Received
PO-002668,SUP-06,SKU-00003,WH-WA,2026-03-31,2026-04-04,2026-04-03,74.0,74.0,5.99,Received
PO-002669,SUP-02,SKU-00018,WH-WA,2026-03-31,2026-04-10,2026-04-10,192.0,192.0,2.32,Received
PO-002670,SUP-02,SKU-00024,WH-WA,2026-03-31,2026-04-10,2026-04-10,66.0,66.0,1.36,Received
PO-002671,SUP-04,SKU-00005,WH-NSW,2026-04-01,2026-04-19,2026-04-22,55.0,55.0,2.29,Late
PO-002672,SUP-06,SKU-00003,WH-QLD,2026-04-01,2026-04-05,2026-04-05,116.0,116.0,5.99,Received
PO-002673,SUP-04,SKU-00011,WH-QLD,2026-04-01,2026-04-19,2026-04-19,92.0,92.0,5.92,Received
PO-002674,SUP-02,SKU-00014,WH-QLD,2026-04-01,2026-04-11,2026-04-11,124.0,124.0,4.12,Received
PO-002675,SUP-06,SKU-00003,WH-VIC,2026-04-01,2026-04-05,2026-04-05,149.0,149.0,5.99,Received
PO-002676,SUP-05,SKU-00007,WH-VIC,2026-04-01,2026-04-10,2026-04-10,352.0,352.0,2.62,Received
PO-002677,SUP-06,SKU-00009,WH-WA,2026-04-01,2026-04-05,2026-04-05,120.0,120.0,4.65,Received
PO-002678,SUP-01,SKU-00015,WH-WA,2026-04-01,2026-04-05,2026-04-05,76.0,76.0,2.27,Received
PO-002679,SUP-02,SKU-00016,WH-WA,2026-04-01,2026-04-20,2026-04-20,60.0,60.0,2.03,Received
PO-002680,SUP-01,SKU-00015,WH-NSW,2026-04-02,2026-04-06,2026-04-05,128.0,128.0,2.27,Received
PO-002681,SUP-07,SKU-00006,WH-QLD,2026-04-02,2026-04-10,2026-04-10,145.0,145.0,4.07,Received
PO-002682,SUP-05,SKU-00007,WH-QLD,2026-04-02,2026-04-11,2026-04-09,390.0,390.0,2.62,Received
PO-002683,SUP-02,SKU-00016,WH-QLD,2026-04-02,2026-04-21,2026-04-21,283.0,283.0,2.03,Received
PO-002684,SUP-04,SKU-00021,WH-QLD,2026-04-02,2026-04-20,2026-04-21,126.0,126.0,2.1,Late
PO-002685,SUP-03,SKU-00010,WH-VIC,2026-04-02,2026-04-21,2026-04-21,267.0,267.0,4.29,Received
PO-002686,SUP-02,SKU-00014,WH-VIC,2026-04-02,2026-04-12,2026-04-13,360.0,360.0,4.12,Late
PO-002687,SUP-01,SKU-00015,WH-VIC,2026-04-02,2026-04-06,2026-04-05,207.0,207.0,2.27,Received
PO-002688,SUP-02,SKU-00016,WH-VIC,2026-04-02,2026-04-21,2026-04-21,74.0,74.0,2.03,Received
PO-002689,SUP-05,SKU-00017,WH-VIC,2026-04-02,2026-04-11,2026-04-11,201.0,201.0,1.83,Received
PO-002690,SUP-07,SKU-00022,WH-VIC,2026-04-02,2026-04-10,2026-04-08,70.0,70.0,3.85,Received
PO-002691,SUP-02,SKU-00002,WH-NSW,2026-04-03,2026-04-13,2026-04-13,334.0,334.0,2.21,Received
PO-002692,SUP-07,SKU-00006,WH-NSW,2026-04-03,2026-04-11,2026-04-13,115.0,115.0,4.07,Late
PO-002693,SUP-06,SKU-00009,WH-NSW,2026-04-03,2026-04-07,2026-04-08,242.0,218.0,4.65,Late
PO-002694,SUP-02,SKU-00016,WH-NSW,2026-04-03,2026-04-22,2026-04-22,87.0,87.0,2.03,Received
PO-002695,SUP-06,SKU-00019,WH-NSW,2026-04-03,2026-04-07,2026-04-07,169.0,169.0,5.36,Received
PO-002696,SUP-05,SKU-00001,WH-QLD,2026-04-03,2026-04-12,2026-04-11,163.0,163.0,1.57,Received
PO-002697,SUP-06,SKU-00009,WH-QLD,2026-04-03,2026-04-07,2026-04-07,101.0,101.0,4.65,Received
PO-002698,SUP-05,SKU-00001,WH-VIC,2026-04-03,2026-04-12,2026-04-13,252.0,252.0,1.57,Late
PO-002699,SUP-05,SKU-00013,WH-VIC,2026-04-03,2026-04-12,2026-04-10,269.0,269.0,2.42,Received
PO-002700,SUP-05,SKU-00023,WH-VIC,2026-04-03,2026-04-12,2026-04-12,150.0,150.0,2.48,Received
PO-002701,SUP-04,SKU-00005,WH-WA,2026-04-03,2026-04-21,2026-04-21,60.0,60.0,2.29,Received
PO-002702,SUP-07,SKU-00006,WH-WA,2026-04-03,2026-04-11,2026-04-12,88.0,88.0,4.07,Late
PO-002703,SUP-03,SKU-00010,WH-WA,2026-04-03,2026-04-22,2026-04-22,130.0,130.0,4.29,Received
PO-002704,SUP-04,SKU-00011,WH-WA,2026-04-03,2026-04-21,2026-04-21,65.0,65.0,5.92,Received
PO-002705,SUP-07,SKU-00020,WH-WA,2026-04-03,2026-04-23,2026-04-23,137.0,137.0,5.2,Received
PO-002706,SUP-04,SKU-00021,WH-WA,2026-04-03,2026-04-21,2026-04-23,109.0,109.0,2.1,Late
PO-002707,SUP-05,SKU-00001,WH-NSW,2026-04-04,2026-04-13,2026-04-13,129.0,129.0,1.57,Received
PO-002708,SUP-06,SKU-00003,WH-NSW,2026-04-04,2026-04-08,2026-04-08,170.0,170.0,5.99,Received
PO-002709,SUP-02,SKU-00014,WH-NSW,2026-04-04,2026-04-14,2026-04-14,370.0,370.0,4.12,Received
PO-002710,SUP-02,SKU-00018,WH-NSW,2026-04-04,2026-04-14,2026-04-13,250.0,250.0,2.32,Received
PO-002711,SUP-07,SKU-00020,WH-NSW,2026-04-04,2026-04-24,2026-04-24,209.0,209.0,5.2,Received
PO-002712,SUP-05,SKU-00023,WH-NSW,2026-04-04,2026-04-13,2026-04-13,337.0,337.0,2.48,Received
PO-002713,SUP-07,SKU-00012,WH-QLD,2026-04-04,2026-04-12,2026-04-13,79.0,79.0,2.93,Late
PO-002714,SUP-05,SKU-00017,WH-QLD,2026-04-04,2026-04-13,2026-04-13,350.0,350.0,1.83,Received
PO-002715,SUP-02,SKU-00018,WH-QLD,2026-04-04,2026-04-14,2026-04-16,338.0,338.0,2.32,Late
PO-002716,SUP-07,SKU-00020,WH-QLD,2026-04-04,2026-04-24,2026-04-26,288.0,288.0,5.2,Late
PO-002717,SUP-07,SKU-00006,WH-VIC,2026-04-04,2026-04-12,2026-04-12,103.0,103.0,4.07,Received
PO-002718,SUP-02,SKU-00004,WH-WA,2026-04-04,2026-04-23,2026-04-23,73.0,73.0,5.29,Received
PO-002719,SUP-06,SKU-00009,WH-WA,2026-04-04,2026-04-08,2026-04-08,121.0,121.0,4.65,Received
PO-002720,SUP-02,SKU-00014,WH-WA,2026-04-04,2026-04-14,2026-04-15,143.0,143.0,4.12,Late
PO-002721,SUP-05,SKU-00023,WH-WA,2026-04-04,2026-04-13,2026-04-13,107.0,107.0,2.48,Received
PO-002722,SUP-02,SKU-00008,WH-NSW,2026-04-05,2026-04-15,2026-04-15,143.0,143.0,1.67,Received
PO-002723,SUP-05,SKU-00013,WH-NSW,2026-04-05,2026-04-14,2026-04-12,153.0,153.0,2.42,Received
PO-002724,SUP-02,SKU-00024,WH-NSW,2026-04-05,2026-04-15,2026-04-15,223.0,223.0,1.36,Received
PO-002725,SUP-04,SKU-00005,WH-QLD,2026-04-05,2026-04-23,2026-04-22,140.0,140.0,2.29,Received
PO-002726,SUP-07,SKU-00022,WH-QLD,2026-04-05,2026-04-13,2026-04-13,57.0,57.0,3.85,Received
PO-002727,SUP-05,SKU-00023,WH-QLD,2026-04-05,2026-04-14,2026-04-16,347.0,347.0,2.48,Late
PO-002728,SUP-02,SKU-00008,WH-VIC,2026-04-05,2026-04-15,2026-04-15,309.0,309.0,1.67,Received
PO-002729,SUP-05,SKU-00007,WH-WA,2026-04-05,2026-04-14,2026-04-14,103.0,103.0,2.62,Received
PO-002730,SUP-05,SKU-00017,WH-WA,2026-04-05,2026-04-14,2026-04-15,175.0,175.0,1.83,Late
PO-002731,SUP-07,SKU-00022,WH-WA,2026-04-05,2026-04-13,2026-04-13,73.0,73.0,3.85,Received
PO-002732,SUP-02,SKU-00004,WH-NSW,2026-04-06,2026-04-25,2026-04-27,98.0,98.0,5.29,Late
PO-002733,SUP-07,SKU-00012,WH-NSW,2026-04-06,2026-04-14,2026-04-14,57.0,57.0,2.93,Received
PO-002734,SUP-07,SKU-00022,WH-NSW,2026-04-06,2026-04-14,2026-04-14,150.0,150.0,3.85,Received
PO-002735,SUP-02,SKU-00002,WH-QLD,2026-04-06,2026-04-16,2026-04-16,254.0,254.0,2.21,Received
PO-002736,SUP-02,SKU-00008,WH-QLD,2026-04-06,2026-04-16,2026-04-16,397.0,397.0,1.67,Received
PO-002737,SUP-05,SKU-00013,WH-QLD,2026-04-06,2026-04-15,2026-04-15,418.0,418.0,2.42,Received
PO-002738,SUP-01,SKU-00015,WH-QLD,2026-04-06,2026-04-10,2026-04-10,112.0,112.0,2.27,Received
PO-002739,SUP-06,SKU-00009,WH-VIC,2026-04-06,2026-04-10,2026-04-10,98.0,98.0,4.65,Received
PO-002740,SUP-01,SKU-00015,WH-VIC,2026-04-06,2026-04-10,2026-04-08,205.0,205.0,2.27,Received
PO-002741,SUP-06,SKU-00019,WH-VIC,2026-04-06,2026-04-10,2026-04-10,160.0,160.0,5.36,Received
PO-002742,SUP-05,SKU-00001,WH-WA,2026-04-06,2026-04-15,2026-04-13,169.0,169.0,1.57,Received
PO-002743,SUP-02,SKU-00002,WH-WA,2026-04-06,2026-04-16,2026-04-16,52.0,52.0,2.21,Received
PO-002744,SUP-07,SKU-00012,WH-WA,2026-04-06,2026-04-14,2026-04-14,60.0,60.0,2.93,Received
PO-002745,SUP-05,SKU-00013,WH-WA,2026-04-06,2026-04-15,2026-04-15,213.0,213.0,2.42,Received
PO-002746,SUP-02,SKU-00018,WH-WA,2026-04-06,2026-04-16,2026-04-16,188.0,188.0,2.32,Received
PO-002747,SUP-01,SKU-00015,WH-NSW,2026-04-07,2026-04-11,2026-04-13,160.0,160.0,2.27,Late
PO-002748,SUP-05,SKU-00017,WH-NSW,2026-04-07,2026-04-16,2026-04-16,187.0,187.0,1.83,Received
PO-002749,SUP-02,SKU-00014,WH-QLD,2026-04-07,2026-04-17,2026-04-17,89.0,89.0,4.12,Received
PO-002750,SUP-06,SKU-00019,WH-QLD,2026-04-07,2026-04-11,2026-04-11,233.0,233.0,5.36,Received
PO-002751,SUP-06,SKU-00003,WH-VIC,2026-04-07,2026-04-11,2026-04-10,165.0,165.0,5.99,Received
PO-002752,SUP-04,SKU-00005,WH-VIC,2026-04-07,2026-04-25,2026-04-29,62.0,62.0,2.29,Late
PO-002753,SUP-04,SKU-00011,WH-VIC,2026-04-07,2026-04-25,2026-04-25,131.0,131.0,5.92,Received
PO-002754,SUP-04,SKU-00021,WH-VIC,2026-04-07,2026-04-25,2026-04-25,145.0,145.0,2.1,Received
PO-002755,SUP-06,SKU-00003,WH-WA,2026-04-07,2026-04-11,2026-04-11,76.0,76.0,5.99,Received
PO-002756,SUP-01,SKU-00015,WH-WA,2026-04-07,2026-04-11,2026-04-11,85.0,85.0,2.27,Received
PO-002757,SUP-06,SKU-00019,WH-WA,2026-04-07,2026-04-11,2026-04-11,58.0,58.0,5.36,Received
PO-002758,SUP-03,SKU-00010,WH-NSW,2026-04-08,2026-04-27,2026-04-28,157.0,157.0,4.29,Late
PO-002759,SUP-06,SKU-00003,WH-QLD,2026-04-08,2026-04-12,2026-04-13,115.0,115.0,5.99,Late
PO-002760,SUP-02,SKU-00002,WH-VIC,2026-04-08,2026-04-18,2026-04-18,544.0,544.0,2.21,Received
PO-002761,SUP-05,SKU-00017,WH-VIC,2026-04-08,2026-04-17,2026-04-17,137.0,137.0,1.83,Received
PO-002762,SUP-05,SKU-00007,WH-NSW,2026-04-09,2026-04-18,2026-04-18,280.0,280.0,2.62,Received
PO-002763,SUP-04,SKU-00011,WH-NSW,2026-04-09,2026-04-27,2026-04-26,118.0,118.0,5.92,Received
PO-002764,SUP-06,SKU-00019,WH-NSW,2026-04-09,2026-04-13,2026-04-13,166.0,166.0,5.36,Received
PO-002765,SUP-02,SKU-00004,WH-QLD,2026-04-09,2026-04-28,2026-04-28,158.0,158.0,5.29,Received
PO-002766,SUP-07,SKU-00006,WH-QLD,2026-04-09,2026-04-17,2026-04-17,155.0,155.0,4.07,Received
PO-002767,SUP-05,SKU-00007,WH-QLD,2026-04-09,2026-04-18,2026-04-19,327.0,327.0,2.62,Late
PO-002768,SUP-02,SKU-00018,WH-VIC,2026-04-09,2026-04-19,2026-04-19,349.0,349.0,2.32,Received
PO-002769,SUP-06,SKU-00003,WH-NSW,2026-04-10,2026-04-14,2026-04-14,209.0,209.0,5.99,Received
PO-002770,SUP-07,SKU-00006,WH-NSW,2026-04-10,2026-04-18,2026-04-18,107.0,107.0,4.07,Received
PO-002771,SUP-06,SKU-00009,WH-NSW,2026-04-10,2026-04-14,2026-04-13,262.0,262.0,4.65,Received
PO-002772,SUP-04,SKU-00021,WH-NSW,2026-04-10,2026-04-28,2026-04-26,62.0,62.0,2.1,Received
PO-002773,SUP-06,SKU-00009,WH-QLD,2026-04-10,2026-04-14,2026-04-14,101.0,101.0,4.65,Received
PO-002774,SUP-03,SKU-00010,WH-QLD,2026-04-11,2026-04-30,2026-04-29,247.0,247.0,4.29,Received
PO-002775,SUP-05,SKU-00017,WH-QLD,2026-04-11,2026-04-20,2026-04-18,397.0,397.0,1.83,Received
PO-002776,SUP-05,SKU-00001,WH-VIC,2026-04-11,2026-04-20,2026-04-20,241.0,241.0,1.57,Received
PO-002777,SUP-07,SKU-00006,WH-VIC,2026-04-11,2026-04-19,2026-04-17,69.0,69.0,4.07,Received
PO-002778,SUP-05,SKU-00007,WH-VIC,2026-04-11,2026-04-20,2026-04-22,342.0,342.0,2.62,Late
PO-002779,SUP-02,SKU-00024,WH-VIC,2026-04-11,2026-04-21,2026-04-20,356.0,356.0,1.36,Received
PO-002780,SUP-07,SKU-00006,WH-WA,2026-04-11,2026-04-19,2026-04-19,83.0,83.0,4.07,Received
PO-002781,SUP-02,SKU-00024,WH-WA,2026-04-11,2026-04-21,2026-04-21,59.0,59.0,1.36,Received
PO-002782,SUP-02,SKU-00002,WH-NSW,2026-04-12,2026-04-22,2026-04-22,368.0,368.0,2.21,Received
PO-002783,SUP-05,SKU-00013,WH-NSW,2026-04-12,2026-04-21,2026-04-20,145.0,145.0,2.42,Received
PO-002784,SUP-01,SKU-00015,WH-NSW,2026-04-12,2026-04-16,2026-04-14,131.0,131.0,2.27,Received
PO-002785,SUP-05,SKU-00001,WH-QLD,2026-04-12,2026-04-21,2026-04-25,234.0,234.0,1.57,Late
PO-002786,SUP-07,SKU-00012,WH-QLD,2026-04-12,2026-04-20,2026-04-20,91.0,91.0,2.93,Received
PO-002787,SUP-05,SKU-00013,WH-QLD,2026-04-12,2026-04-21,2026-04-22,384.0,384.0,2.42,Late
PO-002788,SUP-01,SKU-00015,WH-QLD,2026-04-12,2026-04-16,2026-04-19,96.0,96.0,2.27,Late
PO-002789,SUP-06,SKU-00019,WH-QLD,2026-04-12,2026-04-16,2026-04-16,192.0,192.0,5.36,Received
PO-002790,SUP-07,SKU-00022,WH-QLD,2026-04-12,2026-04-20,2026-04-22,56.0,56.0,3.85,Late
PO-002791,SUP-06,SKU-00003,WH-VIC,2026-04-12,2026-04-16,2026-04-16,152.0,152.0,5.99,Received
PO-002792,SUP-02,SKU-00004,WH-VIC,2026-04-12,2026-05-01,2026-05-01,264.0,264.0,5.29,Received
PO-002793,SUP-05,SKU-00013,WH-VIC,2026-04-12,2026-04-21,2026-04-22,343.0,343.0,2.42,Late
PO-002794,SUP-02,SKU-00014,WH-VIC,2026-04-12,2026-04-22,2026-04-23,316.0,316.0,4.12,Late
PO-002795,SUP-01,SKU-00015,WH-VIC,2026-04-12,2026-04-16,2026-04-16,283.0,283.0,2.27,Received
PO-002796,SUP-06,SKU-00009,WH-WA,2026-04-12,2026-04-16,2026-04-16,149.0,149.0,4.65,Received
PO-002797,SUP-02,SKU-00014,WH-WA,2026-04-12,2026-04-22,2026-04-22,140.0,140.0,4.12,Received
PO-002798,SUP-01,SKU-00015,WH-WA,2026-04-12,2026-04-16,2026-04-16,85.0,85.0,2.27,Received
PO-002799,SUP-04,SKU-00021,WH-WA,2026-04-12,2026-04-30,2026-05-01,99.0,99.0,2.1,Late
PO-002800,SUP-02,SKU-00018,WH-QLD,2026-04-13,2026-04-23,2026-04-23,302.0,302.0,2.32,Received
PO-002801,SUP-02,SKU-00008,WH-VIC,2026-04-13,2026-04-23,2026-04-23,294.0,294.0,1.67,Received
PO-002802,SUP-06,SKU-00019,WH-VIC,2026-04-13,2026-04-17,2026-04-17,226.0,226.0,5.36,Received
PO-002803,SUP-07,SKU-00020,WH-VIC,2026-04-13,2026-05-03,2026-05-03,247.0,247.0,5.2,Received
PO-002804,SUP-07,SKU-00022,WH-VIC,2026-04-13,2026-04-21,2026-04-20,103.0,103.0,3.85,Received
PO-002805,SUP-05,SKU-00001,WH-WA,2026-04-13,2026-04-22,2026-04-20,196.0,196.0,1.57,Received
PO-002806,SUP-05,SKU-00023,WH-WA,2026-04-13,2026-04-22,2026-04-23,114.0,114.0,2.48,Late
PO-002807,SUP-05,SKU-00001,WH-NSW,2026-04-14,2026-04-23,2026-04-23,176.0,176.0,1.57,Received
PO-002808,SUP-02,SKU-00008,WH-QLD,2026-04-14,2026-04-24,2026-04-23,395.0,395.0,1.67,Received
PO-002809,SUP-04,SKU-00021,WH-QLD,2026-04-14,2026-05-02,2026-04-30,121.0,121.0,2.1,Received
PO-002810,SUP-05,SKU-00023,WH-QLD,2026-04-14,2026-04-23,2026-04-23,377.0,377.0,2.48,Received
PO-002811,SUP-06,SKU-00009,WH-VIC,2026-04-14,2026-04-18,2026-04-17,104.0,104.0,4.65,Received
PO-002812,SUP-05,SKU-00023,WH-VIC,2026-04-14,2026-04-23,2026-04-22,203.0,203.0,2.48,Received
PO-002813,SUP-06,SKU-00003,WH-WA,2026-04-14,2026-04-18,2026-04-18,71.0,71.0,5.99,Received
PO-002814,SUP-05,SKU-00007,WH-WA,2026-04-14,2026-04-23,2026-04-23,131.0,131.0,2.62,Received
PO-002815,SUP-05,SKU-00013,WH-WA,2026-04-14,2026-04-23,2026-04-23,210.0,210.0,2.42,Received
PO-002816,SUP-05,SKU-00017,WH-WA,2026-04-14,2026-04-23,2026-04-21,241.0,241.0,1.83,Received
PO-002817,SUP-02,SKU-00014,WH-NSW,2026-04-15,2026-04-25,2026-04-24,438.0,438.0,4.12,Received
PO-002818,SUP-02,SKU-00016,WH-NSW,2026-04-15,2026-05-04,2026-05-04,80.0,80.0,2.03,Received
PO-002819,SUP-02,SKU-00018,WH-NSW,2026-04-15,2026-04-25,2026-04-25,263.0,263.0,2.32,Received
PO-002820,SUP-07,SKU-00022,WH-NSW,2026-04-15,2026-04-23,2026-04-21,144.0,144.0,3.85,Received
PO-002821,SUP-05,SKU-00023,WH-NSW,2026-04-15,2026-04-24,2026-04-24,281.0,281.0,2.48,Received
PO-002822,SUP-02,SKU-00024,WH-NSW,2026-04-15,2026-04-25,2026-04-24,228.0,228.0,1.36,Received
PO-002823,SUP-06,SKU-00003,WH-QLD,2026-04-15,2026-04-19,2026-04-19,112.0,112.0,5.99,Received
PO-002824,SUP-07,SKU-00006,WH-QLD,2026-04-15,2026-04-23,2026-04-25,143.0,143.0,4.07,Late
PO-002825,SUP-04,SKU-00011,WH-QLD,2026-04-15,2026-05-03,2026-05-03,94.0,94.0,5.92,Received
PO-002826,SUP-02,SKU-00014,WH-QLD,2026-04-15,2026-04-25,2026-04-25,97.0,97.0,4.12,Received
PO-002827,SUP-03,SKU-00010,WH-VIC,2026-04-15,2026-05-04,2026-05-04,287.0,287.0,4.29,Received
PO-002828,SUP-02,SKU-00016,WH-VIC,2026-04-15,2026-05-04,2026-05-04,78.0,78.0,2.03,Received
PO-002829,SUP-02,SKU-00004,WH-WA,2026-04-15,2026-05-04,2026-05-04,68.0,68.0,5.29,Received
PO-002830,SUP-04,SKU-00011,WH-WA,2026-04-15,2026-05-03,2026-05-01,69.0,69.0,5.92,Received
PO-002831,SUP-02,SKU-00016,WH-WA,2026-04-15,2026-05-04,2026-05-04,59.0,59.0,2.03,Received
PO-002832,SUP-07,SKU-00020,WH-WA,2026-04-15,2026-05-05,2026-05-05,118.0,118.0,5.2,Received
PO-002833,SUP-02,SKU-00008,WH-NSW,2026-04-16,2026-04-26,2026-04-27,193.0,193.0,1.67,Late
PO-002834,SUP-06,SKU-00019,WH-NSW,2026-04-16,2026-04-20,2026-04-20,152.0,152.0,5.36,Received
PO-002835,SUP-02,SKU-00002,WH-QLD,2026-04-16,2026-04-26,2026-04-27,239.0,239.0,2.21,Late
PO-002836,SUP-06,SKU-00003,WH-VIC,2026-04-16,2026-04-20,2026-04-20,152.0,144.0,5.99,Received
PO-002837,SUP-05,SKU-00017,WH-VIC,2026-04-16,2026-04-25,2026-04-25,146.0,146.0,1.83,Received
PO-002838,SUP-03,SKU-00010,WH-WA,2026-04-16,2026-05-05,2026-05-04,144.0,144.0,4.29,Received
PO-002839,SUP-07,SKU-00012,WH-WA,2026-04-16,2026-04-24,2026-04-22,55.0,55.0,2.93,Received
PO-002840,SUP-06,SKU-00003,WH-NSW,2026-04-17,2026-04-21,2026-04-21,184.0,184.0,5.99,Received
PO-002841,SUP-06,SKU-00009,WH-NSW,2026-04-17,2026-04-21,2026-04-21,193.0,193.0,4.65,Received
PO-002842,SUP-07,SKU-00012,WH-NSW,2026-04-17,2026-04-25,2026-04-24,57.0,57.0,2.93,Received
PO-002843,SUP-05,SKU-00017,WH-NSW,2026-04-17,2026-04-26,2026-04-26,176.0,176.0,1.83,Received
PO-002844,SUP-02,SKU-00016,WH-QLD,2026-04-17,2026-05-06,2026-05-06,251.0,251.0,2.03,Received
PO-002845,SUP-02,SKU-00002,WH-WA,2026-04-17,2026-04-27,2026-04-27,56.0,56.0,2.21,Received
PO-002846,SUP-02,SKU-00018,WH-WA,2026-04-17,2026-04-27,2026-04-26,274.0,274.0,2.32,Received
PO-002847,SUP-07,SKU-00022,WH-WA,2026-04-17,2026-04-25,2026-04-26,70.0,70.0,3.85,Late
PO-002848,SUP-07,SKU-00006,WH-NSW,2026-04-18,2026-04-26,2026-04-30,118.0,118.0,4.07,Late
PO-002849,SUP-05,SKU-00013,WH-NSW,2026-04-18,2026-04-27,2026-04-27,148.0,148.0,2.42,Received
PO-002850,SUP-05,SKU-00007,WH-QLD,2026-04-18,2026-04-27,2026-04-27,462.0,462.0,2.62,Received
PO-002851,SUP-06,SKU-00009,WH-QLD,2026-04-18,2026-04-22,2026-04-22,92.0,92.0,4.65,Received
PO-002852,SUP-05,SKU-00013,WH-QLD,2026-04-18,2026-04-27,2026-04-26,476.0,476.0,2.42,Received
PO-002853,SUP-06,SKU-00019,WH-QLD,2026-04-18,2026-04-22,2026-04-22,225.0,225.0,5.36,Received
PO-002854,SUP-07,SKU-00020,WH-QLD,2026-04-18,2026-05-08,2026-05-08,312.0,312.0,5.2,Received
PO-002855,SUP-07,SKU-00006,WH-VIC,2026-04-18,2026-04-26,2026-04-26,72.0,72.0,4.07,Received
PO-002856,SUP-02,SKU-00018,WH-VIC,2026-04-18,2026-04-28,2026-04-27,361.0,361.0,2.32,Received
PO-002857,SUP-07,SKU-00006,WH-WA,2026-04-18,2026-04-26,2026-04-27,97.0,97.0,4.07,Late
PO-002858,SUP-01,SKU-00015,WH-WA,2026-04-18,2026-04-22,2026-04-23,79.0,79.0,2.27,Late
PO-002859,SUP-03,SKU-00010,WH-NSW,2026-04-19,2026-05-08,2026-05-07,161.0,161.0,4.29,Received
PO-002860,SUP-01,SKU-00015,WH-NSW,2026-04-19,2026-04-23,2026-04-24,178.0,178.0,2.27,Late
PO-002861,SUP-07,SKU-00020,WH-NSW,2026-04-19,2026-05-09,2026-05-07,244.0,244.0,5.2,Received
PO-002862,SUP-04,SKU-00005,WH-QLD,2026-04-19,2026-05-07,2026-05-08,126.0,126.0,2.29,Late
PO-002863,SUP-07,SKU-00012,WH-QLD,2026-04-19,2026-04-27,2026-04-28,85.0,85.0,2.93,Late
PO-002864,SUP-01,SKU-00015,WH-QLD,2026-04-19,2026-04-23,2026-04-22,113.0,113.0,2.27,Received
PO-002865,SUP-07,SKU-00022,WH-QLD,2026-04-19,2026-04-27,2026-04-27,70.0,70.0,3.85,Received
PO-002866,SUP-02,SKU-00002,WH-VIC,2026-04-19,2026-04-29,2026-04-29,536.0,536.0,2.21,Received
PO-002867,SUP-01,SKU-00015,WH-VIC,2026-04-19,2026-04-23,2026-04-24,269.0,269.0,2.27,Late
PO-002868,SUP-06,SKU-00019,WH-VIC,2026-04-19,2026-04-23,2026-04-24,153.0,153.0,5.36,Late
PO-002869,SUP-04,SKU-00021,WH-VIC,2026-04-19,2026-05-07,2026-05-09,137.0,137.0,2.1,Late
PO-002870,SUP-04,SKU-00005,WH-WA,2026-04-19,2026-05-07,2026-05-09,69.0,69.0,2.29,Late
PO-002871,SUP-05,SKU-00013,WH-WA,2026-04-19,2026-04-28,2026-04-26,182.0,182.0,2.42,Received
PO-002872,SUP-06,SKU-00019,WH-WA,2026-04-19,2026-04-23,2026-04-23,61.0,61.0,5.36,Received
PO-002873,SUP-05,SKU-00007,WH-NSW,2026-04-20,2026-04-29,2026-04-30,270.0,270.0,2.62,Late
PO-002874,SUP-05,SKU-00001,WH-VIC,2026-04-20,2026-04-29,2026-04-28,287.0,287.0,1.57,Received
PO-002875,SUP-06,SKU-00009,WH-VIC,2026-04-20,2026-04-24,2026-04-24,84.0,84.0,4.65,Received
PO-002876,SUP-02,SKU-00014,WH-VIC,2026-04-20,2026-04-30,2026-04-30,278.0,278.0,4.12,Received
PO-002877,SUP-02,SKU-00024,WH-VIC,2026-04-20,2026-04-30,2026-04-30,329.0,329.0,1.36,Received
PO-002878,SUP-06,SKU-00009,WH-WA,2026-04-20,2026-04-24,2026-04-24,149.0,149.0,4.65,Received
PO-002879,SUP-02,SKU-00014,WH-WA,2026-04-20,2026-04-30,2026-04-30,130.0,130.0,4.12,Received
PO-002880,SUP-02,SKU-00002,WH-NSW,2026-04-21,2026-05-01,2026-05-01,338.0,338.0,2.21,Received
PO-002881,SUP-05,SKU-00017,WH-QLD,2026-04-21,2026-04-30,2026-05-03,397.0,397.0,1.83,Late
PO-002882,SUP-02,SKU-00018,WH-QLD,2026-04-21,2026-05-01,2026-05-01,304.0,304.0,2.32,Received
PO-002883,SUP-05,SKU-00013,WH-VIC,2026-04-21,2026-04-30,2026-05-01,267.0,267.0,2.42,Late
PO-002884,SUP-07,SKU-00022,WH-VIC,2026-04-21,2026-04-29,2026-04-29,68.0,68.0,3.85,Received
PO-002885,SUP-05,SKU-00001,WH-WA,2026-04-21,2026-04-30,2026-04-29,170.0,170.0,1.57,Received
PO-002886,SUP-05,SKU-00007,WH-WA,2026-04-21,2026-04-30,2026-04-30,102.0,102.0,2.62,Received
PO-002887,SUP-05,SKU-00023,WH-WA,2026-04-21,2026-04-30,2026-04-29,85.0,85.0,2.48,Received
PO-002888,SUP-06,SKU-00003,WH-NSW,2026-04-22,2026-04-26,2026-04-26,160.0,160.0,5.99,Received
PO-002889,SUP-02,SKU-00004,WH-NSW,2026-04-22,2026-05-11,2026-05-11,103.0,103.0,5.29,Received
PO-002890,SUP-04,SKU-00005,WH-NSW,2026-04-22,2026-05-10,2026-05-10,65.0,65.0,2.29,Received
PO-002891,SUP-06,SKU-00009,WH-NSW,2026-04-22,2026-04-26,2026-04-28,160.0,160.0,4.65,Late
PO-002892,SUP-06,SKU-00019,WH-NSW,2026-04-22,2026-04-26,2026-04-26,130.0,130.0,5.36,Received
PO-002893,SUP-05,SKU-00001,WH-QLD,2026-04-22,2026-05-01,2026-04-30,194.0,194.0,1.57,Received
PO-002894,SUP-06,SKU-00003,WH-QLD,2026-04-22,2026-04-26,2026-04-25,110.0,110.0,5.99,Received
PO-002895,SUP-04,SKU-00011,WH-NSW,2026-04-23,2026-05-11,2026-05-11,115.0,115.0,5.92,Received
PO-002896,SUP-07,SKU-00022,WH-NSW,2026-04-23,2026-05-01,2026-05-02,153.0,153.0,3.85,Late
PO-002897,SUP-07,SKU-00006,WH-QLD,2026-04-23,2026-05-01,2026-04-29,187.0,187.0,4.07,Received
PO-002898,SUP-06,SKU-00003,WH-VIC,2026-04-23,2026-04-27,2026-04-27,199.0,199.0,5.99,Received
PO-002899,SUP-04,SKU-00005,WH-VIC,2026-04-23,2026-05-11,2026-05-15,71.0,71.0,2.29,Late
PO-002900,SUP-05,SKU-00007,WH-VIC,2026-04-23,2026-05-02,2026-05-01,340.0,340.0,2.62,Received
PO-002901,SUP-02,SKU-00008,WH-VIC,2026-04-23,2026-05-03,2026-05-03,297.0,297.0,1.67,Received
PO-002902,SUP-06,SKU-00003,WH-WA,2026-04-23,2026-04-27,2026-04-27,80.0,80.0,5.99,Received
PO-002903,SUP-02,SKU-00024,WH-WA,2026-04-23,2026-05-03,2026-05-03,63.0,63.0,1.36,Received
PO-002904,SUP-07,SKU-00006,WH-NSW,2026-04-24,2026-05-02,2026-05-01,106.0,106.0,4.07,Received
PO-002905,SUP-05,SKU-00013,WH-NSW,2026-04-24,2026-05-03,2026-05-03,151.0,151.0,2.42,Received
PO-002906,SUP-02,SKU-00018,WH-NSW,2026-04-24,2026-05-04,2026-05-05,226.0,226.0,2.32,Late
PO-002907,SUP-05,SKU-00023,WH-NSW,2026-04-24,2026-05-03,2026-05-01,290.0,290.0,2.48,Received
PO-002908,SUP-02,SKU-00002,WH-QLD,2026-04-24,2026-05-04,2026-05-04,240.0,240.0,2.21,Received
PO-002909,SUP-02,SKU-00008,WH-QLD,2026-04-24,2026-05-04,2026-05-04,437.0,437.0,1.67,Received
PO-002910,SUP-05,SKU-00023,WH-QLD,2026-04-24,2026-05-03,2026-05-01,400.0,400.0,2.48,Received
PO-002911,SUP-04,SKU-00011,WH-VIC,2026-04-24,2026-05-12,2026-05-10,133.0,133.0,5.92,Received
PO-002912,SUP-05,SKU-00013,WH-WA,2026-04-24,2026-05-03,2026-05-05,178.0,178.0,2.42,Late
PO-002913,SUP-05,SKU-00017,WH-WA,2026-04-24,2026-05-03,2026-05-03,194.0,194.0,1.83,Received
PO-002914,SUP-05,SKU-00001,WH-NSW,2026-04-25,2026-05-04,2026-05-04,175.0,175.0,1.57,Received
PO-002915,SUP-01,SKU-00015,WH-NSW,2026-04-25,2026-04-29,2026-04-27,160.0,160.0,2.27,Received
PO-002916,SUP-04,SKU-00021,WH-NSW,2026-04-25,2026-05-13,2026-05-12,53.0,53.0,2.1,Received
PO-002917,SUP-02,SKU-00024,WH-NSW,2026-04-25,2026-05-05,2026-05-03,238.0,238.0,1.36,Received
PO-002918,SUP-02,SKU-00004,WH-QLD,2026-04-25,2026-05-14,2026-05-14,174.0,174.0,5.29,Received
PO-002919,SUP-06,SKU-00009,WH-QLD,2026-04-25,2026-04-29,2026-04-29,92.0,92.0,4.65,Received
PO-002920,SUP-05,SKU-00013,WH-QLD,2026-04-25,2026-05-04,2026-05-02,501.0,501.0,2.42,Received
PO-002921,SUP-07,SKU-00022,WH-QLD,2026-04-25,2026-05-03,2026-05-02,56.0,56.0,3.85,Received
PO-002922,SUP-02,SKU-00004,WH-VIC,2026-04-25,2026-05-14,2026-05-14,279.0,279.0,5.29,Received
PO-002923,SUP-05,SKU-00017,WH-VIC,2026-04-25,2026-05-04,2026-05-04,137.0,137.0,1.83,Received
PO-002924,SUP-05,SKU-00023,WH-VIC,2026-04-25,2026-05-04,2026-05-04,195.0,195.0,2.48,Received
PO-002925,SUP-07,SKU-00012,WH-WA,2026-04-25,2026-05-03,2026-05-04,55.0,55.0,2.93,Late
PO-002926,SUP-01,SKU-00015,WH-WA,2026-04-25,2026-04-29,2026-04-27,110.0,110.0,2.27,Received
PO-002927,SUP-06,SKU-00003,WH-NSW,2026-04-26,2026-04-30,2026-04-30,189.0,189.0,5.99,Received
PO-002928,SUP-02,SKU-00008,WH-NSW,2026-04-26,2026-05-06,2026-05-06,182.0,182.0,1.67,Received
PO-002929,SUP-07,SKU-00012,WH-NSW,2026-04-26,2026-05-04,2026-05-04,53.0,53.0,2.93,Received
PO-002930,SUP-02,SKU-00014,WH-NSW,2026-04-26,2026-05-06,2026-05-06,428.0,428.0,4.12,Received
PO-002931,SUP-02,SKU-00014,WH-QLD,2026-04-26,2026-05-06,2026-05-06,127.0,127.0,4.12,Received
PO-002932,SUP-01,SKU-00015,WH-QLD,2026-04-26,2026-04-30,2026-05-03,96.0,96.0,2.27,Late
PO-002933,SUP-06,SKU-00019,WH-QLD,2026-04-26,2026-04-30,2026-04-29,281.0,281.0,5.36,Received
PO-002934,SUP-07,SKU-00006,WH-VIC,2026-04-26,2026-05-04,2026-05-04,69.0,69.0,4.07,Received
PO-002935,SUP-01,SKU-00015,WH-VIC,2026-04-26,2026-04-30,2026-05-01,285.0,285.0,2.27,Late
PO-002936,SUP-06,SKU-00009,WH-WA,2026-04-26,2026-04-30,2026-04-30,146.0,146.0,4.65,Received
PO-002937,SUP-04,SKU-00021,WH-WA,2026-04-26,2026-05-14,2026-05-12,118.0,118.0,2.1,Received
PO-002938,SUP-06,SKU-00019,WH-NSW,2026-04-27,2026-05-01,2026-05-01,143.0,143.0,5.36,Received
PO-002939,SUP-03,SKU-00010,WH-QLD,2026-04-27,2026-05-16,2026-05-16,205.0,205.0,4.29,Received
PO-002940,SUP-04,SKU-00011,WH-QLD,2026-04-27,2026-05-15,2026-05-14,82.0,82.0,5.92,Received
PO-002941,SUP-06,SKU-00019,WH-VIC,2026-04-27,2026-05-01,2026-05-03,209.0,209.0,5.36,Late
PO-002942,SUP-07,SKU-00006,WH-WA,2026-04-27,2026-05-05,2026-05-03,89.0,89.0,4.07,Received
PO-002943,SUP-04,SKU-00011,WH-WA,2026-04-27,2026-05-15,2026-05-15,66.0,66.0,5.92,Received
PO-002944,SUP-06,SKU-00009,WH-NSW,2026-04-28,2026-05-02,2026-05-01,223.0,223.0,4.65,Received
PO-002945,SUP-05,SKU-00001,WH-VIC,2026-04-28,2026-05-07,2026-05-06,237.0,237.0,1.57,Received
PO-002946,SUP-06,SKU-00009,WH-VIC,2026-04-28,2026-05-02,2026-05-02,100.0,100.0,4.65,Received
PO-002947,SUP-03,SKU-00010,WH-VIC,2026-04-28,2026-05-17,2026-05-19,280.0,280.0,4.29,Late
PO-002948,SUP-02,SKU-00018,WH-VIC,2026-04-28,2026-05-08,2026-05-08,295.0,295.0,2.32,Received
PO-002949,SUP-07,SKU-00020,WH-VIC,2026-04-28,2026-05-18,2026-05-18,266.0,266.0,5.2,Received
PO-002950,SUP-07,SKU-00022,WH-VIC,2026-04-28,2026-05-06,2026-05-05,67.0,67.0,3.85,Received
PO-002951,SUP-02,SKU-00002,WH-WA,2026-04-28,2026-05-08,2026-05-07,58.0,58.0,2.21,Received
PO-002952,SUP-02,SKU-00014,WH-WA,2026-04-28,2026-05-08,2026-05-08,138.0,138.0,4.12,Received
PO-002953,SUP-02,SKU-00016,WH-WA,2026-04-28,2026-05-17,2026-05-17,54.0,54.0,2.03,Received
PO-002954,SUP-02,SKU-00018,WH-WA,2026-04-28,2026-05-08,2026-05-08,196.0,196.0,2.32,Received
PO-002955,SUP-05,SKU-00017,WH-NSW,2026-04-29,2026-05-08,2026-05-08,193.0,193.0,1.83,Received
PO-002956,SUP-05,SKU-00001,WH-QLD,2026-04-29,2026-05-08,2026-05-09,196.0,196.0,1.57,Late
PO-002957,SUP-06,SKU-00003,WH-QLD,2026-04-29,2026-05-03,2026-05-03,112.0,112.0,5.99,Received
PO-002958,SUP-05,SKU-00007,WH-QLD,2026-04-29,2026-05-08,2026-05-08,457.0,457.0,2.62,Received
PO-002959,SUP-07,SKU-00012,WH-QLD,2026-04-29,2026-05-07,2026-05-07,111.0,111.0,2.93,Received
PO-002960,SUP-05,SKU-00017,WH-QLD,2026-04-29,2026-05-08,2026-05-07,393.0,393.0,1.83,Received
PO-002961,SUP-05,SKU-00013,WH-VIC,2026-04-29,2026-05-08,2026-05-11,263.0,263.0,2.42,Late
PO-002962,SUP-02,SKU-00024,WH-VIC,2026-04-29,2026-05-09,2026-05-09,355.0,355.0,1.36,Received
PO-002963,SUP-05,SKU-00007,WH-WA,2026-04-29,2026-05-08,2026-05-06,97.0,97.0,2.62,Received
PO-002964,SUP-03,SKU-00010,WH-WA,2026-04-29,2026-05-18,2026-05-18,130.0,130.0,4.29,Received
PO-002965,SUP-07,SKU-00022,WH-WA,2026-04-29,2026-05-07,2026-05-08,66.0,66.0,3.85,Late
PO-002966,SUP-03,SKU-00010,WH-NSW,2026-04-30,2026-05-19,2026-05-19,150.0,150.0,4.29,Received
PO-002967,SUP-02,SKU-00016,WH-NSW,2026-04-30,2026-05-19,2026-05-19,86.0,86.0,2.03,Received
PO-002968,SUP-07,SKU-00006,WH-QLD,2026-04-30,2026-05-08,2026-05-07,158.0,158.0,4.07,Received
PO-002969,SUP-02,SKU-00014,WH-VIC,2026-04-30,2026-05-10,2026-05-10,281.0,281.0,4.12,Received
PO-002970,SUP-06,SKU-00003,WH-WA,2026-04-30,2026-05-04,2026-05-04,78.0,78.0,5.99,Received
PO-002971,SUP-02,SKU-00002,WH-NSW,2026-05-01,2026-05-11,2026-05-11,398.0,398.0,2.21,Received
PO-002972,SUP-01,SKU-00015,WH-NSW,2026-05-01,2026-05-05,2026-05-03,171.0,171.0,2.27,Received
PO-002973,SUP-06,SKU-00019,WH-NSW,2026-05-01,2026-05-05,2026-05-05,123.0,123.0,5.36,Received
PO-002974,SUP-06,SKU-00009,WH-QLD,2026-05-01,2026-05-05,2026-05-04,93.0,93.0,4.65,Received
PO-002975,SUP-04,SKU-00021,WH-QLD,2026-05-01,2026-05-19,2026-05-21,128.0,128.0,2.1,Late
PO-002976,SUP-07,SKU-00022,WH-QLD,2026-05-01,2026-05-09,2026-05-09,59.0,59.0,3.85,Received
PO-002977,SUP-02,SKU-00002,WH-VIC,2026-05-01,2026-05-11,2026-05-11,434.0,415.0,2.21,Received
PO-002978,SUP-06,SKU-00003,WH-VIC,2026-05-01,2026-05-05,2026-05-06,213.0,213.0,5.99,Late
PO-002979,SUP-02,SKU-00016,WH-VIC,2026-05-01,2026-05-20,2026-05-19,84.0,84.0,2.03,Received
PO-002980,SUP-07,SKU-00012,WH-WA,2026-05-01,2026-05-09,2026-05-09,59.0,59.0,2.93,Received
PO-002981,SUP-06,SKU-00019,WH-WA,2026-05-01,2026-05-05,2026-05-05,66.0,66.0,5.36,Received
PO-002982,SUP-07,SKU-00020,WH-WA,2026-05-01,2026-05-21,2026-05-20,113.0,113.0,5.2,Received
PO-002983,SUP-07,SKU-00006,WH-NSW,2026-05-02,2026-05-10,2026-05-11,116.0,116.0,4.07,Late
PO-002984,SUP-07,SKU-00022,WH-NSW,2026-05-02,2026-05-10,2026-05-08,148.0,148.0,3.85,Received
PO-002985,SUP-02,SKU-00008,WH-QLD,2026-05-02,2026-05-12,2026-05-12,391.0,391.0,1.67,Received
PO-002986,SUP-02,SKU-00016,WH-QLD,2026-05-02,2026-05-21,2026-05-21,252.0,252.0,2.03,Received
PO-002987,SUP-02,SKU-00018,WH-QLD,2026-05-02,2026-05-12,2026-05-12,373.0,373.0,2.32,Received
PO-002988,SUP-07,SKU-00020,WH-QLD,2026-05-02,2026-05-22,2026-05-22,283.0,283.0,5.2,Received
PO-002989,SUP-02,SKU-00008,WH-VIC,2026-05-02,2026-05-12,2026-05-12,299.0,299.0,1.67,Received
PO-002990,SUP-05,SKU-00001,WH-WA,2026-05-02,2026-05-11,2026-05-11,186.0,148.0,1.57,Received
PO-002991,SUP-04,SKU-00005,WH-WA,2026-05-02,2026-05-20,2026-05-20,65.0,65.0,2.29,Received
PO-002992,SUP-05,SKU-00013,WH-WA,2026-05-02,2026-05-11,2026-05-09,182.0,182.0,2.42,Received
PO-002993,SUP-06,SKU-00003,WH-NSW,2026-05-03,2026-05-07,2026-05-07,230.0,230.0,5.99,Received
PO-002994,SUP-05,SKU-00007,WH-NSW,2026-05-03,2026-05-12,2026-05-12,284.0,284.0,2.62,Received
PO-002995,SUP-06,SKU-00009,WH-NSW,2026-05-03,2026-05-07,2026-05-06,163.0,163.0,4.65,Received
PO-002996,SUP-05,SKU-00013,WH-NSW,2026-05-03,2026-05-12,2026-05-13,159.0,159.0,2.42,Late
PO-002997,SUP-07,SKU-00020,WH-NSW,2026-05-03,2026-05-23,2026-05-23,223.0,223.0,5.2,Received
PO-002998,SUP-01,SKU-00015,WH-QLD,2026-05-03,2026-05-07,2026-05-06,99.0,99.0,2.27,Received
PO-002999,SUP-06,SKU-00019,WH-QLD,2026-05-03,2026-05-07,2026-05-07,264.0,264.0,5.36,Received
PO-003000,SUP-05,SKU-00023,WH-QLD,2026-05-03,2026-05-12,2026-05-13,314.0,314.0,2.48,Late
PO-003001,SUP-01,SKU-00015,WH-VIC,2026-05-03,2026-05-07,2026-05-06,231.0,231.0,2.27,Received
PO-003002,SUP-05,SKU-00017,WH-VIC,2026-05-03,2026-05-12,2026-05-11,147.0,147.0,1.83,Received
PO-003003,SUP-06,SKU-00019,WH-VIC,2026-05-03,2026-05-07,2026-05-07,143.0,143.0,5.36,Received
PO-003004,SUP-02,SKU-00004,WH-WA,2026-05-03,2026-05-22,2026-05-21,81.0,81.0,5.29,Received
PO-003005,SUP-06,SKU-00009,WH-WA,2026-05-03,2026-05-07,2026-05-07,143.0,143.0,4.65,Received
PO-003006,SUP-01,SKU-00015,WH-WA,2026-05-03,2026-05-07,2026-05-07,97.0,97.0,2.27,Received
PO-003007,SUP-05,SKU-00017,WH-WA,2026-05-03,2026-05-12,2026-05-12,192.0,192.0,1.83,Received
PO-003008,SUP-05,SKU-00023,WH-WA,2026-05-03,2026-05-12,2026-05-14,123.0,123.0,2.48,Late
PO-003009,SUP-07,SKU-00012,WH-NSW,2026-05-04,2026-05-12,2026-05-10,54.0,54.0,2.93,Received
PO-003010,SUP-02,SKU-00018,WH-NSW,2026-05-04,2026-05-14,2026-05-13,247.0,247.0,2.32,Received
PO-003011,SUP-05,SKU-00023,WH-NSW,2026-05-04,2026-05-13,2026-05-13,273.0,273.0,2.48,Received
PO-003012,SUP-02,SKU-00002,WH-QLD,2026-05-04,2026-05-14,2026-05-13,245.0,237.0,2.21,Received
PO-003013,SUP-05,SKU-00013,WH-QLD,2026-05-04,2026-05-13,2026-05-14,405.0,405.0,2.42,Late
PO-003014,SUP-02,SKU-00024,WH-NSW,2026-05-05,2026-05-15,2026-05-15,209.0,209.0,1.36,Received
PO-003015,SUP-04,SKU-00021,WH-VIC,2026-05-05,2026-05-23,2026-05-23,153.0,153.0,2.1,Received
PO-003016,SUP-07,SKU-00006,WH-WA,2026-05-05,2026-05-13,2026-05-15,91.0,91.0,4.07,Late
PO-003017,SUP-02,SKU-00004,WH-NSW,2026-05-06,2026-05-25,2026-05-25,97.0,97.0,5.29,Received
PO-003018,SUP-07,SKU-00012,WH-QLD,2026-05-06,2026-05-14,2026-05-14,84.0,84.0,2.93,Received
PO-003019,SUP-04,SKU-00005,WH-VIC,2026-05-06,2026-05-24,2026-05-24,66.0,66.0,2.29,Received
PO-003020,SUP-06,SKU-00009,WH-VIC,2026-05-06,2026-05-10,2026-05-08,111.0,111.0,4.65,Received
PO-003021,SUP-02,SKU-00018,WH-VIC,2026-05-06,2026-05-16,2026-05-15,318.0,318.0,2.32,Received
PO-003022,SUP-02,SKU-00018,WH-WA,2026-05-06,2026-05-16,2026-05-16,215.0,215.0,2.32,Received
PO-003023,SUP-02,SKU-00024,WH-WA,2026-05-06,2026-05-16,2026-05-16,60.0,60.0,1.36,Received
PO-003024,SUP-05,SKU-00001,WH-NSW,2026-05-07,2026-05-16,2026-05-16,172.0,172.0,1.57,Received
PO-003025,SUP-02,SKU-00008,WH-NSW,2026-05-07,2026-05-17,2026-05-17,182.0,182.0,1.67,Received
PO-003026,SUP-04,SKU-00011,WH-NSW,2026-05-07,2026-05-25,2026-05-25,110.0,110.0,5.92,Received
PO-003027,SUP-02,SKU-00014,WH-NSW,2026-05-07,2026-05-17,2026-05-17,356.0,356.0,4.12,Received
PO-003028,SUP-01,SKU-00015,WH-NSW,2026-05-07,2026-05-11,2026-05-10,185.0,185.0,2.27,Received
PO-003029,SUP-06,SKU-00019,WH-NSW,2026-05-07,2026-05-11,2026-05-11,125.0,125.0,5.36,Received
PO-003030,SUP-06,SKU-00003,WH-QLD,2026-05-07,2026-05-11,2026-05-11,114.0,114.0,5.99,Received
PO-003031,SUP-02,SKU-00004,WH-QLD,2026-05-07,2026-05-26,2026-05-26,159.0,159.0,5.29,Received
PO-003032,SUP-04,SKU-00005,WH-QLD,2026-05-07,2026-05-25,2026-05-24,133.0,133.0,2.29,Received
PO-003033,SUP-07,SKU-00006,WH-QLD,2026-05-07,2026-05-15,2026-05-15,148.0,148.0,4.07,Received
PO-003034,SUP-02,SKU-00014,WH-QLD,2026-05-07,2026-05-17,2026-05-18,113.0,83.0,4.12,Late
PO-003035,SUP-06,SKU-00003,WH-VIC,2026-05-07,2026-05-11,2026-05-11,153.0,153.0,5.99,Received
PO-003036,SUP-07,SKU-00006,WH-VIC,2026-05-07,2026-05-15,2026-05-15,95.0,95.0,4.07,Received
PO-003037,SUP-01,SKU-00015,WH-VIC,2026-05-07,2026-05-11,2026-05-11,243.0,243.0,2.27,Received
PO-003038,SUP-06,SKU-00019,WH-VIC,2026-05-07,2026-05-11,2026-05-11,175.0,175.0,5.36,Received
PO-003039,SUP-05,SKU-00023,WH-VIC,2026-05-07,2026-05-16,2026-05-17,210.0,210.0,2.48,Late
PO-003040,SUP-04,SKU-00011,WH-WA,2026-05-07,2026-05-25,2026-05-25,65.0,65.0,5.92,Received
PO-003041,SUP-07,SKU-00012,WH-WA,2026-05-07,2026-05-15,2026-05-15,57.0,57.0,2.93,Received
PO-003042,SUP-04,SKU-00021,WH-WA,2026-05-07,2026-05-25,2026-05-25,99.0,99.0,2.1,Received
PO-003043,SUP-06,SKU-00009,WH-QLD,2026-05-08,2026-05-12,2026-05-11,102.0,102.0,4.65,Received
PO-003044,SUP-07,SKU-00022,WH-QLD,2026-05-08,2026-05-16,2026-05-16,59.0,59.0,3.85,Received
PO-003045,SUP-05,SKU-00007,WH-VIC,2026-05-08,2026-05-17,2026-05-17,339.0,339.0,2.62,Received
PO-003046,SUP-04,SKU-00011,WH-VIC,2026-05-08,2026-05-26,2026-05-27,127.0,127.0,5.92,Late
PO-003047,SUP-02,SKU-00002,WH-WA,2026-05-08,2026-05-18,2026-05-17,56.0,56.0,2.21,Received
PO-003048,SUP-02,SKU-00014,WH-WA,2026-05-08,2026-05-18,2026-05-18,145.0,145.0,4.12,Received
PO-003049,SUP-01,SKU-00015,WH-WA,2026-05-08,2026-05-12,2026-05-13,72.0,72.0,2.27,Late
PO-003050,SUP-07,SKU-00006,WH-NSW,2026-05-09,2026-05-17,2026-05-21,116.0,116.0,4.07,Late
PO-003051,SUP-06,SKU-00009,WH-NSW,2026-05-09,2026-05-13,2026-05-13,202.0,202.0,4.65,Received
PO-003052,SUP-07,SKU-00022,WH-NSW,2026-05-09,2026-05-17,2026-05-17,158.0,158.0,3.85,Received
PO-003053,SUP-05,SKU-00007,WH-QLD,2026-05-09,2026-05-18,2026-05-19,363.0,363.0,2.62,Late
PO-003054,SUP-03,SKU-00010,WH-QLD,2026-05-09,2026-05-28,2026-05-30,213.0,213.0,4.29,Late
PO-003055,SUP-01,SKU-00015,WH-QLD,2026-05-09,2026-05-13,2026-05-13,90.0,90.0,2.27,Received
PO-003056,SUP-05,SKU-00017,WH-QLD,2026-05-09,2026-05-18,2026-05-19,458.0,458.0,1.83,Late
PO-003057,SUP-06,SKU-00019,WH-QLD,2026-05-09,2026-05-13,2026-05-11,181.0,181.0,5.36,Received
PO-003058,SUP-02,SKU-00002,WH-VIC,2026-05-09,2026-05-19,2026-05-19,466.0,466.0,2.21,Received
PO-003059,SUP-02,SKU-00004,WH-VIC,2026-05-09,2026-05-28,2026-05-27,272.0,272.0,5.29,Received
PO-003060,SUP-07,SKU-00022,WH-VIC,2026-05-09,2026-05-17,2026-05-16,93.0,93.0,3.85,Received
PO-003061,SUP-02,SKU-00024,WH-VIC,2026-05-09,2026-05-19,2026-05-19,334.0,257.0,1.36,Received
PO-003062,SUP-06,SKU-00003,WH-WA,2026-05-09,2026-05-13,2026-05-13,76.0,76.0,5.99,Received
PO-003063,SUP-06,SKU-00009,WH-WA,2026-05-09,2026-05-13,2026-05-13,121.0,121.0,4.65,Received
PO-003064,SUP-06,SKU-00003,WH-NSW,2026-05-10,2026-05-14,2026-05-14,171.0,171.0,5.99,Received
PO-003065,SUP-04,SKU-00005,WH-NSW,2026-05-10,2026-05-28,2026-05-30,58.0,58.0,2.29,Late
PO-003066,SUP-05,SKU-00001,WH-VIC,2026-05-10,2026-05-19,2026-05-19,275.0,275.0,1.57,Received
PO-003067,SUP-05,SKU-00013,WH-VIC,2026-05-10,2026-05-19,2026-05-19,267.0,267.0,2.42,Received
PO-003068,SUP-02,SKU-00014,WH-VIC,2026-05-10,2026-05-20,2026-05-20,289.0,289.0,4.12,Received
PO-003069,SUP-07,SKU-00022,WH-WA,2026-05-10,2026-05-18,2026-05-17,72.0,72.0,3.85,Received
PO-003070,SUP-05,SKU-00017,WH-NSW,2026-05-11,2026-05-20,2026-05-18,185.0,185.0,1.83,Received
PO-003071,SUP-05,SKU-00001,WH-QLD,2026-05-11,2026-05-20,2026-05-21,231.0,231.0,1.57,Late
PO-003072,SUP-04,SKU-00021,WH-QLD,2026-05-11,2026-05-29,2026-05-29,128.0,128.0,2.1,Received
PO-003073,SUP-06,SKU-00003,WH-VIC,2026-05-11,2026-05-15,2026-05-16,146.0,146.0,5.99,Late
PO-003074,SUP-05,SKU-00007,WH-WA,2026-05-11,2026-05-20,2026-05-23,139.0,139.0,2.62,Late
PO-003075,SUP-03,SKU-00010,WH-WA,2026-05-11,2026-05-30,2026-05-30,138.0,138.0,4.29,Received
PO-003076,SUP-02,SKU-00002,WH-NSW,2026-05-12,2026-05-22,2026-05-20,409.0,409.0,2.21,Received
PO-003077,SUP-04,SKU-00021,WH-NSW,2026-05-12,2026-05-30,2026-05-28,63.0,63.0,2.1,Received
PO-003078,SUP-02,SKU-00002,WH-QLD,2026-05-12,2026-05-22,2026-05-22,236.0,236.0,2.21,Received
PO-003079,SUP-07,SKU-00012,WH-QLD,2026-05-12,2026-05-20,2026-05-20,80.0,80.0,2.93,Received
PO-003080,SUP-03,SKU-00010,WH-VIC,2026-05-12,2026-05-31,2026-05-31,298.0,298.0,4.29,Received
PO-003081,SUP-05,SKU-00017,WH-VIC,2026-05-12,2026-05-21,2026-05-22,138.0,138.0,1.83,Late
PO-003082,SUP-02,SKU-00016,WH-WA,2026-05-12,2026-05-31,2026-05-31,53.0,53.0,2.03,Received
PO-003083,SUP-06,SKU-00019,WH-NSW,2026-05-13,2026-05-17,2026-05-18,199.0,199.0,5.36,Late
PO-003084,SUP-02,SKU-00024,WH-NSW,2026-05-13,2026-05-23,2026-05-24,227.0,185.0,1.36,Late
PO-003085,SUP-06,SKU-00003,WH-QLD,2026-05-13,2026-05-17,2026-05-16,115.0,115.0,5.99,Received
PO-003086,SUP-02,SKU-00008,WH-QLD,2026-05-13,2026-05-23,2026-05-23,482.0,482.0,1.67,Received
PO-003087,SUP-04,SKU-00011,WH-QLD,2026-05-13,2026-05-31,2026-05-30,96.0,96.0,5.92,Received
PO-003088,SUP-02,SKU-00018,WH-QLD,2026-05-13,2026-05-23,2026-05-24,359.0,359.0,2.32,Late
PO-003089,SUP-02,SKU-00008,WH-VIC,2026-05-13,2026-05-23,2026-05-23,320.0,320.0,1.67,Received
PO-003090,SUP-06,SKU-00019,WH-VIC,2026-05-13,2026-05-17,2026-05-17,170.0,170.0,5.36,Received
PO-003091,SUP-07,SKU-00020,WH-VIC,2026-05-13,2026-06-02,2026-06-02,264.0,264.0,5.2,Received
PO-003092,SUP-05,SKU-00001,WH-WA,2026-05-13,2026-05-22,2026-05-22,191.0,191.0,1.57,Received
PO-003093,SUP-07,SKU-00006,WH-WA,2026-05-13,2026-05-21,2026-05-20,98.0,98.0,4.07,Received
PO-003094,SUP-05,SKU-00013,WH-WA,2026-05-13,2026-05-22,2026-05-22,202.0,202.0,2.42,Received
PO-003095,SUP-06,SKU-00019,WH-WA,2026-05-13,2026-05-17,2026-05-17,66.0,66.0,5.36,Received
PO-003096,SUP-06,SKU-00003,WH-NSW,2026-05-14,2026-05-18,2026-05-17,175.0,175.0,5.99,Received
PO-003097,SUP-05,SKU-00007,WH-NSW,2026-05-14,2026-05-23,2026-05-21,198.0,198.0,2.62,Received
PO-003098,SUP-03,SKU-00010,WH-NSW,2026-05-14,2026-06-02,2026-06-04,168.0,168.0,4.29,Late
PO-003099,SUP-01,SKU-00015,WH-NSW,2026-05-14,2026-05-18,2026-05-19,137.0,137.0,2.27,Late
PO-003100,SUP-02,SKU-00018,WH-NSW,2026-05-14,2026-05-24,2026-05-24,273.0,273.0,2.32,Received
PO-003101,SUP-06,SKU-00009,WH-QLD,2026-05-14,2026-05-18,2026-05-20,96.0,96.0,4.65,Late
PO-003102,SUP-05,SKU-00013,WH-QLD,2026-05-14,2026-05-23,2026-05-23,429.0,429.0,2.42,Received
PO-003103,SUP-06,SKU-00019,WH-QLD,2026-05-14,2026-05-18,2026-05-18,216.0,216.0,5.36,Received
PO-003104,SUP-07,SKU-00022,WH-QLD,2026-05-14,2026-05-22,2026-05-23,60.0,60.0,3.85,Late
PO-003105,SUP-05,SKU-00023,WH-QLD,2026-05-14,2026-05-23,2026-05-27,345.0,345.0,2.48,Late
PO-003106,SUP-06,SKU-00009,WH-VIC,2026-05-14,2026-05-18,2026-05-18,100.0,100.0,4.65,Received
PO-003107,SUP-01,SKU-00015,WH-VIC,2026-05-14,2026-05-18,2026-05-16,212.0,212.0,2.27,Received
PO-003108,SUP-05,SKU-00017,WH-WA,2026-05-14,2026-05-23,2026-05-21,192.0,192.0,1.83,Received
PO-003109,SUP-07,SKU-00020,WH-WA,2026-05-14,2026-06-03,2026-06-04,140.0,140.0,5.2,Late
PO-003110,SUP-06,SKU-00009,WH-NSW,2026-05-15,2026-05-19,2026-05-19,220.0,220.0,4.65,Received
PO-003111,SUP-07,SKU-00012,WH-NSW,2026-05-15,2026-05-23,2026-05-22,61.0,61.0,2.93,Received
PO-003112,SUP-02,SKU-00014,WH-NSW,2026-05-15,2026-05-25,2026-05-25,334.0,334.0,4.12,Received
PO-003113,SUP-07,SKU-00006,WH-QLD,2026-05-15,2026-05-23,2026-05-21,176.0,176.0,4.07,Received
PO-003114,SUP-02,SKU-00016,WH-QLD,2026-05-15,2026-06-03,2026-06-03,263.0,263.0,2.03,Received
PO-003115,SUP-06,SKU-00009,WH-WA,2026-05-15,2026-05-19,2026-05-19,152.0,152.0,4.65,Received
PO-003116,SUP-07,SKU-00012,WH-WA,2026-05-15,2026-05-23,2026-05-23,59.0,59.0,2.93,Received
PO-003117,SUP-01,SKU-00015,WH-WA,2026-05-15,2026-05-19,2026-05-17,110.0,110.0,2.27,Received
PO-003118,SUP-07,SKU-00022,WH-NSW,2026-05-16,2026-05-24,2026-05-23,159.0,159.0,3.85,Received
PO-003119,SUP-05,SKU-00023,WH-NSW,2026-05-16,2026-05-25,2026-05-25,283.0,283.0,2.48,Received
PO-003120,SUP-01,SKU-00015,WH-QLD,2026-05-16,2026-05-20,2026-05-19,106.0,106.0,2.27,Received
PO-003121,SUP-07,SKU-00020,WH-QLD,2026-05-16,2026-06-05,2026-06-08,285.0,285.0,5.2,Late
PO-003122,SUP-06,SKU-00003,WH-VIC,2026-05-16,2026-05-20,2026-05-21,157.0,157.0,5.99,Late
PO-003123,SUP-02,SKU-00016,WH-VIC,2026-05-16,2026-06-04,2026-06-04,74.0,74.0,2.03,Received
PO-003124,SUP-02,SKU-00008,WH-NSW,2026-05-17,2026-05-27,2026-05-27,177.0,177.0,1.67,Received
PO-003125,SUP-02,SKU-00016,WH-NSW,2026-05-17,2026-06-05,2026-06-05,81.0,81.0,2.03,Received
PO-003126,SUP-07,SKU-00020,WH-NSW,2026-05-17,2026-06-06,2026-06-04,231.0,231.0,5.2,Received
PO-003127,SUP-05,SKU-00017,WH-QLD,2026-05-17,2026-05-26,2026-05-25,357.0,357.0,1.83,Received
PO-003128,SUP-07,SKU-00006,WH-VIC,2026-05-17,2026-05-25,2026-05-25,83.0,83.0,4.07,Received
PO-003129,SUP-06,SKU-00019,WH-VIC,2026-05-17,2026-05-21,2026-05-19,141.0,141.0,5.36,Received
PO-003130,SUP-02,SKU-00024,WH-VIC,2026-05-17,2026-05-27,2026-05-27,322.0,322.0,1.36,Received
PO-003131,SUP-04,SKU-00005,WH-WA,2026-05-17,2026-06-04,2026-06-04,69.0,69.0,2.29,Received
PO-003132,SUP-02,SKU-00018,WH-WA,2026-05-17,2026-05-27,2026-05-28,250.0,250.0,2.32,Late
PO-003133,SUP-07,SKU-00022,WH-WA,2026-05-17,2026-05-25,2026-05-25,53.0,53.0,3.85,Received
PO-003134,SUP-02,SKU-00024,WH-WA,2026-05-17,2026-05-27,2026-05-27,58.0,58.0,1.36,Received
PO-003135,SUP-07,SKU-00006,WH-NSW,2026-05-18,2026-05-26,2026-05-27,111.0,111.0,4.07,Late
PO-003136,SUP-05,SKU-00013,WH-NSW,2026-05-18,2026-05-27,2026-05-27,198.0,198.0,2.42,Received
PO-003137,SUP-05,SKU-00007,WH-QLD,2026-05-18,2026-05-27,2026-05-27,362.0,362.0,2.62,Received
PO-003138,SUP-07,SKU-00012,WH-QLD,2026-05-18,2026-05-26,2026-05-26,90.0,90.0,2.93,Received
PO-003139,SUP-02,SKU-00018,WH-VIC,2026-05-18,2026-05-28,2026-05-28,335.0,335.0,2.32,Received
PO-003140,SUP-06,SKU-00003,WH-WA,2026-05-18,2026-05-22,2026-05-22,79.0,79.0,5.99,Received
PO-003141,SUP-05,SKU-00023,WH-WA,2026-05-18,2026-05-27,2026-05-27,113.0,113.0,2.48,Received
PO-003142,SUP-04,SKU-00011,WH-NSW,2026-05-19,2026-06-06,2026-06-06,110.0,110.0,5.92,Received
PO-003143,SUP-06,SKU-00019,WH-NSW,2026-05-19,2026-05-23,2026-05-23,155.0,155.0,5.36,Received
PO-003144,SUP-02,SKU-00014,WH-QLD,2026-05-19,2026-05-29,2026-05-29,123.0,123.0,4.12,Received
PO-003145,SUP-04,SKU-00011,WH-VIC,2026-05-19,2026-06-06,2026-06-05,123.0,123.0,5.92,Received
PO-003146,SUP-02,SKU-00014,WH-VIC,2026-05-19,2026-05-29,2026-05-29,280.0,280.0,4.12,Received
PO-003147,SUP-01,SKU-00015,WH-VIC,2026-05-19,2026-05-23,2026-05-21,235.0,235.0,2.27,Received
PO-003148,SUP-04,SKU-00021,WH-VIC,2026-05-19,2026-06-06,2026-06-05,155.0,155.0,2.1,Received
PO-003149,SUP-06,SKU-00003,WH-NSW,2026-05-20,2026-05-24,2026-05-23,182.0,182.0,5.99,Received
PO-003150,SUP-02,SKU-00004,WH-NSW,2026-05-20,2026-06-08,2026-06-07,85.0,85.0,5.29,Received
PO-003151,SUP-06,SKU-00009,WH-NSW,2026-05-20,2026-05-24,2026-05-24,187.0,187.0,4.65,Received
PO-003152,SUP-01,SKU-00015,WH-NSW,2026-05-20,2026-05-24,2026-05-24,199.0,199.0,2.27,Received
PO-003153,SUP-06,SKU-00003,WH-QLD,2026-05-20,2026-05-24,2026-05-24,113.0,113.0,5.99,Received
PO-003154,SUP-02,SKU-00004,WH-QLD,2026-05-20,2026-06-08,2026-06-08,161.0,161.0,5.29,Received
PO-003155,SUP-06,SKU-00009,WH-QLD,2026-05-20,2026-05-24,2026-05-24,93.0,93.0,4.65,Received
PO-003156,SUP-02,SKU-00004,WH-WA,2026-05-20,2026-06-08,2026-06-06,87.0,87.0,5.29,Received
PO-003157,SUP-07,SKU-00006,WH-WA,2026-05-20,2026-05-28,2026-05-28,79.0,79.0,4.07,Received
PO-003158,SUP-02,SKU-00014,WH-WA,2026-05-20,2026-05-30,2026-05-30,131.0,131.0,4.12,Received
PO-003159,SUP-02,SKU-00002,WH-QLD,2026-05-21,2026-05-31,2026-05-31,226.0,226.0,2.21,Received
PO-003160,SUP-06,SKU-00019,WH-QLD,2026-05-21,2026-05-25,2026-05-24,254.0,254.0,5.36,Received
PO-003161,SUP-07,SKU-00022,WH-QLD,2026-05-21,2026-05-29,2026-05-29,68.0,68.0,3.85,Received
PO-003162,SUP-02,SKU-00002,WH-VIC,2026-05-21,2026-05-31,2026-05-31,542.0,542.0,2.21,Received
PO-003163,SUP-04,SKU-00005,WH-VIC,2026-05-21,2026-06-08,2026-06-06,68.0,68.0,2.29,Received
PO-003164,SUP-02,SKU-00002,WH-WA,2026-05-21,2026-05-31,2026-05-31,55.0,55.0,2.21,Received
PO-003165,SUP-06,SKU-00009,WH-WA,2026-05-21,2026-05-25,2026-05-25,100.0,100.0,4.65,Received
PO-003166,SUP-01,SKU-00015,WH-WA,2026-05-21,2026-05-25,2026-05-23,87.0,87.0,2.27,Received
PO-003167,SUP-04,SKU-00021,WH-WA,2026-05-21,2026-06-08,2026-06-06,105.0,105.0,2.1,Received
PO-003168,SUP-05,SKU-00001,WH-NSW,2026-05-22,2026-05-31,2026-05-31,175.0,175.0,1.57,Received
PO-003169,SUP-04,SKU-00005,WH-QLD,2026-05-22,2026-06-09,2026-06-11,154.0,154.0,2.29,Late
PO-003170,SUP-07,SKU-00006,WH-QLD,2026-05-22,2026-05-30,2026-05-31,167.0,167.0,4.07,Late
PO-003171,SUP-06,SKU-00003,WH-VIC,2026-05-22,2026-05-26,2026-05-26,152.0,152.0,5.99,Received
PO-003172,SUP-06,SKU-00009,WH-VIC,2026-05-22,2026-05-26,2026-05-26,97.0,97.0,4.65,Received
PO-003173,SUP-07,SKU-00022,WH-VIC,2026-05-22,2026-05-30,2026-05-30,99.0,99.0,3.85,Received
PO-003174,SUP-05,SKU-00023,WH-VIC,2026-05-22,2026-05-31,2026-06-01,190.0,190.0,2.48,Late
PO-003175,SUP-03,SKU-00010,WH-QLD,2026-05-23,2026-06-11,2026-06-11,209.0,209.0,4.29,Received
PO-003176,SUP-01,SKU-00015,WH-QLD,2026-05-23,2026-05-27,2026-05-28,90.0,90.0,2.27,Late
PO-003177,SUP-05,SKU-00007,WH-VIC,2026-05-23,2026-06-01,2026-06-01,350.0,350.0,2.62,Received
PO-003178,SUP-02,SKU-00008,WH-VIC,2026-05-23,2026-06-02,2026-06-02,291.0,291.0,1.67,Received
PO-003179,SUP-05,SKU-00001,WH-WA,2026-05-23,2026-06-01,2026-06-01,162.0,162.0,1.57,Received
PO-003180,SUP-04,SKU-00011,WH-WA,2026-05-23,2026-06-10,2026-06-11,73.0,73.0,5.92,Late
PO-003181,SUP-02,SKU-00002,WH-NSW,2026-05-24,2026-06-03,2026-06-03,420.0,420.0,2.21,Received
PO-003182,SUP-06,SKU-00003,WH-NSW,2026-05-24,2026-05-28,2026-05-28,163.0,163.0,5.99,Received
PO-003183,SUP-02,SKU-00018,WH-NSW,2026-05-24,2026-06-03,2026-06-03,243.0,243.0,2.32,Received
PO-003184,SUP-07,SKU-00022,WH-NSW,2026-05-24,2026-06-01,2026-05-31,173.0,173.0,3.85,Received
PO-003185,SUP-02,SKU-00024,WH-NSW,2026-05-24,2026-06-03,2026-06-04,272.0,272.0,1.36,Late
PO-003186,SUP-05,SKU-00001,WH-QLD,2026-05-24,2026-06-02,2026-06-01,218.0,218.0,1.57,Received
PO-003187,SUP-02,SKU-00018,WH-QLD,2026-05-24,2026-06-03,2026-06-01,291.0,291.0,2.32,Received
PO-003188,SUP-04,SKU-00021,WH-QLD,2026-05-24,2026-06-11,2026-06-11,146.0,146.0,2.1,Received
PO-003189,SUP-05,SKU-00023,WH-QLD,2026-05-24,2026-06-02,2026-06-04,311.0,311.0,2.48,Late
PO-003190,SUP-05,SKU-00001,WH-VIC,2026-05-24,2026-06-02,2026-06-01,279.0,279.0,1.57,Received
PO-003191,SUP-02,SKU-00004,WH-VIC,2026-05-24,2026-06-12,2026-06-14,305.0,305.0,5.29,Late
PO-003192,SUP-05,SKU-00013,WH-VIC,2026-05-24,2026-06-02,2026-06-02,269.0,269.0,2.42,Received
PO-003193,SUP-06,SKU-00019,WH-VIC,2026-05-24,2026-05-28,2026-05-28,228.0,228.0,5.36,Received
PO-003194,SUP-05,SKU-00007,WH-WA,2026-05-24,2026-06-02,2026-06-02,134.0,134.0,2.62,Received
PO-003195,SUP-05,SKU-00013,WH-WA,2026-05-24,2026-06-02,2026-06-06,220.0,220.0,2.42,Late
PO-003196,SUP-07,SKU-00006,WH-NSW,2026-05-25,2026-06-02,2026-06-03,114.0,114.0,4.07,Late
PO-003197,SUP-06,SKU-00009,WH-NSW,2026-05-25,2026-05-29,2026-05-29,194.0,194.0,4.65,Received
PO-003198,SUP-02,SKU-00008,WH-QLD,2026-05-25,2026-06-04,2026-06-04,441.0,441.0,1.67,Received
PO-003199,SUP-07,SKU-00012,WH-QLD,2026-05-25,2026-06-02,2026-06-04,90.0,90.0,2.93,Late
PO-003200,SUP-05,SKU-00013,WH-QLD,2026-05-25,2026-06-03,2026-06-01,445.0,445.0,2.42,Received
PO-003201,SUP-07,SKU-00006,WH-VIC,2026-05-25,2026-06-02,2026-05-31,75.0,75.0,4.07,Received
PO-003202,SUP-03,SKU-00010,WH-VIC,2026-05-25,2026-06-13,2026-06-13,279.0,279.0,4.29,Received
PO-003203,SUP-06,SKU-00009,WH-WA,2026-05-25,2026-05-29,2026-05-30,131.0,131.0,4.65,Late
PO-003204,SUP-03,SKU-00010,WH-WA,2026-05-25,2026-06-13,2026-06-13,136.0,136.0,4.29,Received
PO-003205,SUP-07,SKU-00012,WH-WA,2026-05-25,2026-06-02,2026-05-31,84.0,84.0,2.93,Received
PO-003206,SUP-06,SKU-00019,WH-WA,2026-05-25,2026-05-29,2026-05-30,66.0,66.0,5.36,Late
PO-003207,SUP-07,SKU-00012,WH-NSW,2026-05-26,2026-06-03,2026-06-02,58.0,58.0,2.93,Received
PO-003208,SUP-06,SKU-00019,WH-NSW,2026-05-26,2026-05-30,2026-05-30,207.0,207.0,5.36,Received
PO-003209,SUP-06,SKU-00009,WH-QLD,2026-05-26,2026-05-30,2026-05-30,96.0,96.0,4.65,Received
PO-003210,SUP-01,SKU-00015,WH-VIC,2026-05-26,2026-05-30,2026-05-30,298.0,298.0,2.27,Received
PO-003211,SUP-06,SKU-00003,WH-WA,2026-05-26,2026-05-30,2026-05-30,73.0,73.0,5.99,Received
PO-003212,SUP-01,SKU-00015,WH-WA,2026-05-26,2026-05-30,2026-05-30,81.0,81.0,2.27,Received
PO-003213,SUP-05,SKU-00017,WH-WA,2026-05-26,2026-06-04,2026-06-03,178.0,178.0,1.83,Received
PO-003214,SUP-05,SKU-00007,WH-NSW,2026-05-27,2026-06-05,2026-06-07,256.0,256.0,2.62,Late
PO-003215,SUP-03,SKU-00010,WH-NSW,2026-05-27,2026-06-15,2026-06-15,151.0,151.0,4.29,Received
PO-003216,SUP-05,SKU-00013,WH-NSW,2026-05-27,2026-06-05,2026-06-05,144.0,144.0,2.42,Received
PO-003217,SUP-02,SKU-00014,WH-NSW,2026-05-27,2026-06-06,2026-06-06,323.0,323.0,4.12,Received
PO-003218,SUP-01,SKU-00015,WH-NSW,2026-05-27,2026-05-31,2026-05-30,146.0,146.0,2.27,Received
PO-003219,SUP-04,SKU-00021,WH-NSW,2026-05-27,2026-06-14,2026-06-12,51.0,46.0,2.1,Received
PO-003220,SUP-04,SKU-00011,WH-QLD,2026-05-27,2026-06-14,2026-06-12,100.0,100.0,5.92,Received
PO-003221,SUP-07,SKU-00022,WH-QLD,2026-05-27,2026-06-04,2026-06-06,56.0,56.0,3.85,Late
PO-003222,SUP-07,SKU-00020,WH-VIC,2026-05-27,2026-06-16,2026-06-16,274.0,274.0,5.2,Received
PO-003223,SUP-02,SKU-00016,WH-WA,2026-05-27,2026-06-15,2026-06-15,55.0,55.0,2.03,Received
PO-003224,SUP-05,SKU-00023,WH-WA,2026-05-27,2026-06-05,2026-06-07,84.0,84.0,2.48,Late
PO-003225,SUP-02,SKU-00008,WH-NSW,2026-05-28,2026-06-07,2026-06-07,184.0,184.0,1.67,Received
PO-003226,SUP-05,SKU-00017,WH-NSW,2026-05-28,2026-06-06,2026-06-06,189.0,189.0,1.83,Received
PO-003227,SUP-06,SKU-00003,WH-QLD,2026-05-28,2026-06-01,2026-05-31,134.0,134.0,5.99,Received
PO-003228,SUP-07,SKU-00006,WH-QLD,2026-05-28,2026-06-05,2026-06-06,145.0,145.0,4.07,Late
PO-003229,SUP-02,SKU-00016,WH-QLD,2026-05-28,2026-06-16,2026-06-16,238.0,238.0,2.03,Received
PO-003230,SUP-06,SKU-00019,WH-QLD,2026-05-28,2026-06-01,2026-06-01,230.0,230.0,5.36,Received
PO-003231,SUP-06,SKU-00009,WH-VIC,2026-05-28,2026-06-01,2026-05-31,100.0,100.0,4.65,Received
PO-003232,SUP-02,SKU-00014,WH-VIC,2026-05-28,2026-06-07,2026-06-07,278.0,278.0,4.12,Received
PO-003233,SUP-02,SKU-00016,WH-VIC,2026-05-28,2026-06-16,2026-06-17,68.0,68.0,2.03,Late
PO-003234,SUP-01,SKU-00015,WH-QLD,2026-05-29,2026-06-02,2026-06-06,98.0,98.0,2.27,Late
PO-003235,SUP-06,SKU-00003,WH-VIC,2026-05-29,2026-06-02,2026-06-02,200.0,200.0,5.99,Received
PO-003236,SUP-05,SKU-00017,WH-VIC,2026-05-29,2026-06-07,2026-06-07,195.0,195.0,1.83,Received
PO-003237,SUP-07,SKU-00022,WH-WA,2026-05-29,2026-06-06,2026-06-06,72.0,72.0,3.85,Received
PO-003238,SUP-06,SKU-00003,WH-NSW,2026-05-30,2026-06-03,2026-06-04,188.0,188.0,5.99,Late
PO-003239,SUP-06,SKU-00009,WH-NSW,2026-05-30,2026-06-03,2026-06-03,159.0,159.0,4.65,Received
PO-003240,SUP-05,SKU-00023,WH-NSW,2026-05-30,2026-06-08,2026-06-08,319.0,319.0,2.48,Received
PO-003241,SUP-02,SKU-00002,WH-QLD,2026-05-30,2026-06-09,2026-06-08,236.0,236.0,2.21,Received
PO-003242,SUP-07,SKU-00020,WH-QLD,2026-05-30,2026-06-19,2026-06-20,278.0,278.0,5.2,Late
PO-003243,SUP-02,SKU-00018,WH-VIC,2026-05-30,2026-06-09,2026-06-07,343.0,343.0,2.32,Received
PO-003244,SUP-04,SKU-00021,WH-VIC,2026-05-30,2026-06-17,2026-06-15,140.0,140.0,2.1,Received
PO-003245,SUP-02,SKU-00024,WH-VIC,2026-05-30,2026-06-09,2026-06-09,406.0,406.0,1.36,Received
PO-003246,SUP-07,SKU-00006,WH-WA,2026-05-30,2026-06-07,2026-06-07,89.0,89.0,4.07,Received
PO-003247,SUP-02,SKU-00014,WH-WA,2026-05-30,2026-06-09,2026-06-09,136.0,136.0,4.12,Received
PO-003248,SUP-02,SKU-00018,WH-WA,2026-05-30,2026-06-09,2026-06-09,192.0,192.0,2.32,Received
PO-003249,SUP-04,SKU-00005,WH-NSW,2026-05-31,2026-06-18,2026-06-18,53.0,53.0,2.29,Received
PO-003250,SUP-05,SKU-00007,WH-QLD,2026-05-31,2026-06-09,2026-06-08,351.0,351.0,2.62,Received
PO-003251,SUP-07,SKU-00012,WH-QLD,2026-05-31,2026-06-08,2026-06-07,79.0,79.0,2.93,Received
PO-003252,SUP-02,SKU-00014,WH-QLD,2026-05-31,2026-06-10,2026-06-09,133.0,133.0,4.12,Received
PO-003253,SUP-05,SKU-00017,WH-QLD,2026-05-31,2026-06-09,2026-06-08,500.0,500.0,1.83,Received
PO-003254,SUP-07,SKU-00022,WH-QLD,2026-05-31,2026-06-08,2026-06-08,58.0,58.0,3.85,Received
PO-003255,SUP-06,SKU-00019,WH-VIC,2026-05-31,2026-06-04,2026-06-05,206.0,206.0,5.36,Late
PO-003256,SUP-01,SKU-00015,WH-WA,2026-05-31,2026-06-04,2026-06-06,86.0,86.0,2.27,Late
PO-003257,SUP-07,SKU-00020,WH-WA,2026-05-31,2026-06-20,2026-06-21,131.0,131.0,5.2,Late
PO-003258,SUP-02,SKU-00024,WH-WA,2026-05-31,2026-06-10,2026-06-10,66.0,66.0,1.36,Received
PO-003259,SUP-01,SKU-00015,WH-NSW,2026-06-01,2026-06-05,2026-06-06,138.0,138.0,2.27,Late
PO-003260,SUP-06,SKU-00019,WH-NSW,2026-06-01,2026-06-05,2026-06-03,177.0,177.0,5.36,Received
PO-003261,SUP-07,SKU-00020,WH-NSW,2026-06-01,2026-06-21,2026-06-21,232.0,232.0,5.2,Received
PO-003262,SUP-07,SKU-00022,WH-VIC,2026-06-01,2026-06-09,2026-06-08,95.0,95.0,3.85,Received
PO-003263,SUP-02,SKU-00004,WH-WA,2026-06-01,2026-06-20,2026-06-19,76.0,76.0,5.29,Received
PO-003264,SUP-04,SKU-00005,WH-WA,2026-06-01,2026-06-19,2026-06-18,66.0,66.0,2.29,Received
PO-003265,SUP-06,SKU-00009,WH-WA,2026-06-01,2026-06-05,2026-06-05,149.0,149.0,4.65,Received
PO-003266,SUP-07,SKU-00012,WH-WA,2026-06-01,2026-06-09,2026-06-09,64.0,64.0,2.93,Received
PO-003267,SUP-02,SKU-00004,WH-NSW,2026-06-02,2026-06-21,2026-06-20,98.0,98.0,5.29,Received
PO-003268,SUP-07,SKU-00006,WH-NSW,2026-06-02,2026-06-10,2026-06-10,114.0,103.0,4.07,Received
PO-003269,SUP-02,SKU-00016,WH-NSW,2026-06-02,2026-06-21,2026-06-21,82.0,82.0,2.03,Received
PO-003270,SUP-02,SKU-00018,WH-NSW,2026-06-02,2026-06-12,2026-06-13,256.0,256.0,2.32,Late
PO-003271,SUP-07,SKU-00022,WH-NSW,2026-06-02,2026-06-10,2026-06-08,142.0,142.0,3.85,Received
PO-003272,SUP-06,SKU-00009,WH-QLD,2026-06-02,2026-06-06,2026-06-05,97.0,97.0,4.65,Received
PO-003273,SUP-02,SKU-00018,WH-QLD,2026-06-02,2026-06-12,2026-06-12,304.0,304.0,2.32,Received
PO-003274,SUP-05,SKU-00023,WH-QLD,2026-06-02,2026-06-11,2026-06-11,279.0,279.0,2.48,Received
PO-003275,SUP-02,SKU-00002,WH-VIC,2026-06-02,2026-06-12,2026-06-12,518.0,518.0,2.21,Received
PO-003276,SUP-04,SKU-00005,WH-VIC,2026-06-02,2026-06-20,2026-06-18,64.0,64.0,2.29,Received
PO-003277,SUP-01,SKU-00015,WH-VIC,2026-06-02,2026-06-06,2026-06-08,273.0,273.0,2.27,Late
PO-003278,SUP-02,SKU-00002,WH-WA,2026-06-02,2026-06-12,2026-06-12,56.0,56.0,2.21,Received
PO-003279,SUP-06,SKU-00003,WH-WA,2026-06-02,2026-06-06,2026-06-06,67.0,67.0,5.99,Received
PO-003280,SUP-04,SKU-00011,WH-NSW,2026-06-03,2026-06-21,2026-06-19,108.0,108.0,5.92,Received
PO-003281,SUP-07,SKU-00006,WH-QLD,2026-06-03,2026-06-11,2026-06-11,144.0,144.0,4.07,Received
PO-003282,SUP-02,SKU-00008,WH-QLD,2026-06-03,2026-06-13,2026-06-12,404.0,404.0,1.67,Received
PO-003283,SUP-03,SKU-00010,WH-QLD,2026-06-03,2026-06-22,2026-06-22,220.0,220.0,4.29,Received
PO-003284,SUP-06,SKU-00003,WH-VIC,2026-06-03,2026-06-07,2026-06-06,141.0,141.0,5.99,Received
PO-003285,SUP-02,SKU-00008,WH-VIC,2026-06-03,2026-06-13,2026-06-13,325.0,325.0,1.67,Received
PO-003286,SUP-06,SKU-00009,WH-VIC,2026-06-03,2026-06-07,2026-06-07,99.0,76.0,4.65,Received
PO-003287,SUP-05,SKU-00001,WH-WA,2026-06-03,2026-06-12,2026-06-11,183.0,183.0,1.57,Received
PO-003288,SUP-05,SKU-00013,WH-WA,2026-06-03,2026-06-12,2026-06-10,192.0,192.0,2.42,Received
PO-003289,SUP-06,SKU-00003,WH-NSW,2026-06-04,2026-06-08,2026-06-06,180.0,180.0,5.99,Received
PO-003290,SUP-02,SKU-00024,WH-NSW,2026-06-04,2026-06-14,2026-06-14,218.0,218.0,1.36,Received
PO-003291,SUP-06,SKU-00003,WH-QLD,2026-06-04,2026-06-08,2026-06-09,114.0,114.0,5.99,Late
PO-003292,SUP-04,SKU-00005,WH-QLD,2026-06-04,2026-06-22,2026-06-21,126.0,126.0,2.29,Received
PO-003293,SUP-06,SKU-00019,WH-QLD,2026-06-04,2026-06-08,2026-06-09,307.0,307.0,5.36,Late
PO-003294,SUP-07,SKU-00006,WH-VIC,2026-06-04,2026-06-12,2026-06-15,83.0,83.0,4.07,Late
PO-003295,SUP-03,SKU-00010,WH-VIC,2026-06-04,2026-06-23,2026-06-23,280.0,280.0,4.29,Received
PO-003296,SUP-04,SKU-00011,WH-VIC,2026-06-04,2026-06-22,2026-06-23,146.0,146.0,5.92,Late
PO-003297,SUP-04,SKU-00011,WH-WA,2026-06-04,2026-06-22,2026-06-22,76.0,76.0,5.92,Received
PO-003298,SUP-05,SKU-00001,WH-NSW,2026-06-05,2026-06-14,2026-06-12,168.0,168.0,1.57,Received
PO-003299,SUP-02,SKU-00002,WH-NSW,2026-06-05,2026-06-15,2026-06-15,327.0,327.0,2.21,Received
PO-003300,SUP-06,SKU-00009,WH-NSW,2026-06-05,2026-06-09,2026-06-09,206.0,206.0,4.65,Received
PO-003301,SUP-02,SKU-00014,WH-NSW,2026-06-05,2026-06-15,2026-06-15,348.0,348.0,4.12,Received
PO-003302,SUP-02,SKU-00004,WH-QLD,2026-06-05,2026-06-24,2026-06-24,172.0,172.0,5.29,Received
PO-003303,SUP-05,SKU-00013,WH-QLD,2026-06-05,2026-06-14,2026-06-14,440.0,440.0,2.42,Received
PO-003304,SUP-01,SKU-00015,WH-QLD,2026-06-05,2026-06-09,2026-06-09,74.0,74.0,2.27,Received
PO-003305,SUP-05,SKU-00001,WH-VIC,2026-06-05,2026-06-14,2026-06-15,274.0,274.0,1.57,Late
PO-003306,SUP-02,SKU-00004,WH-VIC,2026-06-05,2026-06-24,2026-06-25,304.0,304.0,5.29,Late
PO-003307,SUP-05,SKU-00013,WH-VIC,2026-06-05,2026-06-14,2026-06-14,253.0,253.0,2.42,Received
PO-003308,SUP-04,SKU-00021,WH-WA,2026-06-05,2026-06-23,2026-06-23,100.0,100.0,2.1,Received
PO-003309,SUP-05,SKU-00007,WH-NSW,2026-06-06,2026-06-15,2026-06-15,193.0,193.0,2.62,Received
PO-003310,SUP-07,SKU-00012,WH-NSW,2026-06-06,2026-06-14,2026-06-14,57.0,57.0,2.93,Received
PO-003311,SUP-07,SKU-00012,WH-QLD,2026-06-06,2026-06-14,2026-06-13,80.0,80.0,2.93,Received
PO-003312,SUP-07,SKU-00022,WH-QLD,2026-06-06,2026-06-14,2026-06-14,66.0,66.0,3.85,Received
PO-003313,SUP-07,SKU-00006,WH-WA,2026-06-06,2026-06-14,2026-06-14,89.0,89.0,4.07,Received
PO-003314,SUP-03,SKU-00010,WH-WA,2026-06-06,2026-06-25,2026-06-24,139.0,139.0,4.29,Received
PO-003315,SUP-01,SKU-00015,WH-WA,2026-06-06,2026-06-10,2026-06-11,109.0,109.0,2.27,Late
PO-003316,SUP-05,SKU-00017,WH-WA,2026-06-06,2026-06-15,2026-06-17,182.0,182.0,1.83,Late
PO-003317,SUP-07,SKU-00022,WH-WA,2026-06-06,2026-06-14,2026-06-15,55.0,55.0,3.85,Late
PO-003318,SUP-05,SKU-00023,WH-WA,2026-06-06,2026-06-15,2026-06-15,84.0,84.0,2.48,Received
PO-003319,SUP-01,SKU-00015,WH-NSW,2026-06-07,2026-06-11,2026-06-13,154.0,154.0,2.27,Late
PO-003320,SUP-06,SKU-00019,WH-NSW,2026-06-07,2026-06-11,2026-06-11,173.0,173.0,5.36,Received
PO-003321,SUP-05,SKU-00001,WH-QLD,2026-06-07,2026-06-16,2026-06-15,221.0,221.0,1.57,Received
PO-003322,SUP-02,SKU-00002,WH-QLD,2026-06-07,2026-06-17,2026-06-18,250.0,250.0,2.21,Late
PO-003323,SUP-06,SKU-00019,WH-VIC,2026-06-07,2026-06-11,2026-06-11,202.0,202.0,5.36,Received
PO-003324,SUP-05,SKU-00023,WH-VIC,2026-06-07,2026-06-16,2026-06-16,200.0,200.0,2.48,Received
PO-003325,SUP-05,SKU-00007,WH-WA,2026-06-07,2026-06-16,2026-06-17,128.0,128.0,2.62,Late
PO-003326,SUP-06,SKU-00009,WH-WA,2026-06-07,2026-06-11,2026-06-11,149.0,149.0,4.65,Received
PO-003327,SUP-07,SKU-00012,WH-WA,2026-06-07,2026-06-15,2026-06-19,61.0,61.0,2.93,Late
PO-003328,SUP-07,SKU-00006,WH-NSW,2026-06-08,2026-06-16,2026-06-14,117.0,117.0,4.07,Received
PO-003329,SUP-06,SKU-00009,WH-QLD,2026-06-08,2026-06-12,2026-06-12,93.0,93.0,4.65,Received
PO-003330,SUP-04,SKU-00021,WH-QLD,2026-06-08,2026-06-26,2026-06-25,143.0,143.0,2.1,Received
PO-003331,SUP-06,SKU-00003,WH-VIC,2026-06-08,2026-06-12,2026-06-12,169.0,169.0,5.99,Received
PO-003332,SUP-05,SKU-00007,WH-VIC,2026-06-08,2026-06-17,2026-06-16,329.0,329.0,2.62,Received
PO-003333,SUP-02,SKU-00014,WH-VIC,2026-06-08,2026-06-18,2026-06-18,300.0,300.0,4.12,Received
PO-003334,SUP-07,SKU-00022,WH-VIC,2026-06-08,2026-06-16,2026-06-16,76.0,76.0,3.85,Received
PO-003335,SUP-02,SKU-00018,WH-WA,2026-06-08,2026-06-18,2026-06-18,237.0,237.0,2.32,Received
PO-003336,SUP-06,SKU-00019,WH-WA,2026-06-08,2026-06-12,2026-06-12,66.0,66.0,5.36,Received
PO-003337,SUP-06,SKU-00003,WH-NSW,2026-06-09,2026-06-13,2026-06-13,190.0,190.0,5.99,Received
PO-003338,SUP-02,SKU-00008,WH-NSW,2026-06-09,2026-06-19,2026-06-18,183.0,183.0,1.67,Received
PO-003339,SUP-07,SKU-00022,WH-NSW,2026-06-09,2026-06-17,2026-06-15,146.0,146.0,3.85,Received
PO-003340,SUP-01,SKU-00015,WH-QLD,2026-06-09,2026-06-13,2026-06-16,98.0,98.0,2.27,Late
PO-003341,SUP-01,SKU-00015,WH-VIC,2026-06-09,2026-06-13,2026-06-13,214.0,214.0,2.27,Received
PO-003342,SUP-02,SKU-00018,WH-VIC,2026-06-09,2026-06-19,2026-06-19,313.0,313.0,2.32,Received
PO-003343,SUP-06,SKU-00009,WH-NSW,2026-06-10,2026-06-14,2026-06-15,176.0,176.0,4.65,Late
PO-003344,SUP-03,SKU-00010,WH-NSW,2026-06-10,2026-06-29,2026-06-27,158.0,158.0,4.29,Received
PO-003345,SUP-07,SKU-00006,WH-QLD,2026-06-10,2026-06-18,2026-06-18,153.0,153.0,4.07,Received
PO-003346,SUP-05,SKU-00007,WH-QLD,2026-06-10,2026-06-19,2026-06-17,351.0,351.0,2.62,Received
PO-003347,SUP-06,SKU-00019,WH-QLD,2026-06-10,2026-06-14,2026-06-15,221.0,221.0,5.36,Late
PO-003348,SUP-06,SKU-00009,WH-VIC,2026-06-10,2026-06-14,2026-06-14,102.0,102.0,4.65,Received
PO-003349,SUP-06,SKU-00003,WH-WA,2026-06-10,2026-06-14,2026-06-14,66.0,66.0,5.99,Received
PO-003350,SUP-02,SKU-00014,WH-WA,2026-06-10,2026-06-20,2026-06-20,135.0,135.0,4.12,Received
PO-003351,SUP-05,SKU-00013,WH-NSW,2026-06-11,2026-06-20,2026-06-20,192.0,192.0,2.42,Received
PO-003352,SUP-01,SKU-00015,WH-NSW,2026-06-11,2026-06-15,2026-06-16,125.0,125.0,2.27,Late
PO-003353,SUP-04,SKU-00021,WH-NSW,2026-06-11,2026-06-29,2026-06-28,52.0,52.0,2.1,Received
PO-003354,SUP-06,SKU-00003,WH-QLD,2026-06-11,2026-06-15,2026-06-15,110.0,110.0,5.99,Received
PO-003355,SUP-02,SKU-00014,WH-QLD,2026-06-11,2026-06-21,2026-06-19,108.0,108.0,4.12,Received
PO-003356,SUP-02,SKU-00016,WH-QLD,2026-06-11,2026-06-30,2026-06-30,253.0,237.0,2.03,Received
PO-003357,SUP-05,SKU-00017,WH-QLD,2026-06-11,2026-06-20,2026-06-20,346.0,346.0,1.83,Received
PO-003358,SUP-02,SKU-00024,WH-VIC,2026-06-11,2026-06-21,2026-06-21,340.0,340.0,1.36,Received
PO-003359,SUP-02,SKU-00016,WH-WA,2026-06-11,2026-06-30,2026-06-30,53.0,53.0,2.03,Received
PO-003360,SUP-04,SKU-00011,WH-QLD,2026-06-12,2026-06-30,2026-06-30,99.0,99.0,5.92,Received
PO-003361,SUP-07,SKU-00012,WH-QLD,2026-06-12,2026-06-20,2026-06-18,95.0,95.0,2.93,Received
PO-003362,SUP-02,SKU-00018,WH-QLD,2026-06-12,2026-06-22,2026-06-20,302.0,302.0,2.32,Received
PO-003363,SUP-07,SKU-00022,WH-QLD,2026-06-12,2026-06-20,2026-06-22,69.0,69.0,3.85,Late
PO-003364,SUP-05,SKU-00023,WH-QLD,2026-06-12,2026-06-21,2026-06-23,284.0,284.0,2.48,Late
PO-003365,SUP-07,SKU-00006,WH-VIC,2026-06-12,2026-06-20,2026-06-18,68.0,68.0,4.07,Received
PO-003366,SUP-02,SKU-00016,WH-VIC,2026-06-12,2026-07-01,2026-07-01,68.0,68.0,2.03,Received
PO-003367,SUP-04,SKU-00005,WH-WA,2026-06-12,2026-06-30,2026-07-04,66.0,66.0,2.29,Late
PO-003368,SUP-01,SKU-00015,WH-WA,2026-06-12,2026-06-16,2026-06-14,87.0,87.0,2.27,Received
PO-003369,SUP-06,SKU-00003,WH-NSW,2026-06-13,2026-06-17,2026-06-16,188.0,188.0,5.99,Received
PO-003370,SUP-05,SKU-00023,WH-NSW,2026-06-13,2026-06-22,2026-06-22,249.0,249.0,2.48,Received
PO-003371,SUP-02,SKU-00002,WH-VIC,2026-06-13,2026-06-23,2026-06-23,419.0,419.0,2.21,Received
PO-003372,SUP-06,SKU-00003,WH-VIC,2026-06-13,2026-06-17,2026-06-17,152.0,152.0,5.99,Received
PO-003373,SUP-01,SKU-00015,WH-VIC,2026-06-13,2026-06-17,2026-06-17,217.0,217.0,2.27,Received
PO-003374,SUP-06,SKU-00019,WH-VIC,2026-06-13,2026-06-17,2026-06-17,184.0,184.0,5.36,Received
PO-003375,SUP-07,SKU-00020,WH-VIC,2026-06-13,2026-07-03,2026-07-04,302.0,302.0,5.2,Late
PO-003376,SUP-02,SKU-00002,WH-WA,2026-06-13,2026-06-23,2026-06-22,59.0,59.0,2.21,Received
PO-003377,SUP-07,SKU-00006,WH-WA,2026-06-13,2026-06-21,2026-06-20,85.0,85.0,4.07,Received
PO-003378,SUP-06,SKU-00009,WH-WA,2026-06-13,2026-06-17,2026-06-18,101.0,101.0,4.65,Late
PO-003379,SUP-07,SKU-00012,WH-WA,2026-06-13,2026-06-21,2026-06-19,57.0,57.0,2.93,Received
PO-003380,SUP-02,SKU-00016,WH-NSW,2026-06-14,2026-07-03,2026-07-02,77.0,77.0,2.03,Received
PO-003381,SUP-05,SKU-00017,WH-NSW,2026-06-14,2026-06-23,2026-06-21,189.0,189.0,1.83,Received
PO-003382,SUP-02,SKU-00018,WH-NSW,2026-06-14,2026-06-24,2026-06-24,280.0,280.0,2.32,Received
PO-003383,SUP-06,SKU-00019,WH-NSW,2026-06-14,2026-06-18,2026-06-19,181.0,181.0,5.36,Late
PO-003384,SUP-07,SKU-00020,WH-NSW,2026-06-14,2026-07-04,2026-07-03,208.0,208.0,5.2,Received
PO-003385,SUP-02,SKU-00024,WH-NSW,2026-06-14,2026-06-24,2026-06-24,216.0,216.0,1.36,Received
PO-003386,SUP-02,SKU-00008,WH-QLD,2026-06-14,2026-06-24,2026-06-25,402.0,402.0,1.67,Late
PO-003387,SUP-06,SKU-00019,WH-QLD,2026-06-14,2026-06-18,2026-06-18,188.0,188.0,5.36,Received
PO-003388,SUP-02,SKU-00008,WH-VIC,2026-06-14,2026-06-24,2026-06-24,293.0,293.0,1.67,Received
PO-003389,SUP-07,SKU-00020,WH-WA,2026-06-14,2026-07-04,2026-07-02,119.0,119.0,5.2,Received
PO-003390,SUP-02,SKU-00002,WH-NSW,2026-06-15,2026-06-25,2026-06-25,384.0,384.0,2.21,Received
PO-003391,SUP-04,SKU-00011,WH-NSW,2026-06-15,2026-07-03,2026-07-03,118.0,118.0,5.92,Received
PO-003392,SUP-06,SKU-00009,WH-QLD,2026-06-15,2026-06-19,2026-06-19,98.0,98.0,4.65,Received
PO-003393,SUP-07,SKU-00020,WH-QLD,2026-06-15,2026-07-05,2026-07-05,316.0,316.0,5.2,Received
PO-003394,SUP-04,SKU-00021,WH-VIC,2026-06-15,2026-07-03,2026-07-04,141.0,141.0,2.1,Late
PO-003395,SUP-02,SKU-00004,WH-WA,2026-06-15,2026-07-04,2026-07-04,66.0,66.0,5.29,Received
PO-003396,SUP-07,SKU-00006,WH-NSW,2026-06-16,2026-06-24,2026-06-24,113.0,113.0,4.07,Received
PO-003397,SUP-06,SKU-00009,WH-NSW,2026-06-16,2026-06-20,2026-06-20,196.0,196.0,4.65,Received
PO-003398,SUP-02,SKU-00014,WH-NSW,2026-06-16,2026-06-26,2026-06-25,319.0,319.0,4.12,Received
PO-003399,SUP-07,SKU-00006,WH-QLD,2026-06-16,2026-06-24,2026-06-24,147.0,147.0,4.07,Received
PO-003400,SUP-03,SKU-00010,WH-QLD,2026-06-16,2026-07-05,2026-07-04,215.0,215.0,4.29,Received
PO-003401,SUP-01,SKU-00015,WH-QLD,2026-06-16,2026-06-20,2026-06-19,98.0,98.0,2.27,Received
PO-003402,SUP-01,SKU-00015,WH-WA,2026-06-16,2026-06-20,2026-06-19,80.0,80.0,2.27,Received
PO-003403,SUP-02,SKU-00024,WH-WA,2026-06-16,2026-06-26,2026-06-26,59.0,59.0,1.36,Received
PO-003404,SUP-02,SKU-00004,WH-NSW,2026-06-17,2026-07-06,2026-07-06,92.0,92.0,5.29,Received
PO-003405,SUP-05,SKU-00013,WH-QLD,2026-06-17,2026-06-26,2026-06-26,436.0,436.0,2.42,Received
PO-003406,SUP-06,SKU-00009,WH-VIC,2026-06-17,2026-06-21,2026-06-21,100.0,100.0,4.65,Received
PO-003407,SUP-02,SKU-00014,WH-VIC,2026-06-17,2026-06-27,2026-06-27,279.0,200.0,4.12,Received
PO-003408,SUP-05,SKU-00017,WH-VIC,2026-06-17,2026-06-26,2026-06-30,184.0,184.0,1.83,Late
PO-003409,SUP-06,SKU-00019,WH-VIC,2026-06-17,2026-06-21,2026-06-22,143.0,143.0,5.36,Late
PO-003410,SUP-07,SKU-00022,WH-VIC,2026-06-17,2026-06-25,2026-06-25,99.0,99.0,3.85,Received
PO-003411,SUP-05,SKU-00001,WH-WA,2026-06-17,2026-06-26,2026-06-29,170.0,170.0,1.57,Late
PO-003412,SUP-06,SKU-00003,WH-WA,2026-06-17,2026-06-21,2026-06-21,69.0,69.0,5.99,Received
PO-003413,SUP-05,SKU-00013,WH-WA,2026-06-17,2026-06-26,2026-06-26,219.0,219.0,2.42,Received
PO-003414,SUP-05,SKU-00017,WH-WA,2026-06-17,2026-06-26,2026-06-25,171.0,171.0,1.83,Received
PO-003415,SUP-07,SKU-00022,WH-WA,2026-06-17,2026-06-25,2026-06-23,66.0,66.0,3.85,Received
PO-003416,SUP-04,SKU-00005,WH-NSW,2026-06-18,2026-07-06,2026-07-07,63.0,63.0,2.29,Late
PO-003417,SUP-01,SKU-00015,WH-NSW,2026-06-18,2026-06-22,2026-06-26,189.0,189.0,2.27,Late
PO-003418,SUP-07,SKU-00022,WH-NSW,2026-06-18,2026-06-26,2026-06-24,189.0,189.0,3.85,Received
PO-003419,SUP-02,SKU-00004,WH-QLD,2026-06-18,2026-07-07,2026-07-08,160.0,160.0,5.29,Late
PO-003420,SUP-04,SKU-00005,WH-QLD,2026-06-18,2026-07-06,2026-07-07,126.0,126.0,2.29,Late
PO-003421,SUP-07,SKU-00012,WH-QLD,2026-06-18,2026-06-26,2026-06-25,79.0,79.0,2.93,Received
PO-003422,SUP-02,SKU-00004,WH-VIC,2026-06-18,2026-07-07,2026-07-06,273.0,273.0,5.29,Received
PO-003423,SUP-01,SKU-00015,WH-VIC,2026-06-18,2026-06-22,2026-06-22,214.0,214.0,2.27,Received
PO-003424,SUP-06,SKU-00009,WH-WA,2026-06-18,2026-06-22,2026-06-22,136.0,136.0,4.65,Received
PO-003425,SUP-06,SKU-00019,WH-WA,2026-06-18,2026-06-22,2026-06-22,52.0,52.0,5.36,Received
PO-003426,SUP-02,SKU-00002,WH-QLD,2026-06-19,2026-06-29,2026-06-29,250.0,250.0,2.21,Received
PO-003427,SUP-06,SKU-00003,WH-QLD,2026-06-19,2026-06-23,2026-06-23,117.0,117.0,5.99,Received
PO-003428,SUP-06,SKU-00019,WH-QLD,2026-06-19,2026-06-23,2026-06-23,203.0,203.0,5.36,Received
PO-003429,SUP-07,SKU-00022,WH-QLD,2026-06-19,2026-06-27,2026-06-26,68.0,68.0,3.85,Received
PO-003430,SUP-06,SKU-00003,WH-VIC,2026-06-19,2026-06-23,2026-06-23,177.0,177.0,5.99,Received
PO-003431,SUP-04,SKU-00005,WH-VIC,2026-06-19,2026-07-07,2026-07-07,74.0,74.0,2.29,Received
PO-003432,SUP-07,SKU-00006,WH-VIC,2026-06-19,2026-06-27,2026-06-25,71.0,71.0,4.07,Received
PO-003433,SUP-03,SKU-00010,WH-VIC,2026-06-19,2026-07-08,2026-07-08,298.0,298.0,4.29,Received
PO-003434,SUP-04,SKU-00011,WH-VIC,2026-06-19,2026-07-07,2026-07-05,157.0,157.0,5.92,Received
PO-003435,SUP-02,SKU-00014,WH-WA,2026-06-19,2026-06-29,2026-06-27,133.0,133.0,4.12,Received
PO-003436,SUP-04,SKU-00021,WH-WA,2026-06-19,2026-07-07,2026-07-07,104.0,104.0,2.1,Received
PO-003437,SUP-06,SKU-00003,WH-NSW,2026-06-20,2026-06-24,2026-06-24,241.0,241.0,5.99,Received
PO-003438,SUP-06,SKU-00019,WH-NSW,2026-06-20,2026-06-24,2026-06-25,148.0,148.0,5.36,Late
PO-003439,SUP-07,SKU-00006,WH-WA,2026-06-20,2026-06-28,2026-06-26,86.0,86.0,4.07,Received
PO-003440,SUP-04,SKU-00011,WH-WA,2026-06-20,2026-07-08,2026-07-07,71.0,71.0,5.92,Received
PO-003441,SUP-05,SKU-00001,WH-NSW,2026-06-21,2026-06-30,2026-06-30,167.0,167.0,1.57,Received
PO-003442,SUP-06,SKU-00009,WH-NSW,2026-06-21,2026-06-25,2026-06-25,175.0,175.0,4.65,Received
PO-003443,SUP-07,SKU-00012,WH-NSW,2026-06-21,2026-06-29,2026-06-30,70.0,70.0,2.93,Late
PO-003444,SUP-02,SKU-00014,WH-QLD,2026-06-21,2026-07-01,2026-07-01,116.0,116.0,4.12,Received
PO-003445,SUP-04,SKU-00021,WH-QLD,2026-06-21,2026-07-09,2026-07-09,122.0,122.0,2.1,Received
PO-003446,SUP-02,SKU-00024,WH-VIC,2026-06-21,2026-07-01,2026-06-30,331.0,331.0,1.36,Received
PO-003447,SUP-03,SKU-00010,WH-WA,2026-06-21,2026-07-10,2026-07-09,141.0,141.0,4.29,Received
PO-003448,SUP-07,SKU-00012,WH-WA,2026-06-21,2026-06-29,2026-06-28,62.0,62.0,2.93,Received
PO-003449,SUP-02,SKU-00018,WH-WA,2026-06-21,2026-07-01,2026-07-01,249.0,249.0,2.32,Received
PO-003450,SUP-02,SKU-00008,WH-NSW,2026-06-22,2026-07-02,2026-07-02,206.0,206.0,1.67,Received
PO-003451,SUP-05,SKU-00001,WH-QLD,2026-06-22,2026-07-01,2026-06-29,226.0,226.0,1.57,Received
PO-003452,SUP-07,SKU-00006,WH-QLD,2026-06-22,2026-06-30,2026-07-01,144.0,144.0,4.07,Late
PO-003453,SUP-01,SKU-00015,WH-QLD,2026-06-22,2026-06-26,2026-06-27,92.0,92.0,2.27,Late
PO-003454,SUP-02,SKU-00018,WH-QLD,2026-06-22,2026-07-02,2026-07-02,330.0,330.0,2.32,Received
PO-003455,SUP-02,SKU-00018,WH-VIC,2026-06-22,2026-07-02,2026-07-02,363.0,363.0,2.32,Received
PO-003456,SUP-01,SKU-00015,WH-WA,2026-06-22,2026-06-26,2026-06-26,85.0,85.0,2.27,Received
PO-003457,SUP-07,SKU-00006,WH-NSW,2026-06-23,2026-07-01,2026-06-29,118.0,118.0,4.07,Received
PO-003458,SUP-05,SKU-00007,WH-NSW,2026-06-23,2026-07-02,2026-07-02,257.0,257.0,2.62,Received
PO-003459,SUP-06,SKU-00009,WH-QLD,2026-06-23,2026-06-27,2026-06-28,106.0,106.0,4.65,Late
PO-003460,SUP-05,SKU-00017,WH-QLD,2026-06-23,2026-07-02,2026-07-01,391.0,391.0,1.83,Received
PO-003461,SUP-05,SKU-00023,WH-QLD,2026-06-23,2026-07-02,2026-07-02,326.0,326.0,2.48,Received
PO-003462,SUP-02,SKU-00002,WH-VIC,2026-06-23,2026-07-03,2026-07-03,481.0,481.0,2.21,Received
PO-003463,SUP-06,SKU-00009,WH-VIC,2026-06-23,2026-06-27,2026-06-25,91.0,91.0,4.65,Received
PO-003464,SUP-01,SKU-00015,WH-VIC,2026-06-23,2026-06-27,2026-06-27,234.0,234.0,2.27,Received
PO-003465,SUP-02,SKU-00002,WH-WA,2026-06-23,2026-07-03,2026-07-03,53.0,53.0,2.21,Received
PO-003466,SUP-03,SKU-00010,WH-NSW,2026-06-24,2026-07-13,2026-07-13,185.0,185.0,4.29,Received
PO-003467,SUP-02,SKU-00018,WH-NSW,2026-06-24,2026-07-04,2026-07-05,233.0,233.0,2.32,Late
PO-003468,SUP-06,SKU-00019,WH-NSW,2026-06-24,2026-06-28,2026-06-28,123.0,123.0,5.36,Received
PO-003469,SUP-07,SKU-00022,WH-NSW,2026-06-24,2026-07-02,2026-07-04,151.0,151.0,3.85,Late
PO-003470,SUP-05,SKU-00007,WH-QLD,2026-06-24,2026-07-03,2026-07-05,339.0,339.0,2.62,Late
PO-003471,SUP-07,SKU-00012,WH-QLD,2026-06-24,2026-07-02,2026-07-01,77.0,77.0,2.93,Received
PO-003472,SUP-06,SKU-00019,WH-QLD,2026-06-24,2026-06-28,2026-06-30,185.0,185.0,5.36,Late
PO-003473,SUP-05,SKU-00001,WH-VIC,2026-06-24,2026-07-03,2026-07-07,327.0,327.0,1.57,Late
PO-003474,SUP-06,SKU-00019,WH-VIC,2026-06-24,2026-06-28,2026-06-28,204.0,204.0,5.36,Received
PO-003475,SUP-06,SKU-00009,WH-WA,2026-06-24,2026-06-28,2026-06-28,107.0,107.0,4.65,Received
PO-003476,SUP-05,SKU-00023,WH-WA,2026-06-24,2026-07-03,2026-07-05,113.0,113.0,2.48,Late
PO-003477,SUP-01,SKU-00015,WH-NSW,2026-06-25,2026-06-29,2026-06-28,134.0,134.0,2.27,Received
PO-003478,SUP-02,SKU-00024,WH-NSW,2026-06-25,2026-07-05,2026-07-05,208.0,208.0,1.36,Received
PO-003479,SUP-04,SKU-00011,WH-QLD,2026-06-25,2026-07-13,2026-07-13,95.0,95.0,5.92,Received
PO-003480,SUP-06,SKU-00003,WH-VIC,2026-06-25,2026-06-29,2026-06-29,162.0,162.0,5.99,Received
PO-003481,SUP-05,SKU-00013,WH-VIC,2026-06-25,2026-07-04,2026-07-07,301.0,301.0,2.42,Late
PO-003482,SUP-04,SKU-00021,WH-VIC,2026-06-25,2026-07-13,2026-07-14,134.0,134.0,2.1,Late
PO-003483,SUP-06,SKU-00003,WH-WA,2026-06-25,2026-06-29,2026-06-29,83.0,83.0,5.99,Received
PO-003484,SUP-05,SKU-00007,WH-WA,2026-06-25,2026-07-04,2026-07-04,132.0,132.0,2.62,Received
PO-003485,SUP-02,SKU-00002,WH-NSW,2026-06-26,2026-07-06,2026-07-05,319.0,319.0,2.21,Received
PO-003486,SUP-06,SKU-00009,WH-NSW,2026-06-26,2026-06-30,2026-07-01,194.0,194.0,4.65,Late
PO-003487,SUP-04,SKU-00011,WH-NSW,2026-06-26,2026-07-14,2026-07-14,109.0,109.0,5.92,Received
PO-003488,SUP-02,SKU-00014,WH-NSW,2026-06-26,2026-07-06,2026-07-08,357.0,357.0,4.12,Late
PO-003489,SUP-06,SKU-00003,WH-QLD,2026-06-26,2026-06-30,2026-06-30,120.0,120.0,5.99,Received
PO-003490,SUP-02,SKU-00008,WH-QLD,2026-06-26,2026-07-06,2026-07-06,393.0,393.0,1.67,Received
PO-003491,SUP-02,SKU-00016,WH-QLD,2026-06-26,2026-07-15,2026-07-15,261.0,261.0,2.03,Received
PO-003492,SUP-07,SKU-00022,WH-QLD,2026-06-26,2026-07-04,2026-07-07,68.0,68.0,3.85,Late
PO-003493,SUP-07,SKU-00006,WH-VIC,2026-06-26,2026-07-04,2026-07-03,70.0,70.0,4.07,Received
PO-003494,SUP-02,SKU-00024,WH-WA,2026-06-26,2026-07-06,2026-07-07,57.0,57.0,1.36,Late
PO-003495,SUP-06,SKU-00003,WH-NSW,2026-06-27,2026-07-01,2026-06-30,236.0,236.0,5.99,Received
PO-003496,SUP-05,SKU-00023,WH-NSW,2026-06-27,2026-07-06,2026-07-09,294.0,294.0,2.48,Late
PO-003497,SUP-03,SKU-00010,WH-QLD,2026-06-27,2026-07-16,2026-07-16,206.0,206.0,4.29,Received
PO-003498,SUP-02,SKU-00008,WH-VIC,2026-06-27,2026-07-07,2026-07-08,330.0,330.0,1.67,Late
PO-003499,SUP-02,SKU-00014,WH-VIC,2026-06-27,2026-07-07,2026-07-07,282.0,282.0,4.12,Received
PO-003500,SUP-01,SKU-00015,WH-VIC,2026-06-27,2026-07-01,2026-07-02,203.0,203.0,2.27,Late
PO-003501,SUP-02,SKU-00016,WH-VIC,2026-06-27,2026-07-16,2026-07-16,78.0,78.0,2.03,Received
PO-003502,SUP-07,SKU-00022,WH-VIC,2026-06-27,2026-07-05,2026-07-05,94.0,83.0,3.85,Received
PO-003503,SUP-04,SKU-00005,WH-WA,2026-06-27,2026-07-15,2026-07-16,64.0,64.0,2.29,Late
PO-003504,SUP-07,SKU-00012,WH-WA,2026-06-27,2026-07-05,2026-07-05,68.0,68.0,2.93,Received
PO-003505,SUP-02,SKU-00014,WH-WA,2026-06-27,2026-07-07,2026-07-05,128.0,128.0,4.12,Received
PO-003506,SUP-01,SKU-00015,WH-WA,2026-06-27,2026-07-01,2026-07-02,81.0,81.0,2.27,Late
PO-003507,SUP-02,SKU-00016,WH-WA,2026-06-27,2026-07-16,2026-07-16,55.0,55.0,2.03,Received
PO-003508,SUP-07,SKU-00022,WH-WA,2026-06-27,2026-07-05,2026-07-06,66.0,66.0,3.85,Late
PO-003509,SUP-02,SKU-00016,WH-NSW,2026-06-28,2026-07-17,2026-07-17,79.0,79.0,2.03,Received
PO-003510,SUP-07,SKU-00020,WH-NSW,2026-06-28,2026-07-18,2026-07-18,214.0,214.0,5.2,Received
PO-003511,SUP-04,SKU-00021,WH-NSW,2026-06-28,2026-07-16,2026-07-16,61.0,61.0,2.1,Received
PO-003512,SUP-06,SKU-00009,WH-QLD,2026-06-28,2026-07-02,2026-07-02,88.0,88.0,4.65,Received
PO-003513,SUP-05,SKU-00007,WH-VIC,2026-06-28,2026-07-07,2026-07-09,327.0,327.0,2.62,Late
PO-003514,SUP-05,SKU-00023,WH-VIC,2026-06-28,2026-07-07,2026-07-07,205.0,205.0,2.48,Received
PO-003515,SUP-07,SKU-00006,WH-WA,2026-06-28,2026-07-06,2026-07-06,89.0,89.0,4.07,Received
PO-003516,SUP-02,SKU-00002,WH-QLD,2026-06-29,2026-07-09,2026-07-09,243.0,243.0,2.21,Received
PO-003517,SUP-07,SKU-00006,WH-QLD,2026-06-29,2026-07-07,2026-07-06,190.0,190.0,4.07,Received
PO-003518,SUP-07,SKU-00012,WH-QLD,2026-06-29,2026-07-07,2026-07-05,78.0,78.0,2.93,Received
PO-003519,SUP-05,SKU-00013,WH-QLD,2026-06-29,2026-07-08,2026-07-09,424.0,424.0,2.42,Late
PO-003520,SUP-06,SKU-00019,WH-QLD,2026-06-29,2026-07-03,2026-07-03,257.0,257.0,5.36,Received
PO-003521,SUP-07,SKU-00020,WH-QLD,2026-06-29,2026-07-19,2026-07-17,273.0,273.0,5.2,Received
PO-003522,SUP-06,SKU-00009,WH-VIC,2026-06-29,2026-07-03,2026-07-02,97.0,97.0,4.65,Received
PO-003523,SUP-06,SKU-00009,WH-WA,2026-06-29,2026-07-03,2026-07-03,143.0,143.0,4.65,Received
PO-003524,SUP-06,SKU-00019,WH-WA,2026-06-29,2026-07-03,2026-07-03,63.0,63.0,5.36,Received
PO-003525,SUP-07,SKU-00006,WH-NSW,2026-06-30,2026-07-08,2026-07-08,141.0,141.0,4.07,Received
PO-003526,SUP-07,SKU-00012,WH-NSW,2026-06-30,2026-07-08,2026-07-06,51.0,51.0,2.93,Received
PO-003527,SUP-01,SKU-00015,WH-NSW,2026-06-30,2026-07-04,2026-07-04,142.0,142.0,2.27,Received
PO-003528,SUP-06,SKU-00019,WH-NSW,2026-06-30,2026-07-04,2026-07-03,177.0,177.0,5.36,Received
PO-003529,SUP-01,SKU-00015,WH-QLD,2026-06-30,2026-07-04,2026-07-04,96.0,96.0,2.27,Received
PO-003530,SUP-06,SKU-00003,WH-VIC,2026-06-30,2026-07-04,2026-07-04,164.0,164.0,5.99,Received
PO-003531,SUP-07,SKU-00020,WH-VIC,2026-06-30,2026-07-20,2026-07-19,271.0,271.0,5.2,Received
PO-003532,SUP-05,SKU-00001,WH-WA,2026-06-30,2026-07-09,2026-07-09,201.0,201.0,1.57,Received
PO-003533,SUP-07,SKU-00020,WH-WA,2026-06-30,2026-07-20,2026-07-20,125.0,125.0,5.2,Received
PO-003534,SUP-02,SKU-00004,WH-NSW,2026-07-01,2026-07-20,2026-07-20,95.0,95.0,5.29,Received
PO-003535,SUP-05,SKU-00013,WH-NSW,2026-07-01,2026-07-10,2026-07-08,194.0,194.0,2.42,Received
PO-003536,SUP-05,SKU-00017,WH-NSW,2026-07-01,2026-07-10,2026-07-09,178.0,178.0,1.83,Received
PO-003537,SUP-07,SKU-00022,WH-NSW,2026-07-01,2026-07-09,2026-07-07,159.0,159.0,3.85,Received
PO-003538,SUP-04,SKU-00005,WH-QLD,2026-07-01,2026-07-19,2026-07-20,140.0,140.0,2.29,Late
PO-003539,SUP-06,SKU-00019,WH-VIC,2026-07-01,2026-07-05,2026-07-05,195.0,195.0,5.36,Received
PO-003540,SUP-06,SKU-00003,WH-WA,2026-07-01,2026-07-05,2026-07-07,67.0,67.0,5.99,Late
PO-003541,SUP-02,SKU-00004,WH-WA,2026-07-01,2026-07-20,2026-07-20,78.0,78.0,5.29,Received
PO-003542,SUP-04,SKU-00011,WH-WA,2026-07-01,2026-07-19,2026-07-20,65.0,65.0,5.92,Late
PO-003543,SUP-06,SKU-00009,WH-NSW,2026-07-02,2026-07-06,2026-07-05,176.0,176.0,4.65,Received
PO-003544,SUP-01,SKU-00015,WH-VIC,2026-07-02,2026-07-06,2026-07-04,200.0,200.0,2.27,Received
PO-003545,SUP-02,SKU-00018,WH-VIC,2026-07-02,2026-07-12,2026-07-12,295.0,295.0,2.32,Received
PO-003546,SUP-01,SKU-00015,WH-WA,2026-07-02,2026-07-06,2026-07-06,79.0,79.0,2.27,Received
PO-003547,SUP-05,SKU-00017,WH-WA,2026-07-02,2026-07-11,2026-07-10,183.0,183.0,1.83,Received
PO-003548,SUP-02,SKU-00018,WH-WA,2026-07-02,2026-07-12,2026-07-12,244.0,244.0,2.32,Received
PO-003549,SUP-02,SKU-00014,WH-QLD,2026-07-03,2026-07-13,2026-07-14,109.0,109.0,4.12,Late
PO-003550,SUP-02,SKU-00004,WH-VIC,2026-07-03,2026-07-22,2026-07-22,316.0,316.0,5.29,Received
PO-003551,SUP-04,SKU-00005,WH-VIC,2026-07-03,2026-07-21,2026-07-22,73.0,67.0,2.29,Late
PO-003552,SUP-02,SKU-00024,WH-VIC,2026-07-03,2026-07-13,2026-07-14,333.0,333.0,1.36,Late
PO-003553,SUP-07,SKU-00012,WH-WA,2026-07-03,2026-07-11,2026-07-11,59.0,59.0,2.93,Received
PO-003554,SUP-05,SKU-00013,WH-WA,2026-07-03,2026-07-12,2026-07-13,213.0,213.0,2.42,Late
PO-003555,SUP-06,SKU-00003,WH-NSW,2026-07-04,2026-07-08,2026-07-08,233.0,233.0,5.99,Received
PO-003556,SUP-01,SKU-00015,WH-NSW,2026-07-04,2026-07-08,2026-07-06,147.0,147.0,2.27,Received
PO-003557,SUP-06,SKU-00003,WH-QLD,2026-07-04,2026-07-08,2026-07-09,126.0,126.0,5.99,Late
PO-003558,SUP-02,SKU-00004,WH-QLD,2026-07-04,2026-07-23,2026-07-23,174.0,174.0,5.29,Received
PO-003559,SUP-02,SKU-00018,WH-QLD,2026-07-04,2026-07-14,2026-07-14,324.0,324.0,2.32,Received
PO-003560,SUP-04,SKU-00021,WH-QLD,2026-07-04,2026-07-22,2026-07-22,125.0,125.0,2.1,Received
PO-003561,SUP-07,SKU-00006,WH-VIC,2026-07-04,2026-07-12,2026-07-11,74.0,74.0,4.07,Received
PO-003562,SUP-03,SKU-00010,WH-VIC,2026-07-04,2026-07-23,2026-07-23,305.0,305.0,4.29,Received
PO-003563,SUP-04,SKU-00011,WH-VIC,2026-07-04,2026-07-22,2026-07-21,128.0,128.0,5.92,Received
PO-003564,SUP-07,SKU-00006,WH-WA,2026-07-04,2026-07-12,2026-07-13,92.0,92.0,4.07,Late
PO-003565,SUP-04,SKU-00021,WH-WA,2026-07-04,2026-07-22,2026-07-26,116.0,116.0,2.1,Late
PO-003566,SUP-02,SKU-00008,WH-NSW,2026-07-05,2026-07-15,2026-07-15,182.0,182.0,1.67,Received
PO-003567,SUP-02,SKU-00024,WH-NSW,2026-07-05,2026-07-15,2026-07-14,220.0,220.0,1.36,Received
PO-003568,SUP-07,SKU-00006,WH-QLD,2026-07-05,2026-07-13,2026-07-12,162.0,162.0,4.07,Received
PO-003569,SUP-05,SKU-00007,WH-QLD,2026-07-05,2026-07-14,2026-07-12,366.0,366.0,2.62,Received
PO-003570,SUP-02,SKU-00008,WH-QLD,2026-07-05,2026-07-15,2026-07-15,415.0,415.0,1.67,Received
PO-003571,SUP-06,SKU-00009,WH-QLD,2026-07-05,2026-07-09,2026-07-09,99.0,99.0,4.65,Received
PO-003572,SUP-07,SKU-00012,WH-QLD,2026-07-05,2026-07-13,2026-07-12,92.0,92.0,2.93,Received
PO-003573,SUP-05,SKU-00017,WH-QLD,2026-07-05,2026-07-14,2026-07-15,390.0,390.0,1.83,Late
PO-003574,SUP-06,SKU-00019,WH-QLD,2026-07-05,2026-07-09,2026-07-08,265.0,265.0,5.36,Received
PO-003575,SUP-07,SKU-00022,WH-QLD,2026-07-05,2026-07-13,2026-07-12,77.0,77.0,3.85,Received
PO-003576,SUP-02,SKU-00002,WH-VIC,2026-07-05,2026-07-15,2026-07-15,442.0,442.0,2.21,Received
PO-003577,SUP-06,SKU-00009,WH-VIC,2026-07-05,2026-07-09,2026-07-11,107.0,107.0,4.65,Late
PO-003578,SUP-06,SKU-00019,WH-VIC,2026-07-05,2026-07-09,2026-07-09,151.0,122.0,5.36,Received
PO-003579,SUP-07,SKU-00022,WH-VIC,2026-07-05,2026-07-13,2026-07-12,68.0,68.0,3.85,Received
PO-003580,SUP-03,SKU-00010,WH-WA,2026-07-05,2026-07-24,2026-07-24,129.0,129.0,4.29,Received
PO-003581,SUP-05,SKU-00007,WH-NSW,2026-07-06,2026-07-15,2026-07-18,188.0,188.0,2.62,Late
PO-003582,SUP-06,SKU-00009,WH-NSW,2026-07-06,2026-07-10,2026-07-10,231.0,231.0,4.65,Received
PO-003583,SUP-03,SKU-00010,WH-NSW,2026-07-06,2026-07-25,2026-07-24,152.0,152.0,4.29,Received
PO-003584,SUP-06,SKU-00019,WH-NSW,2026-07-06,2026-07-10,2026-07-09,127.0,127.0,5.36,Received
PO-003585,SUP-01,SKU-00015,WH-QLD,2026-07-06,2026-07-10,2026-07-09,98.0,98.0,2.27,Received
PO-003586,SUP-06,SKU-00003,WH-VIC,2026-07-06,2026-07-10,2026-07-11,209.0,209.0,5.99,Late
PO-003587,SUP-06,SKU-00009,WH-WA,2026-07-06,2026-07-10,2026-07-10,177.0,177.0,4.65,Received
PO-003588,SUP-01,SKU-00015,WH-WA,2026-07-06,2026-07-10,2026-07-10,79.0,79.0,2.27,Received
PO-003589,SUP-07,SKU-00022,WH-WA,2026-07-06,2026-07-14,2026-07-15,70.0,70.0,3.85,Late
PO-003590,SUP-05,SKU-00001,WH-NSW,2026-07-07,2026-07-16,2026-07-14,168.0,168.0,1.57,Received
PO-003591,SUP-02,SKU-00002,WH-NSW,2026-07-07,2026-07-17,2026-07-16,383.0,383.0,2.21,Received
PO-003592,SUP-07,SKU-00006,WH-NSW,2026-07-07,2026-07-15,2026-07-16,124.0,124.0,4.07,Late
PO-003593,SUP-02,SKU-00018,WH-NSW,2026-07-07,2026-07-17,2026-07-17,275.0,275.0,2.32,Received
PO-003594,SUP-05,SKU-00001,WH-QLD,2026-07-07,2026-07-16,2026-07-16,227.0,227.0,1.57,Received
PO-003595,SUP-05,SKU-00023,WH-QLD,2026-07-07,2026-07-16,2026-07-17,366.0,366.0,2.48,Late
PO-003596,SUP-02,SKU-00008,WH-VIC,2026-07-07,2026-07-17,2026-07-18,284.0,284.0,1.67,Late
PO-003597,SUP-01,SKU-00015,WH-VIC,2026-07-07,2026-07-11,2026-07-12,207.0,207.0,2.27,Late
PO-003598,SUP-02,SKU-00002,WH-WA,2026-07-07,2026-07-17,2026-07-17,52.0,52.0,2.21,Received
PO-003599,SUP-06,SKU-00003,WH-WA,2026-07-07,2026-07-11,2026-07-11,73.0,73.0,5.99,Received
PO-003600,SUP-04,SKU-00005,WH-WA,2026-07-07,2026-07-25,2026-07-25,61.0,61.0,2.29,Received
PO-003601,SUP-02,SKU-00014,WH-NSW,2026-07-08,2026-07-18,2026-07-18,404.0,404.0,4.12,Received
PO-003602,SUP-07,SKU-00022,WH-NSW,2026-07-08,2026-07-16,2026-07-15,148.0,148.0,3.85,Received
PO-003603,SUP-05,SKU-00017,WH-VIC,2026-07-09,2026-07-18,2026-07-16,185.0,185.0,1.83,Received
PO-003604,SUP-04,SKU-00021,WH-VIC,2026-07-09,2026-07-27,2026-07-26,137.0,137.0,2.1,Received
PO-003605,SUP-07,SKU-00012,WH-WA,2026-07-09,2026-07-17,2026-07-17,66.0,66.0,2.93,Received
PO-003606,SUP-06,SKU-00003,WH-NSW,2026-07-10,2026-07-14,2026-07-14,211.0,211.0,5.99,Received
PO-003607,SUP-01,SKU-00015,WH-NSW,2026-07-10,2026-07-14,2026-07-14,136.0,136.0,2.27,Received
PO-003608,SUP-02,SKU-00002,WH-QLD,2026-07-10,2026-07-20,2026-07-19,260.0,260.0,2.21,Received
PO-003609,SUP-04,SKU-00011,WH-QLD,2026-07-10,2026-07-28,2026-07-30,90.0,90.0,5.92,Late
PO-003610,SUP-02,SKU-00016,WH-QLD,2026-07-10,2026-07-29,2026-07-29,255.0,255.0,2.03,Received
PO-003611,SUP-07,SKU-00022,WH-QLD,2026-07-10,2026-07-18,2026-07-18,66.0,66.0,3.85,Received
PO-003612,SUP-02,SKU-00014,WH-VIC,2026-07-10,2026-07-20,2026-07-21,279.0,279.0,4.12,Late
PO-003613,SUP-02,SKU-00014,WH-WA,2026-07-10,2026-07-20,2026-07-21,142.0,142.0,4.12,Late
PO-003614,SUP-02,SKU-00016,WH-WA,2026-07-10,2026-07-29,2026-07-29,55.0,55.0,2.03,Received
PO-003615,SUP-06,SKU-00019,WH-WA,2026-07-10,2026-07-14,2026-07-14,55.0,55.0,5.36,Received
PO-003616,SUP-02,SKU-00024,WH-WA,2026-07-10,2026-07-20,2026-07-20,55.0,55.0,1.36,Received
PO-003617,SUP-06,SKU-00009,WH-NSW,2026-07-11,2026-07-15,2026-07-15,162.0,162.0,4.65,Received
PO-003618,SUP-04,SKU-00011,WH-NSW,2026-07-11,2026-07-29,2026-07-31,123.0,123.0,5.92,Late
PO-003619,SUP-06,SKU-00019,WH-NSW,2026-07-11,2026-07-15,2026-07-15,144.0,144.0,5.36,Received
PO-003620,SUP-06,SKU-00003,WH-QLD,2026-07-11,2026-07-15,2026-07-15,125.0,125.0,5.99,Received
PO-003621,SUP-07,SKU-00006,WH-QLD,2026-07-11,2026-07-19,2026-07-19,147.0,147.0,4.07,Received
PO-003622,SUP-07,SKU-00012,WH-QLD,2026-07-11,2026-07-19,2026-07-23,88.0,88.0,2.93,Late
PO-003623,SUP-06,SKU-00019,WH-QLD,2026-07-11,2026-07-15,2026-07-15,204.0,204.0,5.36,Received
PO-003624,SUP-02,SKU-00016,WH-VIC,2026-07-11,2026-07-30,2026-07-30,75.0,75.0,2.03,Received
PO-003625,SUP-06,SKU-00019,WH-VIC,2026-07-11,2026-07-15,2026-07-16,207.0,207.0,5.36,Late
PO-003626,SUP-07,SKU-00006,WH-WA,2026-07-11,2026-07-19,2026-07-18,84.0,84.0,4.07,Received
PO-003627,SUP-04,SKU-00005,WH-NSW,2026-07-12,2026-07-30,2026-07-30,61.0,61.0,2.29,Received
PO-003628,SUP-02,SKU-00016,WH-NSW,2026-07-12,2026-07-31,2026-07-31,86.0,86.0,2.03,Received
PO-003629,SUP-05,SKU-00023,WH-NSW,2026-07-12,2026-07-21,2026-07-21,257.0,257.0,2.48,Received
PO-003630,SUP-06,SKU-00009,WH-QLD,2026-07-12,2026-07-16,2026-07-15,92.0,92.0,4.65,Received
PO-003631,SUP-07,SKU-00020,WH-QLD,2026-07-12,2026-07-31,2026-07-31,301.0,301.0,5.2,Received
PO-003632,SUP-06,SKU-00003,WH-VIC,2026-07-12,2026-07-16,2026-07-16,207.0,207.0,5.99,Received
PO-003633,SUP-07,SKU-00006,WH-VIC,2026-07-12,2026-07-20,2026-07-22,103.0,103.0,4.07,Late
PO-003634,SUP-06,SKU-00009,WH-VIC,2026-07-12,2026-07-16,2026-07-17,95.0,95.0,4.65,Late
PO-003635,SUP-01,SKU-00015,WH-VIC,2026-07-12,2026-07-16,2026-07-16,270.0,270.0,2.27,Received
PO-003636,SUP-02,SKU-00018,WH-VIC,2026-07-12,2026-07-22,2026-07-22,284.0,284.0,2.32,Received
PO-003637,SUP-05,SKU-00007,WH-WA,2026-07-12,2026-07-21,2026-07-23,136.0,136.0,2.62,Late
PO-003638,SUP-06,SKU-00009,WH-WA,2026-07-12,2026-07-16,2026-07-16,160.0,160.0,4.65,Received
PO-003639,SUP-07,SKU-00006,WH-NSW,2026-07-13,2026-07-21,2026-07-19,110.0,110.0,4.07,Received
PO-003640,SUP-07,SKU-00012,WH-NSW,2026-07-13,2026-07-21,2026-07-22,64.0,64.0,2.93,Late
PO-003641,SUP-07,SKU-00020,WH-NSW,2026-07-13,2026-07-31,2026-07-31,219.0,219.0,5.2,Received
PO-003642,SUP-03,SKU-00010,WH-QLD,2026-07-13,2026-07-31,2026-07-31,226.0,226.0,4.29,Received
PO-003643,SUP-05,SKU-00013,WH-QLD,2026-07-13,2026-07-22,2026-07-22,422.0,422.0,2.42,Received
PO-003644,SUP-01,SKU-00015,WH-QLD,2026-07-13,2026-07-17,2026-07-16,98.0,98.0,2.27,Received
PO-003645,SUP-02,SKU-00024,WH-VIC,2026-07-13,2026-07-23,2026-07-23,332.0,332.0,1.36,Received
PO-003646,SUP-01,SKU-00015,WH-WA,2026-07-13,2026-07-17,2026-07-17,94.0,94.0,2.27,Received
PO-003647,SUP-05,SKU-00023,WH-WA,2026-07-13,2026-07-22,2026-07-22,113.0,113.0,2.48,Received
PO-003648,SUP-02,SKU-00004,WH-NSW,2026-07-14,2026-07-31,2026-07-31,92.0,92.0,5.29,Received
PO-003649,SUP-02,SKU-00014,WH-QLD,2026-07-14,2026-07-24,2026-07-22,109.0,109.0,4.12,Received
PO-003650,SUP-02,SKU-00018,WH-QLD,2026-07-14,2026-07-24,2026-07-24,298.0,298.0,2.32,Received
PO-003651,SUP-05,SKU-00001,WH-VIC,2026-07-14,2026-07-23,2026-07-23,326.0,326.0,1.57,Received
PO-003652,SUP-02,SKU-00002,WH-VIC,2026-07-14,2026-07-24,2026-07-24,433.0,433.0,2.21,Received
PO-003653,SUP-05,SKU-00013,WH-VIC,2026-07-14,2026-07-23,2026-07-23,261.0,261.0,2.42,Received
PO-003654,SUP-07,SKU-00020,WH-VIC,2026-07-14,2026-07-31,2026-07-31,255.0,255.0,5.2,Received
PO-003655,SUP-07,SKU-00022,WH-VIC,2026-07-14,2026-07-22,2026-07-24,69.0,69.0,3.85,Late
PO-003656,SUP-05,SKU-00001,WH-WA,2026-07-14,2026-07-23,2026-07-23,177.0,177.0,1.57,Received
PO-003657,SUP-06,SKU-00019,WH-NSW,2026-07-15,2026-07-19,2026-07-18,125.0,125.0,5.36,Received
PO-003658,SUP-04,SKU-00021,WH-NSW,2026-07-15,2026-07-31,2026-07-31,54.0,54.0,2.1,Received
PO-003659,SUP-07,SKU-00022,WH-NSW,2026-07-15,2026-07-23,2026-07-23,153.0,153.0,3.85,Received
PO-003660,SUP-06,SKU-00019,WH-QLD,2026-07-15,2026-07-19,2026-07-19,208.0,208.0,5.36,Received
PO-003661,SUP-04,SKU-00011,WH-VIC,2026-07-15,2026-07-31,2026-07-31,133.0,133.0,5.92,Received
PO-003662,SUP-06,SKU-00003,WH-WA,2026-07-15,2026-07-19,2026-07-19,69.0,69.0,5.99,Received
PO-003663,SUP-04,SKU-00011,WH-WA,2026-07-15,2026-07-31,2026-07-31,68.0,68.0,5.92,Received
PO-003664,SUP-02,SKU-00018,WH-WA,2026-07-15,2026-07-25,2026-07-25,198.0,198.0,2.32,Received
PO-003665,SUP-07,SKU-00020,WH-WA,2026-07-15,2026-07-31,2026-07-31,122.0,122.0,5.2,Received
PO-003666,SUP-06,SKU-00003,WH-NSW,2026-07-16,2026-07-20,2026-07-20,169.0,169.0,5.99,Received
PO-003667,SUP-06,SKU-00009,WH-NSW,2026-07-16,2026-07-20,2026-07-20,187.0,187.0,4.65,Received
PO-003668,SUP-02,SKU-00024,WH-NSW,2026-07-16,2026-07-26,2026-07-26,213.0,213.0,1.36,Received
PO-003669,SUP-04,SKU-00005,WH-QLD,2026-07-16,2026-07-31,2026-07-31,132.0,132.0,2.29,Received
PO-003670,SUP-05,SKU-00007,WH-QLD,2026-07-16,2026-07-25,2026-07-24,336.0,336.0,2.62,Received
PO-003671,SUP-03,SKU-00010,WH-WA,2026-07-16,2026-07-31,2026-07-31,139.0,139.0,4.29,Received
PO-003672,SUP-05,SKU-00013,WH-WA,2026-07-16,2026-07-25,2026-07-26,180.0,180.0,2.42,Late
PO-003673,SUP-07,SKU-00022,WH-WA,2026-07-16,2026-07-24,2026-07-24,68.0,68.0,3.85,Received
PO-003674,SUP-02,SKU-00002,WH-NSW,2026-07-17,2026-07-27,2026-07-27,347.0,347.0,2.21,Received
PO-003675,SUP-01,SKU-00015,WH-NSW,2026-07-17,2026-07-21,2026-07-21,186.0,186.0,2.27,Received
PO-003676,SUP-02,SKU-00018,WH-NSW,2026-07-17,2026-07-27,2026-07-26,245.0,245.0,2.32,Received
PO-003677,SUP-07,SKU-00012,WH-QLD,2026-07-17,2026-07-25,2026-07-27,89.0,89.0,2.93,Late
PO-003678,SUP-04,SKU-00021,WH-QLD,2026-07-17,2026-07-31,2026-07-31,123.0,123.0,2.1,Received
PO-003679,SUP-03,SKU-00010,WH-VIC,2026-07-17,2026-07-31,2026-07-31,281.0,281.0,4.29,Received
PO-003680,SUP-02,SKU-00008,WH-NSW,2026-07-18,2026-07-28,2026-07-30,191.0,134.0,1.67,Late
PO-003681,SUP-02,SKU-00004,WH-QLD,2026-07-18,2026-07-31,2026-07-31,157.0,157.0,5.29,Received
PO-003682,SUP-07,SKU-00006,WH-QLD,2026-07-18,2026-07-26,2026-07-27,154.0,154.0,4.07,Late
PO-003683,SUP-02,SKU-00008,WH-QLD,2026-07-18,2026-07-28,2026-07-28,480.0,480.0,1.67,Received
PO-003684,SUP-05,SKU-00017,WH-QLD,2026-07-18,2026-07-27,2026-07-30,412.0,412.0,1.83,Late
PO-003685,SUP-07,SKU-00022,WH-QLD,2026-07-18,2026-07-26,2026-07-26,81.0,81.0,3.85,Received
PO-003686,SUP-02,SKU-00004,WH-VIC,2026-07-18,2026-07-31,2026-07-31,295.0,295.0,5.29,Received
PO-003687,SUP-05,SKU-00007,WH-VIC,2026-07-18,2026-07-27,2026-07-27,344.0,344.0,2.62,Received
PO-003688,SUP-01,SKU-00015,WH-VIC,2026-07-18,2026-07-22,2026-07-23,295.0,295.0,2.27,Late
PO-003689,SUP-06,SKU-00019,WH-VIC,2026-07-18,2026-07-22,2026-07-22,139.0,139.0,5.36,Received
PO-003690,SUP-05,SKU-00023,WH-VIC,2026-07-18,2026-07-27,2026-07-29,195.0,195.0,2.48,Late
PO-003691,SUP-07,SKU-00012,WH-WA,2026-07-18,2026-07-26,2026-07-28,58.0,58.0,2.93,Late
PO-003692,SUP-01,SKU-00015,WH-WA,2026-07-18,2026-07-22,2026-07-23,76.0,76.0,2.27,Late
PO-003693,SUP-05,SKU-00017,WH-WA,2026-07-18,2026-07-27,2026-07-26,183.0,183.0,1.83,Received
PO-003694,SUP-04,SKU-00021,WH-WA,2026-07-18,2026-07-31,2026-07-31,119.0,119.0,2.1,Received
PO-003695,SUP-02,SKU-00002,WH-QLD,2026-07-19,2026-07-29,2026-07-30,230.0,230.0,2.21,Late
PO-003696,SUP-06,SKU-00003,WH-QLD,2026-07-19,2026-07-23,2026-07-22,127.0,127.0,5.99,Received
PO-003697,SUP-06,SKU-00009,WH-QLD,2026-07-19,2026-07-23,2026-07-23,98.0,98.0,4.65,Received
PO-003698,SUP-06,SKU-00003,WH-VIC,2026-07-19,2026-07-23,2026-07-23,208.0,208.0,5.99,Received
PO-003699,SUP-07,SKU-00006,WH-VIC,2026-07-19,2026-07-27,2026-07-27,69.0,69.0,4.07,Received
PO-003700,SUP-02,SKU-00008,WH-VIC,2026-07-19,2026-07-29,2026-07-29,370.0,370.0,1.67,Received
PO-003701,SUP-06,SKU-00009,WH-VIC,2026-07-19,2026-07-23,2026-07-23,96.0,96.0,4.65,Received
PO-003702,SUP-02,SKU-00014,WH-VIC,2026-07-19,2026-07-29,2026-07-29,287.0,287.0,4.12,Received
PO-003703,SUP-02,SKU-00004,WH-WA,2026-07-19,2026-07-31,2026-07-31,71.0,71.0,5.29,Received
PO-003704,SUP-07,SKU-00006,WH-WA,2026-07-19,2026-07-27,2026-07-29,86.0,86.0,4.07,Late
PO-003705,SUP-06,SKU-00009,WH-WA,2026-07-19,2026-07-23,2026-07-23,141.0,141.0,4.65,Received
PO-003706,SUP-02,SKU-00014,WH-WA,2026-07-19,2026-07-29,2026-07-29,135.0,135.0,4.12,Received
PO-003707,SUP-06,SKU-00003,WH-NSW,2026-07-20,2026-07-24,2026-07-25,170.0,170.0,5.99,Late
PO-003708,SUP-05,SKU-00013,WH-NSW,2026-07-20,2026-07-29,2026-07-27,207.0,207.0,2.42,Received
PO-003709,SUP-02,SKU-00014,WH-NSW,2026-07-20,2026-07-30,2026-07-30,317.0,317.0,4.12,Received
PO-003710,SUP-05,SKU-00017,WH-NSW,2026-07-20,2026-07-29,2026-07-30,178.0,178.0,1.83,Late
PO-003711,SUP-04,SKU-00005,WH-VIC,2026-07-20,2026-07-31,2026-07-31,69.0,69.0,2.29,Received
PO-003712,SUP-07,SKU-00022,WH-VIC,2026-07-20,2026-07-28,2026-07-29,75.0,75.0,3.85,Late
PO-003713,SUP-04,SKU-00005,WH-WA,2026-07-20,2026-07-31,2026-07-31,68.0,68.0,2.29,Received
PO-003714,SUP-06,SKU-00019,WH-WA,2026-07-20,2026-07-24,2026-07-24,66.0,66.0,5.36,Received
PO-003715,SUP-06,SKU-00019,WH-NSW,2026-07-21,2026-07-25,2026-07-26,168.0,168.0,5.36,Late
PO-003716,SUP-01,SKU-00015,WH-QLD,2026-07-21,2026-07-25,2026-07-27,109.0,109.0,2.27,Late
PO-003717,SUP-04,SKU-00021,WH-VIC,2026-07-21,2026-07-31,2026-07-31,143.0,143.0,2.1,Received
PO-003718,SUP-02,SKU-00002,WH-WA,2026-07-21,2026-07-31,2026-07-30,54.0,54.0,2.21,Received
PO-003719,SUP-06,SKU-00009,WH-NSW,2026-07-22,2026-07-26,2026-07-26,196.0,196.0,4.65,Received
PO-003720,SUP-03,SKU-00010,WH-NSW,2026-07-22,2026-07-31,2026-07-31,167.0,167.0,4.29,Received
PO-003721,SUP-07,SKU-00012,WH-NSW,2026-07-22,2026-07-30,2026-07-31,55.0,55.0,2.93,Late
PO-003722,SUP-07,SKU-00022,WH-NSW,2026-07-22,2026-07-30,2026-07-29,147.0,109.0,3.85,Received
PO-003723,SUP-06,SKU-00019,WH-QLD,2026-07-22,2026-07-26,2026-07-26,266.0,266.0,5.36,Received
PO-003724,SUP-06,SKU-00019,WH-VIC,2026-07-22,2026-07-26,2026-07-26,157.0,157.0,5.36,Received
PO-003725,SUP-06,SKU-00003,WH-WA,2026-07-22,2026-07-26,2026-07-25,81.0,81.0,5.99,Received
PO-003726,SUP-01,SKU-00015,WH-WA,2026-07-22,2026-07-26,2026-07-26,83.0,83.0,2.27,Received
PO-003727,SUP-02,SKU-00016,WH-WA,2026-07-22,2026-07-31,2026-07-31,52.0,52.0,2.03,Received
PO-003728,SUP-07,SKU-00006,WH-NSW,2026-07-23,2026-07-31,2026-07-31,154.0,154.0,4.07,Received
PO-003729,SUP-05,SKU-00001,WH-QLD,2026-07-23,2026-07-31,2026-07-31,220.0,220.0,1.57,Received
PO-003730,SUP-07,SKU-00012,WH-QLD,2026-07-23,2026-07-31,2026-07-31,89.0,89.0,2.93,Received
PO-003731,SUP-05,SKU-00023,WH-QLD,2026-07-23,2026-07-31,2026-07-31,292.0,292.0,2.48,Received
PO-003732,SUP-02,SKU-00016,WH-VIC,2026-07-23,2026-07-31,2026-07-31,67.0,67.0,2.03,Received
PO-003733,SUP-05,SKU-00001,WH-NSW,2026-07-24,2026-07-31,2026-07-31,167.0,167.0,1.57,Received
PO-003734,SUP-01,SKU-00015,WH-NSW,2026-07-24,2026-07-28,2026-07-28,145.0,145.0,2.27,Received
PO-003735,SUP-07,SKU-00006,WH-QLD,2026-07-24,2026-07-31,2026-07-31,154.0,154.0,4.07,Received
PO-003736,SUP-02,SKU-00018,WH-QLD,2026-07-24,2026-07-31,2026-07-31,309.0,309.0,2.32,Received
PO-003737,SUP-07,SKU-00022,WH-QLD,2026-07-24,2026-07-31,2026-07-31,64.0,64.0,3.85,Received
PO-003738,SUP-02,SKU-00024,WH-VIC,2026-07-24,2026-07-31,2026-07-31,328.0,328.0,1.36,Received
PO-003739,SUP-02,SKU-00024,WH-WA,2026-07-24,2026-07-31,2026-07-31,62.0,62.0,1.36,Received
PO-003740,SUP-05,SKU-00013,WH-QLD,2026-07-25,2026-07-31,2026-07-31,418.0,418.0,2.42,Received
PO-003741,SUP-02,SKU-00016,WH-QLD,2026-07-25,2026-07-31,2026-07-31,246.0,246.0,2.03,Received
PO-003742,SUP-06,SKU-00003,WH-VIC,2026-07-25,2026-07-29,2026-07-28,164.0,142.0,5.99,Received
PO-003743,SUP-07,SKU-00006,WH-VIC,2026-07-25,2026-07-31,2026-07-31,68.0,68.0,4.07,Received
PO-003744,SUP-01,SKU-00015,WH-VIC,2026-07-25,2026-07-29,2026-07-28,287.0,287.0,2.27,Received
PO-003745,SUP-02,SKU-00018,WH-VIC,2026-07-25,2026-07-31,2026-07-31,358.0,358.0,2.32,Received
PO-003746,SUP-07,SKU-00006,WH-WA,2026-07-25,2026-07-31,2026-07-31,88.0,88.0,4.07,Received
PO-003747,SUP-06,SKU-00003,WH-NSW,2026-07-26,2026-07-30,2026-07-30,224.0,224.0,5.99,Received
PO-003748,SUP-05,SKU-00007,WH-NSW,2026-07-26,2026-07-31,2026-07-31,259.0,259.0,2.62,Received
PO-003749,SUP-06,SKU-00009,WH-NSW,2026-07-26,2026-07-30,2026-07-29,160.0,160.0,4.65,Received
PO-003750,SUP-02,SKU-00024,WH-NSW,2026-07-26,2026-07-31,2026-07-31,212.0,212.0,1.36,Received
PO-003751,SUP-06,SKU-00003,WH-QLD,2026-07-26,2026-07-30,2026-07-30,113.0,113.0,5.99,Received
PO-003752,SUP-06,SKU-00009,WH-QLD,2026-07-26,2026-07-30,2026-07-30,94.0,94.0,4.65,Received
PO-003753,SUP-04,SKU-00011,WH-QLD,2026-07-26,2026-07-31,2026-07-31,92.0,92.0,5.92,Received
PO-003754,SUP-02,SKU-00002,WH-VIC,2026-07-26,2026-07-31,2026-07-31,434.0,434.0,2.21,Received
PO-003755,SUP-06,SKU-00009,WH-VIC,2026-07-26,2026-07-30,2026-07-30,105.0,105.0,4.65,Received
PO-003756,SUP-07,SKU-00012,WH-WA,2026-07-26,2026-07-31,2026-07-31,82.0,82.0,2.93,Received
PO-003757,SUP-01,SKU-00015,WH-WA,2026-07-26,2026-07-30,2026-07-29,81.0,81.0,2.27,Received
PO-003758,SUP-02,SKU-00018,WH-WA,2026-07-26,2026-07-31,2026-07-31,232.0,232.0,2.32,Received
PO-003759,SUP-07,SKU-00022,WH-WA,2026-07-26,2026-07-31,2026-07-31,73.0,73.0,3.85,Received
PO-003760,SUP-02,SKU-00016,WH-NSW,2026-07-27,2026-07-31,2026-07-31,80.0,80.0,2.03,Received
PO-003761,SUP-06,SKU-00019,WH-NSW,2026-07-27,2026-07-31,2026-07-31,127.0,127.0,5.36,Received
PO-003762,SUP-07,SKU-00020,WH-NSW,2026-07-27,2026-07-31,2026-07-31,222.0,222.0,5.2,Received
PO-003763,SUP-03,SKU-00010,WH-QLD,2026-07-27,2026-07-31,2026-07-31,224.0,224.0,4.29,Received
PO-003764,SUP-02,SKU-00014,WH-QLD,2026-07-27,2026-07-31,2026-07-31,115.0,115.0,4.12,Received
PO-003765,SUP-07,SKU-00020,WH-QLD,2026-07-27,2026-07-31,2026-07-31,326.0,326.0,5.2,Received
PO-003766,SUP-04,SKU-00021,WH-QLD,2026-07-27,2026-07-31,2026-07-31,128.0,128.0,2.1,Received
PO-003767,SUP-07,SKU-00020,WH-VIC,2026-07-27,2026-07-31,2026-07-31,272.0,272.0,5.2,Received
PO-003768,SUP-06,SKU-00009,WH-WA,2026-07-27,2026-07-31,2026-07-31,106.0,106.0,4.65,Received
PO-003769,SUP-04,SKU-00011,WH-NSW,2026-07-28,2026-07-31,2026-07-31,129.0,129.0,5.92,Received
PO-003770,SUP-01,SKU-00015,WH-NSW,2026-07-28,2026-07-31,2026-07-31,181.0,181.0,2.27,Received
PO-003771,SUP-02,SKU-00018,WH-NSW,2026-07-28,2026-07-31,2026-07-31,279.0,279.0,2.32,Received
PO-003772,SUP-04,SKU-00005,WH-QLD,2026-07-28,2026-07-31,2026-07-31,143.0,143.0,2.29,Received
PO-003773,SUP-06,SKU-00019,WH-QLD,2026-07-28,2026-07-31,2026-07-31,187.0,187.0,5.36,Received
PO-003774,SUP-06,SKU-00003,WH-WA,2026-07-28,2026-07-31,2026-07-31,75.0,75.0,5.99,Received
PO-003775,SUP-04,SKU-00011,WH-WA,2026-07-28,2026-07-31,2026-07-31,65.0,65.0,5.92,Received
PO-003776,SUP-02,SKU-00002,WH-NSW,2026-07-29,2026-07-31,2026-07-31,375.0,375.0,2.21,Received
PO-003777,SUP-05,SKU-00023,WH-NSW,2026-07-29,2026-07-31,2026-07-31,309.0,309.0,2.48,Received
PO-003778,SUP-02,SKU-00008,WH-QLD,2026-07-29,2026-07-31,2026-07-31,407.0,407.0,1.67,Received
PO-003779,SUP-01,SKU-00015,WH-QLD,2026-07-29,2026-07-31,2026-07-31,113.0,113.0,2.27,Received
PO-003780,SUP-06,SKU-00003,WH-VIC,2026-07-29,2026-07-31,2026-07-31,139.0,139.0,5.99,Received
PO-003781,SUP-04,SKU-00011,WH-VIC,2026-07-29,2026-07-31,2026-07-31,131.0,131.0,5.92,Received
PO-003782,SUP-05,SKU-00013,WH-VIC,2026-07-29,2026-07-31,2026-07-31,260.0,260.0,2.42,Received
PO-003783,SUP-06,SKU-00019,WH-VIC,2026-07-29,2026-07-31,2026-07-31,202.0,202.0,5.36,Received
PO-003784,SUP-07,SKU-00022,WH-VIC,2026-07-29,2026-07-31,2026-07-31,96.0,96.0,3.85,Received
PO-003785,SUP-05,SKU-00001,WH-WA,2026-07-29,2026-07-31,2026-07-31,192.0,192.0,1.57,Received
PO-003786,SUP-06,SKU-00019,WH-WA,2026-07-29,2026-07-31,2026-07-31,57.0,57.0,5.36,Received
PO-003787,SUP-07,SKU-00020,WH-WA,2026-07-29,2026-07-31,2026-07-31,119.0,119.0,5.2,Received
PO-003788,SUP-02,SKU-00004,WH-NSW,2026-07-30,2026-07-31,2026-07-31,94.0,94.0,5.29,Received
PO-003789,SUP-07,SKU-00006,WH-NSW,2026-07-30,2026-07-31,2026-07-31,112.0,112.0,4.07,Received
PO-003790,SUP-02,SKU-00014,WH-NSW,2026-07-30,2026-07-31,2026-07-31,353.0,353.0,4.12,Received
PO-003791,SUP-07,SKU-00022,WH-NSW,2026-07-30,2026-07-31,2026-07-31,148.0,148.0,3.85,Received
PO-003792,SUP-02,SKU-00002,WH-QLD,2026-07-30,2026-07-31,2026-07-31,255.0,255.0,2.21,Received
PO-003793,SUP-07,SKU-00006,WH-QLD,2026-07-30,2026-07-31,2026-07-31,146.0,146.0,4.07,Received
PO-003794,SUP-07,SKU-00022,WH-QLD,2026-07-30,2026-07-31,2026-07-31,55.0,43.0,3.85,Received
PO-003795,SUP-02,SKU-00014,WH-VIC,2026-07-30,2026-07-31,2026-07-31,284.0,284.0,4.12,Received
PO-003796,SUP-03,SKU-00010,WH-WA,2026-07-30,2026-07-31,2026-07-31,139.0,139.0,4.29,Received
PO-003797,SUP-05,SKU-00013,WH-WA,2026-07-30,2026-07-31,2026-07-31,214.0,214.0,2.42,Received
PO-003798,SUP-02,SKU-00014,WH-WA,2026-07-30,2026-07-31,2026-07-31,129.0,129.0,4.12,Received
PO-003799,SUP-02,SKU-00008,WH-NSW,2026-07-31,2026-07-31,2026-07-31,191.0,191.0,1.67,Received
PO-003800,SUP-06,SKU-00019,WH-NSW,2026-07-31,2026-07-31,2026-07-31,146.0,146.0,5.36,Received
PO-003801,SUP-04,SKU-00021,WH-NSW,2026-07-31,2026-07-31,2026-07-31,62.0,62.0,2.1,Received
PO-003802,SUP-07,SKU-00006,WH-VIC,2026-07-31,2026-07-31,2026-07-31,70.0,70.0,4.07,Received
PO-003803,SUP-02,SKU-00008,WH-VIC,2026-07-31,2026-07-31,2026-07-31,365.0,365.0,1.67,Received
PO-003804,SUP-01,SKU-00015,WH-VIC,2026-07-31,2026-07-31,2026-07-31,194.0,194.0,2.27,Received
PO-003805,SUP-02,SKU-00002,WH-WA,2026-07-31,2026-07-31,2026-07-31,53.0,53.0,2.21,Received
PO-003806,SUP-05,SKU-00007,WH-WA,2026-07-31,2026-07-31,2026-07-31,136.0,136.0,2.62,Received
PO-003807,SUP-04,SKU-00021,WH-WA,2026-07-31,2026-07-31,2026-07-31,100.0,100.0,2.1,Received
PO-003808,SUP-05,SKU-00023,WH-WA,2026-07-31,2026-07-31,2026-07-31,110.0,110.0,2.48,Received
PO-900001,SUP-07,SKU-99999,WH-VIC,2025-06-28,2025-07-06,2025-07-09,500.0,500.0,4.2,Received
