store_id,sku_id,category,region,store_format,week,units_sold,revenue,promo_flag,unit_price,avg_temp_c,precipitation_mm,holiday_count,week_of_year,month,week_sin,week_cos,lag_1,lag_2,lag_4,rolling_mean_4,rolling_std_4,store_format_enc,category_enc,combo_mean_hist,forecast_units_advanced,forecast_units_baseline
STR-01,SKU-00001,Beverages,VIC,Metro,2026-06-08,66,212.52,False,3.22,8.614285714285714,2.6,1.0,24,6,0.23931566428755768,-0.970941817426052,65.0,76.0,84.0,74.25,7.932002689527235,1.0,0.0,105.3913043478261,71.80669651548807,74.25
STR-01,SKU-00001,Beverages,VIC,Metro,2026-06-15,58,186.76,False,3.22,7.214285714285714,3.1714285714285713,0.0,25,6,0.12053668025532308,-0.992708874098054,66.0,65.0,72.0,69.75,5.188127472091187,1.0,0.0,105.3913043478261,65.39289742866292,69.75
STR-01,SKU-00001,Beverages,VIC,Metro,2026-06-22,55,177.10000000000002,False,3.22,7.257142857142857,2.6571428571428575,0.0,26,6,-3.216245299353273e-16,-1.0,58.0,66.0,76.0,66.25,7.410578025138612,1.0,0.0,105.3913043478261,61.508107576331355,66.25
STR-01,SKU-00001,Beverages,VIC,Metro,2026-06-29,56,180.32,False,3.22,7.6000000000000005,2.8857142857142857,0.0,27,6,-0.12053668025532283,-0.992708874098054,55.0,58.0,65.0,61.0,5.354126134736395,1.0,0.0,105.3913043478261,59.1461647276307,61.0
STR-01,SKU-00001,Beverages,VIC,Metro,2026-07-06,51,164.22,False,3.22,6.385714285714286,2.3714285714285714,0.0,28,7,-0.23931566428755743,-0.9709418174260521,56.0,55.0,66.0,58.75,4.991659710624041,1.0,0.0,105.3913043478261,57.848140467781604,58.75
STR-01,SKU-00001,Beverages,VIC,Metro,2026-07-13,54,173.88,False,3.22,6.971428571428571,1.9000000000000001,0.0,29,7,-0.3546048870425356,-0.9350162426854148,51.0,56.0,58.0,55.0,2.943920288776056,1.0,0.0,105.3913043478261,54.16493884401814,55.0
STR-01,SKU-00001,Beverages,VIC,Metro,2026-07-20,59,189.98000000000002,False,3.22,6.814285714285715,1.8,0.0,30,7,-0.46472317204376806,-0.8854560256532101,54.0,51.0,55.0,54.0,2.1602468994694326,1.0,0.0,105.3913043478261,56.4613390565964,54.0
STR-01,SKU-00001,Beverages,VIC,Metro,2026-07-27,36,115.92,False,3.22,6.28,2.2800000000000002,0.0,31,7,-0.5680647467311556,-0.8229838658936565,59.0,54.0,56.0,55.0,3.3665016461207866,1.0,0.0,105.3913043478261,55.565774336507054,55.0
STR-01,SKU-00002,Snacks,VIC,Metro,2026-06-08,173,558.79,False,3.23,8.614285714285714,2.6,1.0,24,6,0.23931566428755768,-0.970941817426052,156.0,171.0,175.0,167.0,8.205689083394088,1.0,5.0,189.80434782608697,164.39678794963828,167.0
STR-01,SKU-00002,Snacks,VIC,Metro,2026-06-15,165,532.95,False,3.23,7.214285714285714,3.1714285714285713,0.0,25,6,0.12053668025532308,-0.992708874098054,173.0,156.0,166.0,166.5,7.593857166596316,1.0,5.0,189.80434782608697,158.9371053381869,166.5
STR-01,SKU-00002,Snacks,VIC,Metro,2026-06-22,146,406.98,False,3.23,7.257142857142857,2.6571428571428575,0.0,26,6,-3.216245299353273e-16,-1.0,165.0,173.0,171.0,166.25,7.632168761236845,1.0,5.0,189.80434782608697,159.75480002058342,166.25
STR-01,SKU-00002,Snacks,VIC,Metro,2026-06-29,163,526.49,False,3.23,7.6000000000000005,2.8857142857142857,0.0,27,6,-0.12053668025532283,-0.992708874098054,146.0,165.0,156.0,160.0,11.63328557774341,1.0,5.0,189.80434782608697,155.85359238785267,160.0
STR-01,SKU-00002,Snacks,VIC,Metro,2026-07-06,153,494.19,False,3.23,6.385714285714286,2.3714285714285714,0.0,28,7,-0.23931566428755743,-0.9709418174260521,163.0,146.0,173.0,161.75,11.35414755350071,1.0,5.0,189.80434782608697,154.2571485690364,161.75
STR-01,SKU-00002,Snacks,VIC,Metro,2026-07-13,171,552.33,False,3.23,6.971428571428571,1.9000000000000001,0.0,29,7,-0.3546048870425356,-0.9350162426854148,153.0,163.0,165.0,156.75,8.88350531415759,1.0,5.0,189.80434782608697,151.91503627255503,156.75
STR-01,SKU-00002,Snacks,VIC,Metro,2026-07-20,153,494.19,False,3.23,6.814285714285715,1.8,0.0,30,7,-0.46472317204376806,-0.8854560256532101,171.0,153.0,146.0,158.25,10.996211468804434,1.0,5.0,189.80434782608697,155.03821261401856,158.25
STR-01,SKU-00002,Snacks,VIC,Metro,2026-07-27,95,306.85,False,3.2299999999999995,6.28,2.2800000000000002,0.0,31,7,-0.5680647467311556,-0.8229838658936565,153.0,171.0,163.0,160.0,8.717797887081318,1.0,5.0,189.80434782608697,155.41158665354772,160.0
STR-01,SKU-00003,Dairy,VIC,Metro,2026-06-08,81,808.3800000000001,False,9.98,8.614285714285714,2.6,1.0,24,6,0.23931566428755768,-0.970941817426052,93.0,80.0,94.0,83.5,12.714820748507195,1.0,1.0,83.02173913043478,89.74081700367745,83.5
STR-01,SKU-00003,Dairy,VIC,Metro,2026-06-15,96,958.08,False,9.98,7.214285714285714,3.1714285714285713,0.0,25,6,0.12053668025532308,-0.992708874098054,81.0,93.0,67.0,80.25,10.626225419530167,1.0,1.0,83.02173913043478,83.12506945051459,80.25
STR-01,SKU-00003,Dairy,VIC,Metro,2026-06-22,62,618.76,False,9.98,7.257142857142857,2.6571428571428575,0.0,26,6,-3.216245299353273e-16,-1.0,96.0,81.0,80.0,87.5,8.185352771872594,1.0,1.0,83.02173913043478,89.46410052461583,87.5
STR-01,SKU-00003,Dairy,VIC,Metro,2026-06-29,93,928.14,False,9.98,7.6000000000000005,2.8857142857142857,0.0,27,6,-0.12053668025532283,-0.992708874098054,62.0,96.0,93.0,83.0,15.427248620541588,1.0,1.0,83.02173913043478,83.11343215818333,83.0
STR-01,SKU-00003,Dairy,VIC,Metro,2026-07-06,89,888.22,False,9.98,6.385714285714286,2.3714285714285714,0.0,28,7,-0.23931566428755743,-0.9709418174260521,93.0,62.0,81.0,83.0,15.427248620541588,1.0,1.0,83.02173913043478,88.59618509610429,83.0
STR-01,SKU-00003,Dairy,VIC,Metro,2026-07-13,82,618.76,False,9.98,6.971428571428571,1.9000000000000001,0.0,29,7,-0.3546048870425356,-0.9350162426854148,89.0,93.0,96.0,85.0,15.599145275730196,1.0,1.0,83.02173913043478,89.03584027235104,85.0
STR-01,SKU-00003,Dairy,VIC,Metro,2026-07-20,86,858.2800000000001,False,9.98,6.814285714285715,1.8,0.0,30,7,-0.46472317204376806,-0.8854560256532101,82.0,89.0,62.0,81.5,13.77195217340915,1.0,1.0,83.02173913043478,83.48382699160317,81.5
STR-01,SKU-00003,Dairy,VIC,Metro,2026-07-27,76,758.48,False,9.98,6.28,2.2800000000000002,0.0,31,7,-0.5680647467311556,-0.8229838658936565,86.0,82.0,93.0,87.5,4.654746681256566,1.0,1.0,83.02173913043478,84.93525499623142,87.5
STR-01,SKU-00004,Household,VIC,Metro,2026-06-08,111,1068.93,False,9.63,8.614285714285714,2.6,1.0,24,6,0.23931566428755768,-0.970941817426052,98.0,125.0,95.0,104.25,13.937359864766353,1.0,3.0,96.45652173913044,101.27339332501424,104.25
STR-01,SKU-00004,Household,VIC,Metro,2026-06-15,76,731.88,False,9.63,7.214285714285714,3.1714285714285713,0.0,25,6,0.12053668025532308,-0.992708874098054,111.0,98.0,99.0,108.25,12.632629707758134,1.0,3.0,96.45652173913044,103.82119184231935,108.25
STR-01,SKU-00004,Household,VIC,Metro,2026-06-22,106,1020.78,False,9.63,7.257142857142857,2.6571428571428575,0.0,26,6,-3.216245299353273e-16,-1.0,76.0,111.0,125.0,102.5,20.8246648632497,1.0,3.0,96.45652173913044,94.44042501580823,102.5
STR-01,SKU-00004,Household,VIC,Metro,2026-06-29,101,972.63,False,9.63,7.6000000000000005,2.8857142857142857,0.0,27,6,-0.12053668025532283,-0.992708874098054,106.0,76.0,98.0,97.75,15.456929406148772,1.0,3.0,96.45652173913044,96.87903505268304,97.75
STR-01,SKU-00004,Household,VIC,Metro,2026-07-06,85,818.55,False,9.63,6.385714285714286,2.3714285714285714,0.0,28,7,-0.23931566428755743,-0.9709418174260521,101.0,106.0,111.0,98.5,15.545631755148024,1.0,3.0,96.45652173913044,97.74453703790888,98.5
STR-01,SKU-00004,Household,VIC,Metro,2026-07-13,96,924.48,False,9.63,6.971428571428571,1.9000000000000001,0.0,29,7,-0.3546048870425356,-0.9350162426854148,85.0,101.0,76.0,92.0,13.92838827718412,1.0,3.0,96.45652173913044,90.87218430868349,92.0
STR-01,SKU-00004,Household,VIC,Metro,2026-07-20,104,1001.52,False,9.63,6.814285714285715,1.8,0.0,30,7,-0.46472317204376806,-0.8854560256532101,96.0,85.0,106.0,97.0,8.981462390204985,1.0,3.0,96.45652173913044,92.67419784405298,97.0
STR-01,SKU-00004,Household,VIC,Metro,2026-07-27,70,674.1,False,9.63,6.28,2.2800000000000002,0.0,31,7,-0.5680647467311556,-0.8229838658936565,104.0,96.0,101.0,96.5,8.346656017032608,1.0,3.0,96.45652173913044,93.81108532800332,96.5
STR-01,SKU-00007,Beverages,VIC,Metro,2026-06-08,124,548.08,False,4.42,8.614285714285714,2.6,1.0,24,6,0.23931566428755768,-0.970941817426052,143.0,145.0,163.0,146.75,11.49999999999994,1.0,0.0,216.1086956521739,141.3631925559182,146.75
STR-01,SKU-00007,Beverages,VIC,Metro,2026-06-15,117,517.14,False,4.42,7.214285714285714,3.1714285714285713,0.0,25,6,0.12053668025532308,-0.992708874098054,124.0,143.0,136.0,137.0,9.486832980505069,1.0,0.0,216.1086956521739,128.72416304865257,137.0
STR-01,SKU-00007,Beverages,VIC,Metro,2026-06-22,110,486.2,False,4.42,7.257142857142857,2.6571428571428575,0.0,26,6,-3.216245299353273e-16,-1.0,117.0,124.0,145.0,132.25,13.88944443333373,1.0,0.0,216.1086956521739,128.73558474225106,132.25
STR-01,SKU-00007,Beverages,VIC,Metro,2026-06-29,122,539.24,False,4.42,7.6000000000000005,2.8857142857142857,0.0,27,6,-0.12053668025532283,-0.992708874098054,110.0,117.0,143.0,123.5,14.200938936093817,1.0,0.0,216.1086956521739,124.2125116133917,123.5
STR-01,SKU-00007,Beverages,VIC,Metro,2026-07-06,131,579.02,False,4.42,6.385714285714286,2.3714285714285714,0.0,28,7,-0.23931566428755743,-0.9709418174260521,122.0,110.0,124.0,118.25,6.238322424070864,1.0,0.0,216.1086956521739,115.01163100022023,118.25
STR-01,SKU-00007,Beverages,VIC,Metro,2026-07-13,106,468.52,False,4.42,6.971428571428571,1.9000000000000001,0.0,29,7,-0.3546048870425356,-0.9350162426854148,131.0,122.0,117.0,120.0,8.831760866327773,1.0,0.0,216.1086956521739,121.1615968793008,120.0
STR-01,SKU-00007,Beverages,VIC,Metro,2026-07-20,117,517.14,False,4.42,6.814285714285715,1.8,0.0,30,7,-0.46472317204376806,-0.8854560256532101,106.0,131.0,110.0,117.25,11.412712210513272,1.0,0.0,216.1086956521739,112.67468978014486,117.25
STR-01,SKU-00007,Beverages,VIC,Metro,2026-07-27,76,335.91999999999996,False,4.42,6.28,2.2800000000000002,0.0,31,7,-0.5680647467311556,-0.8229838658936565,117.0,106.0,122.0,119.0,10.424330514074532,1.0,0.0,216.1086956521739,113.06863418418074,119.0
STR-01,SKU-00008,Snacks,VIC,Metro,2026-06-08,87,228.81,False,2.63,8.614285714285714,2.6,1.0,24,6,0.23931566428755768,-0.970941817426052,68.0,69.0,85.0,77.75,10.812801055539067,1.0,5.0,92.28260869565217,78.69143979853185,77.75
STR-01,SKU-00008,Snacks,VIC,Metro,2026-06-15,66,173.57999999999998,False,2.63,7.214285714285714,3.1714285714285713,0.0,25,6,0.12053668025532308,-0.992708874098054,87.0,68.0,89.0,78.25,11.295279249904954,1.0,5.0,92.28260869565217,78.55026152837002,78.25
STR-01,SKU-00008,Snacks,VIC,Metro,2026-06-22,84,220.92000000000002,False,2.63,7.257142857142857,2.6571428571428575,0.0,26,6,-3.216245299353273e-16,-1.0,66.0,87.0,69.0,72.5,9.746794344808968,1.0,5.0,92.28260869565217,73.36143841842326,72.5
STR-01,SKU-00008,Snacks,VIC,Metro,2026-06-29,69,181.47,False,2.63,7.6000000000000005,2.8857142857142857,0.0,27,6,-0.12053668025532283,-0.992708874098054,84.0,66.0,68.0,76.25,10.781929326423915,1.0,5.0,92.28260869565217,77.51244304739414,76.25
STR-01,SKU-00008,Snacks,VIC,Metro,2026-07-06,85,223.55,False,2.63,6.385714285714286,2.3714285714285714,0.0,28,7,-0.23931566428755743,-0.9709418174260521,69.0,84.0,87.0,76.5,10.535653752852742,1.0,5.0,92.28260869565217,77.17656912493291,76.5
STR-01,SKU-00008,Snacks,VIC,Metro,2026-07-13,81,213.02999999999997,False,2.63,6.971428571428571,1.9000000000000001,0.0,29,7,-0.3546048870425356,-0.9350162426854148,85.0,69.0,66.0,76.0,9.899494936611669,1.0,5.0,92.28260869565217,77.49287649530379,76.0
STR-01,SKU-00008,Snacks,VIC,Metro,2026-07-20,90,236.7,False,2.63,6.814285714285715,1.8,0.0,30,7,-0.46472317204376806,-0.8854560256532101,81.0,85.0,84.0,79.75,7.365459931328124,1.0,5.0,92.28260869565217,78.60050532386828,79.75
STR-01,SKU-00008,Snacks,VIC,Metro,2026-07-27,47,123.61,False,2.63,6.28,2.2800000000000002,0.0,31,7,-0.5680647467311556,-0.8229838658936565,90.0,81.0,69.0,81.25,8.958236433584464,1.0,5.0,92.28260869565217,81.1241142763903,81.25
STR-01,SKU-00009,Dairy,VIC,Metro,2026-06-08,103,701.43,False,6.81,8.614285714285714,2.6,1.0,24,6,0.23931566428755768,-0.970941817426052,108.0,110.0,83.0,99.75,12.338962679253058,1.0,1.0,92.02173913043478,99.16163596881294,99.75
STR-01,SKU-00009,Dairy,VIC,Metro,2026-06-15,99,674.19,False,6.81,7.214285714285714,3.1714285714285713,0.0,25,6,0.12053668025532308,-0.992708874098054,103.0,108.0,98.0,104.75,5.377421934967209,1.0,1.0,92.02173913043478,103.34252404296518,104.75
STR-01,SKU-00009,Dairy,VIC,Metro,2026-06-22,117,796.77,False,6.81,7.257142857142857,2.6571428571428575,0.0,26,6,-3.216245299353273e-16,-1.0,99.0,103.0,110.0,105.0,4.966554808583761,1.0,1.0,92.02173913043478,102.44347595198303,105.0
STR-01,SKU-00009,Dairy,VIC,Metro,2026-06-29,120,817.2,False,6.81,7.6000000000000005,2.8857142857142857,0.0,27,6,-0.12053668025532283,-0.992708874098054,117.0,99.0,108.0,106.75,7.762087348130001,1.0,1.0,92.02173913043478,107.20018342481504,106.75
STR-01,SKU-00009,Dairy,VIC,Metro,2026-07-06,95,646.95,False,6.81,6.385714285714286,2.3714285714285714,0.0,28,7,-0.23931566428755743,-0.9709418174260521,120.0,117.0,103.0,109.75,10.307764064044143,1.0,1.0,92.02173913043478,107.83126048687535,109.75
STR-01,SKU-00009,Dairy,VIC,Metro,2026-07-13,96,653.76,False,6.81,6.971428571428571,1.9000000000000001,0.0,29,7,-0.3546048870425356,-0.9350162426854148,95.0,120.0,99.0,107.75,12.579745625409117,1.0,1.0,92.02173913043478,104.04851711217056,107.75
STR-01,SKU-00009,Dairy,VIC,Metro,2026-07-20,105,715.05,False,6.81,6.814285714285715,1.8,0.0,30,7,-0.46472317204376806,-0.8854560256532101,96.0,95.0,117.0,107.0,13.341664064126329,1.0,1.0,92.02173913043478,103.90832031905938,107.0
STR-01,SKU-00009,Dairy,VIC,Metro,2026-07-27,70,476.7,False,6.81,6.28,2.2800000000000002,0.0,31,7,-0.5680647467311556,-0.8229838658936565,105.0,96.0,120.0,104.0,11.57583690279022,1.0,1.0,92.02173913043478,101.98512737844976,104.0
STR-01,SKU-00010,Household,VIC,Metro,2026-06-08,67,543.37,False,8.11,8.614285714285714,2.6,1.0,24,6,0.23931566428755768,-0.970941817426052,74.0,90.0,71.0,78.0,8.366600265340766,1.0,3.0,71.3913043478261,73.3184936171025,78.0
STR-01,SKU-00010,Household,VIC,Metro,2026-06-15,71,575.81,False,8.11,7.214285714285714,3.1714285714285713,0.0,25,6,0.12053668025532308,-0.992708874098054,67.0,74.0,77.0,77.0,9.626352718795776,1.0,3.0,71.3913043478261,73.0258698107037,77.0
STR-01,SKU-00010,Household,VIC,Metro,2026-06-22,56,454.15999999999997,False,8.11,7.257142857142857,2.6571428571428575,0.0,26,6,-3.216245299353273e-16,-1.0,71.0,67.0,90.0,75.5,10.082988974836123,1.0,3.0,71.3913043478261,72.11790961736713,75.5
STR-01,SKU-00010,Household,VIC,Metro,2026-06-29,73,592.03,False,8.11,7.6000000000000005,2.8857142857142857,0.0,27,6,-0.12053668025532283,-0.992708874098054,56.0,71.0,74.0,67.0,7.874007874011824,1.0,3.0,71.3913043478261,65.27062309734676,67.0
STR-01,SKU-00010,Household,VIC,Metro,2026-07-06,65,527.15,False,8.11,6.385714285714286,2.3714285714285714,0.0,28,7,-0.23931566428755743,-0.9709418174260521,73.0,56.0,67.0,66.75,7.588368291888153,1.0,3.0,71.3913043478261,67.395703588431,66.75
STR-01,SKU-00010,Household,VIC,Metro,2026-07-13,49,397.39,False,8.11,6.971428571428571,1.9000000000000001,0.0,29,7,-0.3546048870425356,-0.9350162426854148,65.0,73.0,71.0,66.25,7.632168761236887,1.0,3.0,71.3913043478261,67.03435572314815,66.25
STR-01,SKU-00010,Household,VIC,Metro,2026-07-20,67,543.37,False,8.11,6.814285714285715,1.8,0.0,30,7,-0.46472317204376806,-0.8854560256532101,49.0,65.0,56.0,60.75,10.468205831628147,1.0,3.0,71.3913043478261,61.92929075504273,60.75
STR-01,SKU-00010,Household,VIC,Metro,2026-07-27,38,308.17999999999995,False,8.11,6.28,2.2800000000000002,0.0,31,7,-0.5680647467311556,-0.8229838658936565,67.0,49.0,73.0,63.5,10.246950765959609,1.0,3.0,71.3913043478261,65.87994793330475,63.5
STR-01,SKU-00011,Personal Care,VIC,Metro,2026-06-08,28,307.16,False,10.97,8.614285714285714,2.6,1.0,24,6,0.23931566428755768,-0.970941817426052,19.0,25.0,25.0,24.75,4.5,1.0,4.0,23.91304347826087,23.98094046690724,24.75
STR-01,SKU-00011,Personal Care,VIC,Metro,2026-06-15,35,383.95,False,10.97,7.214285714285714,3.1714285714285713,0.0,25,6,0.12053668025532308,-0.992708874098054,28.0,19.0,30.0,25.5,4.79583152331272,1.0,4.0,23.91304347826087,23.739061668327547,25.5
STR-01,SKU-00011,Personal Care,VIC,Metro,2026-06-22,18,197.45999999999998,False,10.97,7.257142857142857,2.6571428571428575,0.0,26,6,-3.216245299353273e-16,-1.0,35.0,28.0,25.0,26.75,6.652067347825035,1.0,4.0,23.91304347826087,23.910472036516126,26.75
STR-01,SKU-00011,Personal Care,VIC,Metro,2026-06-29,19,208.43,False,10.97,7.6000000000000005,2.8857142857142857,0.0,27,6,-0.12053668025532283,-0.992708874098054,18.0,35.0,19.0,25.0,8.04155872120988,1.0,4.0,23.91304347826087,23.229545488714027,25.0
STR-01,SKU-00011,Personal Care,VIC,Metro,2026-07-06,26,285.22,False,10.97,6.385714285714286,2.3714285714285714,0.0,28,7,-0.23931566428755743,-0.9709418174260521,19.0,18.0,28.0,25.0,8.04155872120988,1.0,4.0,23.91304347826087,23.685710933088526,25.0
STR-01,SKU-00011,Personal Care,VIC,Metro,2026-07-13,25,274.25,False,10.97,6.971428571428571,1.9000000000000001,0.0,29,7,-0.3546048870425356,-0.9350162426854148,26.0,19.0,35.0,24.5,7.852812659593164,1.0,4.0,23.91304347826087,23.400827717209733,24.5
STR-01,SKU-00011,Personal Care,VIC,Metro,2026-07-20,19,208.43,False,10.97,6.814285714285715,1.8,0.0,30,7,-0.46472317204376806,-0.8854560256532101,25.0,26.0,18.0,22.0,4.08248290463863,1.0,4.0,23.91304347826087,22.365982588846624,22.0
STR-01,SKU-00011,Personal Care,VIC,Metro,2026-07-27,13,142.60999999999999,False,10.97,6.28,2.2800000000000002,0.0,31,7,-0.5680647467311556,-0.8229838658936565,19.0,25.0,19.0,22.25,3.774917217635375,1.0,4.0,23.91304347826087,22.457783518451286,22.25
STR-01,SKU-00013,Beverages,VIC,Metro,2026-06-08,45,222.75,False,4.95,8.614285714285714,2.6,1.0,24,6,0.23931566428755768,-0.970941817426052,54.0,61.0,77.0,69.75,14.99722196497293,1.0,0.0,105.15217391304348,65.95709986998305,69.75
STR-01,SKU-00013,Beverages,VIC,Metro,2026-06-15,56,277.2,False,4.95,7.214285714285714,3.1714285714285713,0.0,25,6,0.12053668025532308,-0.992708874098054,45.0,54.0,87.0,61.75,18.06239186818844,1.0,0.0,105.15217391304348,59.601920064612465,61.75
STR-01,SKU-00013,Beverages,VIC,Metro,2026-06-22,65,321.75,False,4.95,7.257142857142857,2.6571428571428575,0.0,26,6,-3.216245299353273e-16,-1.0,56.0,45.0,61.0,54.0,6.683312551921125,1.0,0.0,105.15217391304348,55.097045646323735,54.0
STR-01,SKU-00013,Beverages,VIC,Metro,2026-06-29,59,292.05,False,4.95,7.6000000000000005,2.8857142857142857,0.0,27,6,-0.12053668025532283,-0.992708874098054,65.0,56.0,54.0,55.0,8.205689083394102,1.0,0.0,105.15217391304348,56.9112898553882,55.0
STR-01,SKU-00013,Beverages,VIC,Metro,2026-07-06,56,277.2,False,4.95,6.385714285714286,2.3714285714285714,0.0,28,7,-0.23931566428755743,-0.9709418174260521,59.0,65.0,45.0,56.25,8.381527307120093,1.0,0.0,105.15217391304348,55.89676556450172,56.25
STR-01,SKU-00013,Beverages,VIC,Metro,2026-07-13,52,257.4,False,4.95,6.971428571428571,1.9000000000000001,0.0,29,7,-0.3546048870425356,-0.9350162426854148,56.0,59.0,56.0,59.0,4.242640687119261,1.0,0.0,105.15217391304348,57.83587059482482,59.0
STR-01,SKU-00013,Beverages,VIC,Metro,2026-07-20,184,252.45,False,4.95,6.814285714285715,1.8,0.0,30,7,-0.46472317204376806,-0.8854560256532101,52.0,56.0,65.0,58.0,5.477225575051642,1.0,0.0,105.15217391304348,55.35803904506587,58.0
STR-01,SKU-00013,Beverages,VIC,Metro,2026-07-27,42,207.89999999999998,False,4.95,6.28,2.2800000000000002,0.0,31,7,-0.5680647467311556,-0.8229838658936565,184.0,52.0,59.0,87.75,64.23070397662892,1.0,0.0,105.15217391304348,74.64220907392506,87.75
STR-01,SKU-00014,Snacks,VIC,Metro,2026-06-08,115,832.6,False,7.24,8.614285714285714,2.6,1.0,24,6,0.23931566428755768,-0.970941817426052,100.0,102.0,102.0,104.5,6.403124237432828,1.0,5.0,114.19565217391305,104.68422117944601,104.5
STR-01,SKU-00014,Snacks,VIC,Metro,2026-06-15,104,752.96,False,7.24,7.214285714285714,3.1714285714285713,0.0,25,6,0.12053668025532308,-0.992708874098054,115.0,100.0,114.0,107.75,7.84750491132902,1.0,5.0,114.19565217391305,106.90523255999497,107.75
STR-01,SKU-00014,Snacks,VIC,Metro,2026-06-22,88,637.12,False,7.24,7.257142857142857,2.6571428571428575,0.0,26,6,-3.216245299353273e-16,-1.0,104.0,115.0,102.0,105.25,6.701989754294349,1.0,5.0,114.19565217391305,104.93570324235864,105.25
STR-01,SKU-00014,Snacks,VIC,Metro,2026-06-29,88,637.12,False,7.24,7.6000000000000005,2.8857142857142857,0.0,27,6,-0.12053668025532283,-0.992708874098054,88.0,104.0,100.0,101.75,11.146748404803965,1.0,5.0,114.19565217391305,95.56833227011924,101.75
STR-01,SKU-00014,Snacks,VIC,Metro,2026-07-06,72,521.28,False,7.24,6.385714285714286,2.3714285714285714,0.0,28,7,-0.23931566428755743,-0.9709418174260521,88.0,88.0,115.0,98.75,13.200378782444076,1.0,5.0,114.19565217391305,93.41515905161593,98.75
STR-01,SKU-00014,Snacks,VIC,Metro,2026-07-13,84,608.16,False,7.24,6.971428571428571,1.9000000000000001,0.0,29,7,-0.3546048870425356,-0.9350162426854148,72.0,88.0,104.0,88.0,13.063945294843604,1.0,5.0,114.19565217391305,83.98211125441054,88.0
STR-01,SKU-00014,Snacks,VIC,Metro,2026-07-20,229,521.28,False,7.24,6.814285714285715,1.8,0.0,30,7,-0.46472317204376806,-0.8854560256532101,84.0,72.0,88.0,83.0,7.571877794400344,1.0,5.0,114.19565217391305,86.97868548019423,83.0
STR-01,SKU-00014,Snacks,VIC,Metro,2026-07-27,63,456.12,False,7.24,6.28,2.2800000000000002,0.0,31,7,-0.5680647467311556,-0.8229838658936565,229.0,84.0,88.0,118.25,74.14568991744115,1.0,5.0,114.19565217391305,89.0432130630439,118.25
STR-01,SKU-00015,Dairy,VIC,Metro,2026-06-08,166,527.88,False,3.18,8.614285714285714,2.6,1.0,24,6,0.23931566428755768,-0.970941817426052,148.0,167.0,155.0,154.75,8.732124598286475,1.0,1.0,148.80434782608697,152.96856676221753,154.75
STR-01,SKU-00015,Dairy,VIC,Metro,2026-06-15,168,534.24,False,3.18,7.214285714285714,3.1714285714285713,0.0,25,6,0.12053668025532308,-0.992708874098054,166.0,148.0,149.0,157.5,10.408329997330652,1.0,1.0,148.80434782608697,151.58702695155506,157.5
STR-01,SKU-00015,Dairy,VIC,Metro,2026-06-22,184,585.12,False,3.18,7.257142857142857,2.6571428571428575,0.0,26,6,-3.216245299353273e-16,-1.0,168.0,166.0,167.0,162.25,9.53502316025852,1.0,1.0,148.80434782608697,155.08963012295914,162.25
STR-01,SKU-00015,Dairy,VIC,Metro,2026-06-29,169,537.42,False,3.18,7.6000000000000005,2.8857142857142857,0.0,27,6,-0.12053668025532283,-0.992708874098054,184.0,168.0,148.0,166.5,14.730919862656227,1.0,1.0,148.80434782608697,158.49853615624235,166.5
STR-01,SKU-00015,Dairy,VIC,Metro,2026-07-06,160,508.8,False,3.18,6.385714285714286,2.3714285714285714,0.0,28,7,-0.23931566428755743,-0.9709418174260521,169.0,184.0,166.0,171.75,8.26135582092914,1.0,1.0,148.80434782608697,169.28271205565466,171.75
STR-01,SKU-00015,Dairy,VIC,Metro,2026-07-13,205,651.9,False,3.18,6.971428571428571,1.9000000000000001,0.0,29,7,-0.3546048870425356,-0.9350162426854148,160.0,169.0,168.0,170.25,10.012492197250381,1.0,1.0,148.80434782608697,161.78293656611478,170.25
STR-01,SKU-00015,Dairy,VIC,Metro,2026-07-20,171,543.78,False,3.18,6.814285714285715,1.8,0.0,30,7,-0.46472317204376806,-0.8854560256532101,205.0,160.0,184.0,179.5,19.672315572905998,1.0,1.0,148.80434782608697,175.04162553724356,179.5
STR-01,SKU-00015,Dairy,VIC,Metro,2026-07-27,108,343.44,False,3.18,6.28,2.2800000000000002,0.0,31,7,-0.5680647467311556,-0.8229838658936565,171.0,205.0,169.0,176.25,19.754746265138404,1.0,1.0,148.80434782608697,165.17693221205363,176.25
STR-01,SKU-00018,Snacks,VIC,Metro,2026-06-08,130,439.4,False,3.38,8.614285714285714,2.6,1.0,24,6,0.23931566428755768,-0.970941817426052,148.0,120.0,132.0,136.5,13.102162671355709,1.0,5.0,166.6304347826087,137.9397157289282,136.5
STR-01,SKU-00018,Snacks,VIC,Metro,2026-06-15,158,534.04,False,3.38,7.214285714285714,3.1714285714285713,0.0,25,6,0.12053668025532308,-0.992708874098054,130.0,148.0,146.0,136.0,13.366625103842292,1.0,5.0,166.6304347826087,133.2302216975469,136.0
STR-01,SKU-00018,Snacks,VIC,Metro,2026-06-22,147,496.86,False,3.38,7.257142857142857,2.6571428571428575,0.0,26,6,-3.216245299353273e-16,-1.0,158.0,130.0,120.0,139.0,17.165857586111652,1.0,5.0,166.6304347826087,138.24003348126587,139.0
STR-01,SKU-00018,Snacks,VIC,Metro,2026-06-29,128,432.64,False,3.38,7.6000000000000005,2.8857142857142857,0.0,27,6,-0.12053668025532283,-0.992708874098054,147.0,158.0,148.0,145.75,11.615363389350629,1.0,5.0,166.6304347826087,142.9718400924353,145.75
STR-01,SKU-00018,Snacks,VIC,Metro,2026-07-06,114,385.32,False,3.38,6.385714285714286,2.3714285714285714,0.0,28,7,-0.23931566428755743,-0.9709418174260521,128.0,147.0,130.0,140.75,14.314910641239326,1.0,5.0,166.6304347826087,137.66187080051347,140.75
STR-01,SKU-00018,Snacks,VIC,Metro,2026-07-13,131,442.78,False,3.38,6.971428571428571,1.9000000000000001,0.0,29,7,-0.3546048870425356,-0.9350162426854148,114.0,128.0,158.0,136.75,19.58528359083252,1.0,5.0,166.6304347826087,127.34913437124513,136.75
STR-01,SKU-00018,Snacks,VIC,Metro,2026-07-20,129,436.02,False,3.38,6.814285714285715,1.8,0.0,30,7,-0.46472317204376806,-0.8854560256532101,131.0,114.0,147.0,130.0,13.54006400772661,1.0,5.0,166.6304347826087,129.87317978977492,130.0
STR-01,SKU-00018,Snacks,VIC,Metro,2026-07-27,93,314.34000000000003,False,3.38,6.28,2.2800000000000002,0.0,31,7,-0.5680647467311556,-0.8229838658936565,129.0,131.0,128.0,125.5,7.767453465154044,1.0,5.0,166.6304347826087,129.10283378466582,125.5
STR-01,SKU-00019,Dairy,VIC,Metro,2026-06-08,146,1305.24,False,8.94,8.614285714285714,2.6,1.0,24,6,0.23931566428755768,-0.970941817426052,146.0,143.0,164.0,145.75,14.008925726121884,1.0,1.0,138.2608695652174,146.2391856731693,145.75
STR-01,SKU-00019,Dairy,VIC,Metro,2026-06-15,130,1162.2,False,8.94,7.214285714285714,3.1714285714285713,0.0,25,6,0.12053668025532308,-0.992708874098054,146.0,146.0,130.0,141.25,7.632168761236842,1.0,1.0,138.2608695652174,145.00159562561882,141.25
STR-01,SKU-00019,Dairy,VIC,Metro,2026-06-22,156,1394.64,False,8.94,7.257142857142857,2.6571428571428575,0.0,26,6,-3.216245299353273e-16,-1.0,130.0,146.0,143.0,141.25,7.632168761236842,1.0,1.0,138.2608695652174,142.11672743046913,141.25
STR-01,SKU-00019,Dairy,VIC,Metro,2026-06-29,153,1367.82,False,8.94,7.6000000000000005,2.8857142857142857,0.0,27,6,-0.12053668025532283,-0.992708874098054,156.0,130.0,146.0,144.5,10.754843869934431,1.0,1.0,138.2608695652174,147.21646528364369,144.5
STR-01,SKU-00019,Dairy,VIC,Metro,2026-07-06,140,1251.6,False,8.94,6.385714285714286,2.3714285714285714,0.0,28,7,-0.23931566428755743,-0.9709418174260521,153.0,156.0,146.0,146.25,11.615363389350598,1.0,1.0,138.2608695652174,148.2035917972194,146.25
STR-01,SKU-00019,Dairy,VIC,Metro,2026-07-13,118,1054.92,False,8.94,6.971428571428571,1.9000000000000001,0.0,29,7,-0.3546048870425356,-0.9350162426854148,140.0,153.0,130.0,144.75,12.038133853162883,1.0,1.0,138.2608695652174,144.36036103617982,144.75
STR-01,SKU-00019,Dairy,VIC,Metro,2026-07-20,151,1349.94,False,8.94,6.814285714285715,1.8,0.0,30,7,-0.46472317204376806,-0.8854560256532101,118.0,140.0,156.0,141.75,17.28920665232116,1.0,1.0,138.2608695652174,134.90958188634426,141.75
STR-01,SKU-00019,Dairy,VIC,Metro,2026-07-27,85,759.9,False,8.94,6.28,2.2800000000000002,0.0,31,7,-0.5680647467311556,-0.8229838658936565,151.0,118.0,153.0,140.5,16.051998837112663,1.0,1.0,138.2608695652174,140.52368220738066,140.5
STR-01,SKU-00020,Household,VIC,Metro,2026-06-08,67,635.16,False,9.48,8.614285714285714,2.6,1.0,24,6,0.23931566428755768,-0.970941817426052,66.0,63.0,63.0,61.0,6.164414002968976,1.0,3.0,59.69565217391305,61.14042820132139,61.0
STR-01,SKU-00020,Household,VIC,Metro,2026-06-15,60,568.8,False,9.48,7.214285714285714,3.1714285714285713,0.0,25,6,0.12053668025532308,-0.992708874098054,67.0,66.0,52.0,62.0,6.879922480183431,1.0,3.0,59.69565217391305,60.97687929646831,62.0
STR-01,SKU-00020,Household,VIC,Metro,2026-06-22,56,530.88,False,9.48,7.257142857142857,2.6571428571428575,0.0,26,6,-3.216245299353273e-16,-1.0,60.0,67.0,63.0,64.0,3.162277660168381,1.0,3.0,59.69565217391305,59.71710504542027,64.0
STR-01,SKU-00020,Household,VIC,Metro,2026-06-29,68,644.64,False,9.48,7.6000000000000005,2.8857142857142857,0.0,27,6,-0.12053668025532283,-0.992708874098054,56.0,60.0,66.0,62.25,5.188127472091127,1.0,3.0,59.69565217391305,58.53202641153478,62.25
STR-01,SKU-00020,Household,VIC,Metro,2026-07-06,58,549.84,False,9.48,6.385714285714286,2.3714285714285714,0.0,28,7,-0.23931566428755743,-0.9709418174260521,68.0,56.0,67.0,62.75,5.737304826019502,1.0,3.0,59.69565217391305,60.48353066523814,62.75
STR-01,SKU-00020,Household,VIC,Metro,2026-07-13,67,635.16,False,9.48,6.971428571428571,1.9000000000000001,0.0,29,7,-0.3546048870425356,-0.9350162426854148,58.0,68.0,60.0,60.5,5.259911279353167,1.0,3.0,59.69565217391305,57.474777103826455,60.5
STR-01,SKU-00020,Household,VIC,Metro,2026-07-20,57,540.36,False,9.48,6.814285714285715,1.8,0.0,30,7,-0.46472317204376806,-0.8854560256532101,67.0,58.0,56.0,62.25,6.130524719249841,1.0,3.0,59.69565217391305,59.80110215101414,62.25
STR-01,SKU-00020,Household,VIC,Metro,2026-07-27,53,502.44,False,9.48,6.28,2.2800000000000002,0.0,31,7,-0.5680647467311556,-0.8229838658936565,57.0,67.0,68.0,62.5,5.802298395176405,1.0,3.0,59.69565217391305,58.0162801234682,62.5
STR-01,SKU-00021,Personal Care,VIC,Metro,2026-06-08,28,87.92,False,3.14,8.614285714285714,2.6,1.0,24,6,0.23931566428755768,-0.970941817426052,25.0,36.0,31.0,31.0,4.546060565661952,1.0,4.0,28.97826086956522,29.182607970653226,31.0
STR-01,SKU-00021,Personal Care,VIC,Metro,2026-06-15,31,97.34,False,3.14,7.214285714285714,3.1714285714285713,0.0,25,6,0.12053668025532308,-0.992708874098054,28.0,25.0,32.0,30.25,4.7871355387816905,1.0,4.0,28.97826086956522,28.714262173298422,30.25
STR-01,SKU-00021,Personal Care,VIC,Metro,2026-06-22,31,97.34,False,3.14,7.257142857142857,2.6571428571428575,0.0,26,6,-3.216245299353273e-16,-1.0,31.0,28.0,36.0,30.0,4.69041575982343,1.0,4.0,28.97826086956522,28.678728934464342,30.0
STR-01,SKU-00021,Personal Care,VIC,Metro,2026-06-29,29,91.06,False,3.14,7.6000000000000005,2.8857142857142857,0.0,27,6,-0.12053668025532283,-0.992708874098054,31.0,31.0,25.0,28.75,2.8722813232690143,1.0,4.0,28.97826086956522,29.12345471548079,28.75
STR-01,SKU-00021,Personal Care,VIC,Metro,2026-07-06,35,109.9,False,3.14,6.385714285714286,2.3714285714285714,0.0,28,7,-0.23931566428755743,-0.9709418174260521,29.0,31.0,28.0,29.75,1.5,1.0,4.0,28.97826086956522,30.27593525113442,29.75
STR-01,SKU-00021,Personal Care,VIC,Metro,2026-07-13,27,84.78,False,3.14,6.971428571428571,1.9000000000000001,0.0,29,7,-0.3546048870425356,-0.9350162426854148,35.0,29.0,31.0,31.5,2.5166114784235836,1.0,4.0,28.97826086956522,30.272583580433377,31.5
STR-01,SKU-00021,Personal Care,VIC,Metro,2026-07-20,25,78.5,False,3.14,6.814285714285715,1.8,0.0,30,7,-0.46472317204376806,-0.8854560256532101,27.0,35.0,31.0,30.5,3.4156502553198664,1.0,4.0,28.97826086956522,28.30112686892456,30.5
STR-01,SKU-00021,Personal Care,VIC,Metro,2026-07-27,13,40.82,False,3.14,6.28,2.2800000000000002,0.0,31,7,-0.5680647467311556,-0.8229838658936565,25.0,27.0,29.0,29.0,4.320493798938574,1.0,4.0,28.97826086956522,28.120772809111926,29.0
STR-01,SKU-00022,Frozen,VIC,Metro,2026-06-08,82,609.26,False,7.43,8.614285714285714,2.6,1.0,24,6,0.23931566428755768,-0.970941817426052,70.0,73.0,47.0,60.75,12.711543310445563,1.0,2.0,58.34782608695652,64.9926446942869,60.75
STR-01,SKU-00022,Frozen,VIC,Metro,2026-06-15,83,616.6899999999999,False,7.43,7.214285714285714,3.1714285714285713,0.0,25,6,0.12053668025532308,-0.992708874098054,82.0,70.0,53.0,69.5,12.124355652982144,1.0,2.0,58.34782608695652,68.09592157735878,69.5
STR-01,SKU-00022,Frozen,VIC,Metro,2026-06-22,54,401.22,False,7.43,7.257142857142857,2.6571428571428575,0.0,26,6,-3.216245299353273e-16,-1.0,83.0,82.0,73.0,77.0,6.480740698407867,1.0,2.0,58.34782608695652,70.82618764182043,77.0
STR-01,SKU-00022,Frozen,VIC,Metro,2026-06-29,59,438.37,False,7.43,7.6000000000000005,2.8857142857142857,0.0,27,6,-0.12053668025532283,-0.992708874098054,54.0,83.0,70.0,72.25,13.524668819112236,1.0,2.0,58.34782608695652,65.17325205364389,72.25
STR-01,SKU-00022,Frozen,VIC,Metro,2026-07-06,61,453.23,False,7.43,6.385714285714286,2.3714285714285714,0.0,28,7,-0.23931566428755743,-0.9709418174260521,59.0,54.0,82.0,69.5,15.154757228892409,1.0,2.0,58.34782608695652,64.02396851410025,69.5
STR-01,SKU-00022,Frozen,VIC,Metro,2026-07-13,74,549.8199999999999,False,7.43,6.971428571428571,1.9000000000000001,0.0,29,7,-0.3546048870425356,-0.9350162426854148,61.0,59.0,83.0,64.25,12.841988423397162,1.0,2.0,58.34782608695652,63.805241565605044,64.25
STR-01,SKU-00022,Frozen,VIC,Metro,2026-07-20,73,542.39,False,7.43,6.814285714285715,1.8,0.0,30,7,-0.46472317204376806,-0.8854560256532101,74.0,61.0,54.0,62.0,8.524474568362951,1.0,2.0,58.34782608695652,63.743233408889616,62.0
STR-01,SKU-00022,Frozen,VIC,Metro,2026-07-27,55,408.65,False,7.43,6.28,2.2800000000000002,0.0,31,7,-0.5680647467311556,-0.8229838658936565,73.0,74.0,59.0,66.75,7.847504911329038,1.0,2.0,58.34782608695652,63.071736524858245,66.75
STR-01,SKU-00023,Beverages,VIC,Metro,2026-06-08,69,289.8,False,4.2,8.614285714285714,2.6,1.0,24,6,0.23931566428755768,-0.970941817426052,64.0,109.0,91.0,84.75,19.602295783912673,1.0,0.0,132.7173913043478,85.00081107602816,84.75
STR-01,SKU-00023,Beverages,VIC,Metro,2026-06-15,64,268.8,False,4.2,7.214285714285714,3.1714285714285713,0.0,25,6,0.12053668025532308,-0.992708874098054,69.0,64.0,75.0,79.25,20.33674834710146,1.0,0.0,132.7173913043478,72.40754903137226,79.25
STR-01,SKU-00023,Beverages,VIC,Metro,2026-06-22,72,302.4,False,4.2,7.257142857142857,2.6571428571428575,0.0,26,6,-3.216245299353273e-16,-1.0,64.0,69.0,109.0,76.5,21.794494717703383,1.0,0.0,132.7173913043478,72.50233785800557,76.5
STR-01,SKU-00023,Beverages,VIC,Metro,2026-06-29,57,239.4,False,4.2,7.6000000000000005,2.8857142857142857,0.0,27,6,-0.12053668025532283,-0.992708874098054,72.0,64.0,64.0,67.25,3.9475730941090923,1.0,0.0,132.7173913043478,71.87751435807508,67.25
STR-01,SKU-00023,Beverages,VIC,Metro,2026-07-06,77,323.4,False,4.2,6.385714285714286,2.3714285714285714,0.0,28,7,-0.23931566428755743,-0.9709418174260521,57.0,72.0,69.0,65.5,6.557438524302053,1.0,0.0,132.7173913043478,64.91263678062533,65.5
STR-01,SKU-00023,Beverages,VIC,Metro,2026-07-13,74,310.8,False,4.2,6.971428571428571,1.9000000000000001,0.0,29,7,-0.3546048870425356,-0.9350162426854148,77.0,57.0,64.0,67.5,8.812869377601563,1.0,0.0,132.7173913043478,67.59566441520406,67.5
STR-01,SKU-00023,Beverages,VIC,Metro,2026-07-20,60,252.0,False,4.2,6.814285714285715,1.8,0.0,30,7,-0.46472317204376806,-0.8854560256532101,74.0,77.0,72.0,70.0,8.906926143924963,1.0,0.0,132.7173913043478,68.99146818114988,70.0
STR-01,SKU-00023,Beverages,VIC,Metro,2026-07-27,48,201.6,False,4.2,6.28,2.2800000000000002,0.0,31,7,-0.5680647467311556,-0.8229838658936565,60.0,74.0,57.0,67.0,9.966610925150736,1.0,0.0,132.7173913043478,66.43955597481724,67.0
STR-01,SKU-00024,Snacks,VIC,Metro,2026-06-08,114,245.1,False,2.15,8.614285714285714,2.6,1.0,24,6,0.23931566428755768,-0.970941817426052,111.0,114.0,132.0,115.75,11.32475165290615,1.0,5.0,134.8913043478261,112.72466452723958,115.75
STR-01,SKU-00024,Snacks,VIC,Metro,2026-06-15,114,245.1,False,2.15,7.214285714285714,3.1714285714285713,0.0,25,6,0.12053668025532308,-0.992708874098054,114.0,111.0,106.0,111.25,3.7749172176354464,1.0,5.0,134.8913043478261,114.32062543334936,111.25
STR-01,SKU-00024,Snacks,VIC,Metro,2026-06-22,107,230.05,False,2.15,7.257142857142857,2.6571428571428575,0.0,26,6,-3.216245299353273e-16,-1.0,114.0,114.0,114.0,113.25,1.50000000000018,1.0,5.0,134.8913043478261,115.119945975612,113.25
STR-01,SKU-00024,Snacks,VIC,Metro,2026-06-29,104,223.6,False,2.15,7.6000000000000005,2.8857142857142857,0.0,27,6,-0.12053668025532283,-0.992708874098054,107.0,114.0,111.0,111.5,3.316624790355481,1.0,5.0,134.8913043478261,115.44880042959619,111.5
STR-01,SKU-00024,Snacks,VIC,Metro,2026-07-06,97,208.55,False,2.15,6.385714285714286,2.3714285714285714,0.0,28,7,-0.23931566428755743,-0.9709418174260521,104.0,107.0,114.0,109.75,5.057996968497894,1.0,5.0,134.8913043478261,110.79182720560175,109.75
STR-01,SKU-00024,Snacks,VIC,Metro,2026-07-13,121,260.15,False,2.15,6.971428571428571,1.9000000000000001,0.0,29,7,-0.3546048870425356,-0.9350162426854148,97.0,104.0,114.0,105.5,7.047458170622029,1.0,5.0,134.8913043478261,104.33378434919561,105.5
STR-01,SKU-00024,Snacks,VIC,Metro,2026-07-20,117,212.85,False,2.15,6.814285714285715,1.8,0.0,30,7,-0.46472317204376806,-0.8854560256532101,121.0,97.0,107.0,107.25,10.078855755160596,1.0,5.0,134.8913043478261,111.2021505099939,107.25
STR-01,SKU-00024,Snacks,VIC,Metro,2026-07-27,60,129.0,False,2.15,6.28,2.2800000000000002,0.0,31,7,-0.5680647467311556,-0.8229838658936565,117.0,121.0,104.0,109.75,11.17661248619935,1.0,5.0,134.8913043478261,113.5430944824075,109.75
STR-02,SKU-00002,Snacks,NSW,Metro,2026-06-08,146,471.58,False,3.23,13.242857142857144,1.8285714285714287,1.0,24,6,0.23931566428755768,-0.970941817426052,168.0,157.0,170.0,167.0,6.976149845485502,1.0,5.0,186.58695652173913,172.93252965507475,167.0
STR-02,SKU-00002,Snacks,NSW,Metro,2026-06-15,143,461.89,False,3.23,11.328571428571427,2.457142857142857,0.0,25,6,0.12053668025532308,-0.992708874098054,146.0,168.0,173.0,161.0,12.027745701779175,1.0,5.0,186.58695652173913,154.2438548894292,161.0
STR-02,SKU-00002,Snacks,NSW,Metro,2026-06-22,162,523.26,False,3.23,11.9,1.1857142857142857,0.0,26,6,-3.216245299353273e-16,-1.0,143.0,146.0,157.0,153.5,11.387127235025847,1.0,5.0,186.58695652173913,147.21657945730064,153.5
STR-02,SKU-00002,Snacks,NSW,Metro,2026-06-29,144,465.12,False,3.23,10.257142857142856,4.742857142857143,0.0,27,6,-0.12053668025532283,-0.992708874098054,162.0,143.0,168.0,154.75,12.148388096094644,1.0,5.0,186.58695652173913,145.96322327406065,154.75
STR-02,SKU-00002,Snacks,NSW,Metro,2026-07-06,160,516.8,False,3.23,10.742857142857144,4.628571428571428,0.0,28,7,-0.23931566428755743,-0.9709418174260521,144.0,162.0,146.0,148.75,8.920949127381801,1.0,5.0,186.58695652173913,149.9651077358424,148.75
STR-02,SKU-00002,Snacks,NSW,Metro,2026-07-13,177,571.71,False,3.23,10.485714285714286,2.642857142857143,0.0,29,7,-0.3546048870425356,-0.9350162426854148,160.0,144.0,143.0,152.25,10.14478519568884,1.0,5.0,186.58695652173913,148.38475879152847,152.25
STR-02,SKU-00002,Snacks,NSW,Metro,2026-07-20,145,468.35,False,3.23,10.957142857142857,3.8142857142857145,0.0,30,7,-0.46472317204376806,-0.8854560256532101,177.0,160.0,162.0,160.75,13.500000000000027,1.0,5.0,186.58695652173913,155.86505469099345,160.75
STR-02,SKU-00002,Snacks,NSW,Metro,2026-07-27,93,300.39,False,3.2299999999999995,11.2,4.2,0.0,31,7,-0.5680647467311556,-0.8229838658936565,145.0,177.0,144.0,156.5,15.502687938978005,1.0,5.0,186.58695652173913,148.51536895476326,156.5
STR-02,SKU-00003,Dairy,NSW,Metro,2026-06-08,157,1566.8600000000001,False,9.98,13.242857142857144,1.8285714285714287,1.0,24,6,0.23931566428755768,-0.970941817426052,157.0,157.0,143.0,149.25,9.032349269892828,1.0,1.0,126.69565217391305,146.74435313588063,149.25
STR-02,SKU-00003,Dairy,NSW,Metro,2026-06-15,131,1307.3799999999999,False,9.98,11.328571428571427,2.457142857142857,0.0,25,6,0.12053668025532308,-0.992708874098054,157.0,157.0,140.0,152.75,8.500000000000009,1.0,1.0,126.69565217391305,146.22963075365024,152.75
STR-02,SKU-00003,Dairy,NSW,Metro,2026-06-22,139,1387.22,False,9.98,11.9,1.1857142857142857,0.0,26,6,-3.216245299353273e-16,-1.0,131.0,157.0,157.0,150.5,13.0,1.0,1.0,126.69565217391305,139.7284110873021,150.5
STR-02,SKU-00003,Dairy,NSW,Metro,2026-06-29,141,1407.1799999999998,False,9.98,10.257142857142856,4.742857142857143,0.0,27,6,-0.12053668025532283,-0.992708874098054,139.0,131.0,157.0,146.0,13.114877048604002,1.0,1.0,126.69565217391305,138.20132772584162,146.0
STR-02,SKU-00003,Dairy,NSW,Metro,2026-07-06,144,1437.12,False,9.98,10.742857142857144,4.628571428571428,0.0,28,7,-0.23931566428755743,-0.9709418174260521,141.0,139.0,157.0,142.0,10.893423092245465,1.0,1.0,126.69565217391305,138.61035352261396,142.0
STR-02,SKU-00003,Dairy,NSW,Metro,2026-07-13,150,1497.0,False,9.98,10.485714285714286,2.642857142857143,0.0,29,7,-0.3546048870425356,-0.9350162426854148,144.0,141.0,131.0,138.75,5.560275772537433,1.0,1.0,126.69565217391305,137.44054976711143,138.75
STR-02,SKU-00003,Dairy,NSW,Metro,2026-07-20,126,1257.48,False,9.98,10.957142857142857,3.8142857142857145,0.0,30,7,-0.46472317204376806,-0.8854560256532101,150.0,144.0,139.0,143.5,4.795831523312723,1.0,1.0,126.69565217391305,142.7808257632523,143.5
STR-02,SKU-00003,Dairy,NSW,Metro,2026-07-27,80,798.4,False,9.98,11.2,4.2,0.0,31,7,-0.5680647467311556,-0.8229838658936565,126.0,150.0,141.0,140.25,10.210288928331071,1.0,1.0,126.69565217391305,131.68277657677044,140.25
STR-02,SKU-00006,Frozen,NSW,Metro,2026-06-08,71,558.06,False,7.86,13.242857142857144,1.8285714285714287,1.0,24,6,0.23931566428755768,-0.970941817426052,56.0,65.0,55.0,60.5,5.802298395176409,1.0,2.0,58.130434782608695,60.16579595705558,60.5
STR-02,SKU-00006,Frozen,NSW,Metro,2026-06-15,69,542.34,False,7.86,11.328571428571427,2.457142857142857,0.0,25,6,0.12053668025532308,-0.992708874098054,71.0,56.0,66.0,64.5,6.244997998398403,1.0,2.0,58.130434782608695,62.37706261697836,64.5
STR-02,SKU-00006,Frozen,NSW,Metro,2026-06-22,64,503.03999999999996,False,7.86,11.9,1.1857142857142857,0.0,26,6,-3.216245299353273e-16,-1.0,69.0,71.0,65.0,65.25,6.65206734782504,1.0,2.0,58.130434782608695,62.89611495429071,65.25
STR-02,SKU-00006,Frozen,NSW,Metro,2026-06-29,71,558.06,False,7.86,10.257142857142856,4.742857142857143,0.0,27,6,-0.12053668025532283,-0.992708874098054,64.0,69.0,56.0,65.0,6.683312551921144,1.0,2.0,58.130434782608695,63.47279834866495,65.0
STR-02,SKU-00006,Frozen,NSW,Metro,2026-07-06,72,565.92,False,7.86,10.742857142857144,4.628571428571428,0.0,28,7,-0.23931566428755743,-0.9709418174260521,71.0,64.0,71.0,68.75,3.3040379335998433,1.0,2.0,58.130434782608695,63.29401807719743,68.75
STR-02,SKU-00006,Frozen,NSW,Metro,2026-07-13,64,503.03999999999996,False,7.86,10.485714285714286,2.642857142857143,0.0,29,7,-0.3546048870425356,-0.9350162426854148,72.0,71.0,69.0,69.0,3.559026084010445,1.0,2.0,58.130434782608695,64.65585503236461,69.0
STR-02,SKU-00006,Frozen,NSW,Metro,2026-07-20,71,558.06,False,7.86,10.957142857142857,3.8142857142857145,0.0,30,7,-0.46472317204376806,-0.8854560256532101,64.0,72.0,64.0,67.75,4.349329450233303,1.0,2.0,58.130434782608695,62.2534319092499,67.75
STR-02,SKU-00006,Frozen,NSW,Metro,2026-07-27,34,267.24,False,7.860000000000001,11.2,4.2,0.0,31,7,-0.5680647467311556,-0.8229838658936565,71.0,64.0,71.0,69.5,3.69684550213648,1.0,2.0,58.130434782608695,64.55819761221657,69.5
STR-02,SKU-00007,Beverages,NSW,Metro,2026-06-08,116,512.72,False,4.42,13.242857142857144,1.8285714285714287,1.0,24,6,0.23931566428755768,-0.970941817426052,136.0,126.0,138.0,135.0,6.218252702059163,1.0,0.0,179.43478260869566,133.9026197600312,135.0
STR-02,SKU-00007,Beverages,NSW,Metro,2026-06-15,108,477.36,False,4.42,11.328571428571427,2.457142857142857,0.0,25,6,0.12053668025532308,-0.992708874098054,116.0,136.0,140.0,129.5,10.754843869934424,1.0,0.0,179.43478260869566,124.24916175132418,129.5
STR-02,SKU-00007,Beverages,NSW,Metro,2026-06-22,85,375.7,False,4.42,11.9,1.1857142857142857,0.0,26,6,-3.216245299353273e-16,-1.0,108.0,116.0,126.0,121.5,12.1518174223721,1.0,0.0,179.43478260869566,114.61185565574648,121.5
STR-02,SKU-00007,Beverages,NSW,Metro,2026-06-29,108,477.36,False,4.42,10.257142857142856,4.742857142857143,0.0,27,6,-0.12053668025532283,-0.992708874098054,85.0,108.0,136.0,111.25,21.09304782781915,1.0,0.0,179.43478260869566,104.22445670137867,111.25
STR-02,SKU-00007,Beverages,NSW,Metro,2026-07-06,105,464.1,False,4.42,10.742857142857144,4.628571428571428,0.0,28,7,-0.23931566428755743,-0.9709418174260521,108.0,85.0,116.0,104.25,13.375973484822183,1.0,0.0,179.43478260869566,105.02948632075973,104.25
STR-02,SKU-00007,Beverages,NSW,Metro,2026-07-13,80,353.6,False,4.42,10.485714285714286,2.642857142857143,0.0,29,7,-0.3546048870425356,-0.9350162426854148,105.0,108.0,108.0,101.5,11.09053650640939,1.0,0.0,179.43478260869566,106.63365675327039,101.5
STR-02,SKU-00007,Beverages,NSW,Metro,2026-07-20,89,393.38,False,4.42,10.957142857142857,3.8142857142857145,0.0,30,7,-0.46472317204376806,-0.8854560256532101,80.0,105.0,85.0,94.5,14.059397805975404,1.0,0.0,179.43478260869566,93.36817734122894,94.5
STR-02,SKU-00007,Beverages,NSW,Metro,2026-07-27,65,287.3,False,4.42,11.2,4.2,0.0,31,7,-0.5680647467311556,-0.8229838658936565,89.0,80.0,108.0,95.5,13.279056191361368,1.0,0.0,179.43478260869566,92.62864854614332,95.5
STR-02,SKU-00008,Snacks,NSW,Metro,2026-06-08,100,263.0,False,2.63,13.242857142857144,1.8285714285714287,1.0,24,6,0.23931566428755768,-0.970941817426052,95.0,118.0,119.0,113.5,12.449899597988747,1.0,5.0,123.19565217391305,104.7357337837394,113.5
STR-02,SKU-00008,Snacks,NSW,Metro,2026-06-15,121,318.23,False,2.63,11.328571428571427,2.457142857142857,0.0,25,6,0.12053668025532308,-0.992708874098054,100.0,95.0,122.0,108.75,13.250786140200653,1.0,5.0,123.19565217391305,104.82404455930784,108.75
STR-02,SKU-00008,Snacks,NSW,Metro,2026-06-22,106,278.78,False,2.63,11.9,1.1857142857142857,0.0,26,6,-3.216245299353273e-16,-1.0,121.0,100.0,118.0,108.5,12.9228479833201,1.0,5.0,123.19565217391305,108.27573231277019,108.5
STR-02,SKU-00008,Snacks,NSW,Metro,2026-06-29,93,244.59,False,2.63,10.257142857142856,4.742857142857143,0.0,27,6,-0.12053668025532283,-0.992708874098054,106.0,121.0,95.0,105.5,11.26942766958466,1.0,5.0,123.19565217391305,102.30035609930736,105.5
STR-02,SKU-00008,Snacks,NSW,Metro,2026-07-06,103,270.89,False,2.63,10.742857142857144,4.628571428571428,0.0,28,7,-0.23931566428755743,-0.9709418174260521,93.0,106.0,100.0,105.0,11.916375287813,1.0,5.0,123.19565217391305,99.63489232014366,105.0
STR-02,SKU-00008,Snacks,NSW,Metro,2026-07-13,100,263.0,False,2.63,10.485714285714286,2.642857142857143,0.0,29,7,-0.3546048870425356,-0.9350162426854148,103.0,93.0,121.0,105.75,11.586630226256483,1.0,5.0,123.19565217391305,106.05825277356658,105.75
STR-02,SKU-00008,Snacks,NSW,Metro,2026-07-20,101,265.63,False,2.63,10.957142857142857,3.8142857142857145,0.0,30,7,-0.46472317204376806,-0.8854560256532101,100.0,103.0,106.0,100.5,5.567764362830057,1.0,5.0,123.19565217391305,98.98734445936684,100.5
STR-02,SKU-00008,Snacks,NSW,Metro,2026-07-27,78,205.14,False,2.63,11.2,4.2,0.0,31,7,-0.5680647467311556,-0.8229838658936565,101.0,100.0,93.0,99.25,4.349329450233341,1.0,5.0,123.19565217391305,99.69601013091872,99.25
STR-02,SKU-00009,Dairy,NSW,Metro,2026-06-08,160,1089.6,False,6.81,13.242857142857144,1.8285714285714287,1.0,24,6,0.23931566428755768,-0.970941817426052,162.0,145.0,173.0,160.75,11.615363389350614,1.0,1.0,146.41304347826087,158.34821052767086,160.75
STR-02,SKU-00009,Dairy,NSW,Metro,2026-06-15,163,1110.03,False,6.81,11.328571428571427,2.457142857142857,0.0,25,6,0.12053668025532308,-0.992708874098054,160.0,162.0,163.0,157.5,8.426149773176352,1.0,1.0,146.41304347826087,151.6544933886018,157.5
STR-02,SKU-00009,Dairy,NSW,Metro,2026-06-22,181,1232.61,False,6.81,11.9,1.1857142857142857,0.0,26,6,-3.216245299353273e-16,-1.0,163.0,160.0,145.0,157.5,8.426149773176352,1.0,1.0,146.41304347826087,151.2082196104775,157.5
STR-02,SKU-00009,Dairy,NSW,Metro,2026-06-29,184,1253.04,False,6.81,10.257142857142856,4.742857142857143,0.0,27,6,-0.12053668025532283,-0.992708874098054,181.0,163.0,162.0,166.5,9.746794344808963,1.0,1.0,146.41304347826087,161.2572606527631,166.5
STR-02,SKU-00009,Dairy,NSW,Metro,2026-07-06,170,1157.7,False,6.81,10.742857142857144,4.628571428571428,0.0,28,7,-0.23931566428755743,-0.9709418174260521,184.0,181.0,160.0,172.0,12.247448713915889,1.0,1.0,146.41304347826087,170.9865609562319,172.0
STR-02,SKU-00009,Dairy,NSW,Metro,2026-07-13,170,1157.7,False,6.81,10.485714285714286,2.642857142857143,0.0,29,7,-0.3546048870425356,-0.9350162426854148,170.0,184.0,163.0,174.5,9.746794344808963,1.0,1.0,146.41304347826087,171.03477767248356,174.5
STR-02,SKU-00009,Dairy,NSW,Metro,2026-07-20,176,1198.56,False,6.81,10.957142857142857,3.8142857142857145,0.0,30,7,-0.46472317204376806,-0.8854560256532101,170.0,170.0,181.0,176.25,7.320063751999248,1.0,1.0,146.41304347826087,170.06468476360865,176.25
STR-02,SKU-00009,Dairy,NSW,Metro,2026-07-27,100,681.0,False,6.81,11.2,4.2,0.0,31,7,-0.5680647467311556,-0.8229838658936565,176.0,170.0,184.0,175.0,6.633249580710797,1.0,1.0,146.41304347826087,167.3490563695957,175.0
STR-02,SKU-00010,Household,NSW,Metro,2026-06-08,35,283.84999999999997,False,8.11,13.242857142857144,1.8285714285714287,1.0,24,6,0.23931566428755768,-0.970941817426052,40.0,41.0,32.0,40.25,6.551081335677847,1.0,3.0,37.84782608695652,38.50640102003076,40.25
STR-02,SKU-00010,Household,NSW,Metro,2026-06-15,37,300.07,False,8.11,11.328571428571427,2.457142857142857,0.0,25,6,0.12053668025532308,-0.992708874098054,35.0,40.0,48.0,41.0,5.354126134736335,1.0,3.0,37.84782608695652,38.256171246615295,41.0
STR-02,SKU-00010,Household,NSW,Metro,2026-06-22,42,340.62,False,8.11,11.9,1.1857142857142857,0.0,26,6,-3.216245299353273e-16,-1.0,37.0,35.0,41.0,38.25,2.7537852736430466,1.0,3.0,37.84782608695652,37.448383017132294,38.25
STR-02,SKU-00010,Household,NSW,Metro,2026-06-29,40,324.4,False,8.11,10.257142857142856,4.742857142857143,0.0,27,6,-0.12053668025532283,-0.992708874098054,42.0,37.0,40.0,38.5,3.109126351029601,1.0,3.0,37.84782608695652,38.37879598917281,38.5
STR-02,SKU-00010,Household,NSW,Metro,2026-07-06,48,389.28,False,8.11,10.742857142857144,4.628571428571428,0.0,28,7,-0.23931566428755743,-0.9709418174260521,40.0,42.0,35.0,38.5,3.109126351029601,1.0,3.0,37.84782608695652,38.36624889663025,38.5
STR-02,SKU-00010,Household,NSW,Metro,2026-07-13,36,291.96,False,8.11,10.485714285714286,2.642857142857143,0.0,29,7,-0.3546048870425356,-0.9350162426854148,48.0,40.0,37.0,41.75,4.645786621588783,1.0,3.0,37.84782608695652,38.486145194209065,41.75
STR-02,SKU-00010,Household,NSW,Metro,2026-07-20,43,348.72999999999996,False,8.11,10.957142857142857,3.8142857142857145,0.0,30,7,-0.46472317204376806,-0.8854560256532101,36.0,48.0,42.0,41.5,4.999999999999998,1.0,3.0,37.84782608695652,38.7440109714566,41.5
STR-02,SKU-00010,Household,NSW,Metro,2026-07-27,24,194.64,False,8.11,11.2,4.2,0.0,31,7,-0.5680647467311556,-0.8229838658936565,43.0,36.0,40.0,41.75,5.057996968497838,1.0,3.0,37.84782608695652,38.21377427827605,41.75
STR-02,SKU-00011,Personal Care,NSW,Metro,2026-06-08,42,460.74,False,10.97,13.242857142857144,1.8285714285714287,1.0,24,6,0.23931566428755768,-0.970941817426052,35.0,31.0,26.0,29.5,4.358898943540656,1.0,4.0,28.782608695652176,28.937598668727695,29.5
STR-02,SKU-00011,Personal Care,NSW,Metro,2026-06-15,22,241.34,False,10.97,11.328571428571427,2.457142857142857,0.0,25,6,0.12053668025532308,-0.992708874098054,42.0,35.0,26.0,33.5,6.757711644237753,1.0,4.0,28.782608695652176,29.538275944863642,33.5
STR-02,SKU-00011,Personal Care,NSW,Metro,2026-06-22,33,362.01,False,10.97,11.9,1.1857142857142857,0.0,26,6,-3.216245299353273e-16,-1.0,22.0,42.0,31.0,32.5,8.3466560170326,1.0,4.0,28.782608695652176,29.137383900109977,32.5
STR-02,SKU-00011,Personal Care,NSW,Metro,2026-06-29,28,307.15999999999997,False,10.97,10.257142857142856,4.742857142857143,0.0,27,6,-0.12053668025532283,-0.992708874098054,33.0,22.0,35.0,33.0,8.286535263104026,1.0,4.0,28.782608695652176,29.939811229985743,33.0
STR-02,SKU-00011,Personal Care,NSW,Metro,2026-07-06,28,307.15999999999997,False,10.97,10.742857142857144,4.628571428571428,0.0,28,7,-0.23931566428755743,-0.9709418174260521,28.0,33.0,42.0,31.25,8.460693430998028,1.0,4.0,28.782608695652176,29.29446717123919,31.25
STR-02,SKU-00011,Personal Care,NSW,Metro,2026-07-13,32,351.04,False,10.97,10.485714285714286,2.642857142857143,0.0,29,7,-0.3546048870425356,-0.9350162426854148,28.0,28.0,22.0,27.75,4.499999999999985,1.0,4.0,28.782608695652176,28.022867627056847,27.75
STR-02,SKU-00011,Personal Care,NSW,Metro,2026-07-20,23,252.31,False,10.97,10.957142857142857,3.8142857142857145,0.0,30,7,-0.46472317204376806,-0.8854560256532101,32.0,28.0,33.0,30.25,2.629955639676557,1.0,4.0,28.782608695652176,29.36683198695874,30.25
STR-02,SKU-00011,Personal Care,NSW,Metro,2026-07-27,23,252.31,False,10.97,11.2,4.2,0.0,31,7,-0.5680647467311556,-0.8229838658936565,23.0,32.0,28.0,27.75,3.6855573979159777,1.0,4.0,28.782608695652176,28.705918074096726,27.75
STR-02,SKU-00012,Frozen,NSW,Metro,2026-06-08,27,138.78,True,5.14,13.242857142857144,1.8285714285714287,1.0,24,6,0.23931566428755768,-0.970941817426052,36.0,42.0,39.0,37.75,3.4999999999999956,1.0,2.0,31.891304347826086,37.50171682342265,37.75
STR-02,SKU-00012,Frozen,NSW,Metro,2026-06-15,37,190.18,False,5.14,11.328571428571427,2.457142857142857,0.0,25,6,0.12053668025532308,-0.992708874098054,27.0,36.0,34.0,34.75,6.184658438426489,1.0,2.0,31.891304347826086,34.53543051859133,34.75
STR-02,SKU-00012,Frozen,NSW,Metro,2026-06-22,36,185.04,False,5.14,11.9,1.1857142857142857,0.0,26,6,-3.216245299353273e-16,-1.0,37.0,27.0,42.0,35.5,6.2449979983983965,1.0,2.0,31.891304347826086,34.627841015581225,35.5
STR-02,SKU-00012,Frozen,NSW,Metro,2026-06-29,72,179.89999999999998,False,5.14,10.257142857142856,4.742857142857143,0.0,27,6,-0.12053668025532283,-0.992708874098054,36.0,37.0,36.0,34.0,4.690415759823428,1.0,2.0,31.891304347826086,34.081774335702605,34.0
STR-02,SKU-00012,Frozen,NSW,Metro,2026-07-06,34,174.76,False,5.14,10.742857142857144,4.628571428571428,0.0,28,7,-0.23931566428755743,-0.9709418174260521,72.0,36.0,27.0,43.0,19.849433241279208,1.0,2.0,31.891304347826086,41.96486937017029,43.0
STR-02,SKU-00012,Frozen,NSW,Metro,2026-07-13,41,210.74,False,5.14,10.485714285714286,2.642857142857143,0.0,29,7,-0.3546048870425356,-0.9350162426854148,34.0,72.0,37.0,44.75,18.20942979154848,1.0,2.0,31.891304347826086,42.33970034176955,44.75
STR-02,SKU-00012,Frozen,NSW,Metro,2026-07-20,46,236.44,False,5.14,10.957142857142857,3.8142857142857145,0.0,30,7,-0.46472317204376806,-0.8854560256532101,41.0,34.0,36.0,45.75,17.745891543302825,1.0,2.0,31.891304347826086,40.265105728556605,45.75
STR-02,SKU-00012,Frozen,NSW,Metro,2026-07-27,26,133.64,False,5.14,11.2,4.2,0.0,31,7,-0.5680647467311556,-0.8229838658936565,46.0,41.0,72.0,48.25,16.580611166861935,1.0,2.0,31.891304347826086,36.129117628137,48.25
STR-02,SKU-00013,Beverages,NSW,Metro,2026-06-08,82,405.9,False,4.95,13.242857142857144,1.8285714285714287,1.0,24,6,0.23931566428755768,-0.970941817426052,91.0,104.0,91.0,97.0,6.9761498454854465,1.0,0.0,136.15217391304347,94.042616477422,97.0
STR-02,SKU-00013,Beverages,NSW,Metro,2026-06-15,59,292.05,False,4.95,11.328571428571427,2.457142857142857,0.0,25,6,0.12053668025532308,-0.992708874098054,82.0,91.0,102.0,94.75,10.242883708539633,1.0,0.0,136.15217391304347,83.06691763208656,94.75
STR-02,SKU-00013,Beverages,NSW,Metro,2026-06-22,68,336.59999999999997,False,4.95,11.9,1.1857142857142857,0.0,26,6,-3.216245299353273e-16,-1.0,59.0,82.0,104.0,84.0,18.956089610817237,1.0,0.0,136.15217391304347,73.04736854348633,84.0
STR-02,SKU-00013,Beverages,NSW,Metro,2026-06-29,71,351.45,False,4.95,10.257142857142856,4.742857142857143,0.0,27,6,-0.12053668025532283,-0.992708874098054,68.0,59.0,91.0,75.0,14.25949975747162,1.0,0.0,136.15217391304347,73.88358184329569,75.0
STR-02,SKU-00013,Beverages,NSW,Metro,2026-07-06,83,410.85,False,4.95,10.742857142857144,4.628571428571428,0.0,28,7,-0.23931566428755743,-0.9709418174260521,71.0,68.0,82.0,70.0,9.486832980505131,1.0,0.0,136.15217391304347,71.53387283069615,70.0
STR-02,SKU-00013,Beverages,NSW,Metro,2026-07-13,76,376.2,False,4.95,10.485714285714286,2.642857142857143,0.0,29,7,-0.3546048870425356,-0.9350162426854148,83.0,71.0,59.0,70.25,9.912113800799498,1.0,0.0,136.15217391304347,73.83476805008607,70.25
STR-02,SKU-00013,Beverages,NSW,Metro,2026-07-20,69,341.55,False,4.95,10.957142857142857,3.8142857142857145,0.0,30,7,-0.46472317204376806,-0.8854560256532101,76.0,83.0,68.0,74.5,6.557438524301991,1.0,0.0,136.15217391304347,78.29685320788421,74.5
STR-02,SKU-00013,Beverages,NSW,Metro,2026-07-27,43,212.85,False,4.95,11.2,4.2,0.0,31,7,-0.5680647467311556,-0.8229838658936565,69.0,76.0,71.0,74.75,6.238322424070956,1.0,0.0,136.15217391304347,74.1255636912052,74.75
STR-02,SKU-00014,Snacks,NSW,Metro,2026-06-08,141,1020.84,False,7.24,13.242857142857144,1.8285714285714287,1.0,24,6,0.23931566428755768,-0.970941817426052,135.0,134.0,150.0,136.25,10.01249219725037,1.0,5.0,161.91304347826087,133.83003763271813,136.25
STR-02,SKU-00014,Snacks,NSW,Metro,2026-06-15,143,1035.32,False,7.24,11.328571428571427,2.457142857142857,0.0,25,6,0.12053668025532308,-0.992708874098054,141.0,135.0,126.0,134.0,6.16441400296894,1.0,5.0,161.91304347826087,131.59983201744433,134.0
STR-02,SKU-00014,Snacks,NSW,Metro,2026-06-22,125,905.0,False,7.24,11.9,1.1857142857142857,0.0,26,6,-3.216245299353273e-16,-1.0,143.0,141.0,134.0,138.25,4.425306015783871,1.0,5.0,161.91304347826087,139.12599405281549,138.25
STR-02,SKU-00014,Snacks,NSW,Metro,2026-06-29,145,1049.8,False,7.24,10.257142857142856,4.742857142857143,0.0,27,6,-0.12053668025532283,-0.992708874098054,125.0,143.0,135.0,136.0,8.082903768654734,1.0,5.0,161.91304347826087,133.82257001714785,136.0
STR-02,SKU-00014,Snacks,NSW,Metro,2026-07-06,124,897.76,False,7.24,10.742857142857144,4.628571428571428,0.0,28,7,-0.23931566428755743,-0.9709418174260521,145.0,125.0,141.0,138.5,9.14694848934147,1.0,5.0,161.91304347826087,136.76398955718935,138.5
STR-02,SKU-00014,Snacks,NSW,Metro,2026-07-13,128,926.72,False,7.24,10.485714285714286,2.642857142857143,0.0,29,7,-0.3546048870425356,-0.9350162426854148,124.0,145.0,143.0,134.25,11.295279249904928,1.0,5.0,161.91304347826087,130.08521496254474,134.25
STR-02,SKU-00014,Snacks,NSW,Metro,2026-07-20,125,905.0,False,7.24,10.957142857142857,3.8142857142857145,0.0,30,7,-0.46472317204376806,-0.8854560256532101,128.0,124.0,125.0,130.5,9.814954576223615,1.0,5.0,161.91304347826087,133.22147264488905,130.5
STR-02,SKU-00014,Snacks,NSW,Metro,2026-07-27,97,702.28,False,7.24,11.2,4.2,0.0,31,7,-0.5680647467311556,-0.8229838658936565,125.0,128.0,145.0,130.5,9.814954576223615,1.0,5.0,161.91304347826087,131.8002435828436,130.5
STR-02,SKU-00015,Dairy,NSW,Metro,2026-06-08,118,375.24,False,3.18,13.242857142857144,1.8285714285714287,1.0,24,6,0.23931566428755768,-0.970941817426052,124.0,110.0,118.0,119.25,6.898067362191629,1.0,1.0,118.45652173913044,119.11360870606246,119.25
STR-02,SKU-00015,Dairy,NSW,Metro,2026-06-15,134,426.12,False,3.18,11.328571428571427,2.457142857142857,0.0,25,6,0.12053668025532308,-0.992708874098054,118.0,124.0,125.0,119.25,6.898067362191629,1.0,1.0,118.45652173913044,115.70764141805368,119.25
STR-02,SKU-00015,Dairy,NSW,Metro,2026-06-22,124,394.32,False,3.18,11.9,1.1857142857142857,0.0,26,6,-3.216245299353273e-16,-1.0,134.0,118.0,110.0,121.5,10.11599393699568,1.0,1.0,118.45652173913044,117.6994520358772,121.5
STR-02,SKU-00015,Dairy,NSW,Metro,2026-06-29,123,391.14,False,3.18,10.257142857142856,4.742857142857143,0.0,27,6,-0.12053668025532283,-0.992708874098054,124.0,134.0,124.0,125.0,6.633249580710806,1.0,1.0,118.45652173913044,123.45377944578846,125.0
STR-02,SKU-00015,Dairy,NSW,Metro,2026-07-06,124,394.32000000000005,False,3.18,10.742857142857144,4.628571428571428,0.0,28,7,-0.23931566428755743,-0.9709418174260521,123.0,124.0,118.0,124.75,6.701989754294372,1.0,1.0,118.45652173913044,125.08694808158594,124.75
STR-02,SKU-00015,Dairy,NSW,Metro,2026-07-13,119,378.42,False,3.18,10.485714285714286,2.642857142857143,0.0,29,7,-0.3546048870425356,-0.9350162426854148,124.0,123.0,134.0,126.25,5.188127472091134,1.0,1.0,118.45652173913044,120.60476762331155,126.25
STR-02,SKU-00015,Dairy,NSW,Metro,2026-07-20,129,343.44,False,3.18,10.957142857142857,3.8142857142857145,0.0,30,7,-0.46472317204376806,-0.8854560256532101,119.0,124.0,124.0,122.5,2.380476142847636,1.0,1.0,118.45652173913044,115.93750716279806,122.5
STR-02,SKU-00015,Dairy,NSW,Metro,2026-07-27,96,305.28,False,3.18,11.2,4.2,0.0,31,7,-0.5680647467311556,-0.8229838658936565,129.0,119.0,123.0,123.75,4.1129875597510335,1.0,1.0,118.45652173913044,118.99382853645724,123.75
STR-02,SKU-00016,Household,NSW,Metro,2026-06-08,50,174.0,False,3.48,13.242857142857144,1.8285714285714287,1.0,24,6,0.23931566428755768,-0.970941817426052,39.0,40.0,35.0,36.0,4.546060565661953,1.0,3.0,39.67391304347826,37.069017986071685,36.0
STR-02,SKU-00016,Household,NSW,Metro,2026-06-15,39,135.72,False,3.48,11.328571428571427,2.457142857142857,0.0,25,6,0.12053668025532308,-0.992708874098054,50.0,39.0,30.0,39.75,8.180260794538684,1.0,3.0,39.67391304347826,39.58157710489187,39.75
STR-02,SKU-00016,Household,NSW,Metro,2026-06-22,40,139.2,False,3.48,11.9,1.1857142857142857,0.0,26,6,-3.216245299353273e-16,-1.0,39.0,50.0,40.0,42.0,5.354126134736337,1.0,3.0,39.67391304347826,40.17686331024165,42.0
STR-02,SKU-00016,Household,NSW,Metro,2026-06-29,48,167.04,False,3.48,10.257142857142856,4.742857142857143,0.0,27,6,-0.12053668025532283,-0.992708874098054,40.0,39.0,39.0,42.0,5.354126134736337,1.0,3.0,39.67391304347826,40.45691616605317,42.0
STR-02,SKU-00016,Household,NSW,Metro,2026-07-06,38,132.24,False,3.48,10.742857142857144,4.628571428571428,0.0,28,7,-0.23931566428755743,-0.9709418174260521,48.0,40.0,50.0,44.25,5.560275772537426,1.0,3.0,39.67391304347826,41.74128903764894,44.25
STR-02,SKU-00016,Household,NSW,Metro,2026-07-13,35,121.8,False,3.48,10.485714285714286,2.642857142857143,0.0,29,7,-0.3546048870425356,-0.9350162426854148,38.0,48.0,39.0,41.25,4.573474244670749,1.0,3.0,39.67391304347826,40.241762941057246,41.25
STR-02,SKU-00016,Household,NSW,Metro,2026-07-20,32,111.35999999999999,False,3.48,10.957142857142857,3.8142857142857145,0.0,30,7,-0.46472317204376806,-0.8854560256532101,35.0,38.0,40.0,40.25,5.560275772537427,1.0,3.0,39.67391304347826,39.49365104197742,40.25
STR-02,SKU-00016,Household,NSW,Metro,2026-07-27,31,107.88,False,3.4799999999999995,11.2,4.2,0.0,31,7,-0.5680647467311556,-0.8229838658936565,32.0,35.0,48.0,38.25,6.946221994724904,1.0,3.0,39.67391304347826,38.493439856711966,38.25
STR-02,SKU-00018,Snacks,NSW,Metro,2026-06-08,129,436.02,False,3.38,13.242857142857144,1.8285714285714287,1.0,24,6,0.23931566428755768,-0.970941817426052,116.0,119.0,101.0,113.0,8.12403840463596,1.0,5.0,134.2608695652174,115.07476501767015,113.0
STR-02,SKU-00018,Snacks,NSW,Metro,2026-06-15,102,344.76,False,3.38,11.328571428571427,2.457142857142857,0.0,25,6,0.12053668025532308,-0.992708874098054,129.0,116.0,116.0,120.0,6.164414002968976,1.0,5.0,134.2608695652174,117.58591803492793,120.0
STR-02,SKU-00018,Snacks,NSW,Metro,2026-06-22,109,368.42,False,3.38,11.9,1.1857142857142857,0.0,26,6,-3.216245299353273e-16,-1.0,102.0,129.0,119.0,116.5,11.150485789118486,1.0,5.0,134.2608695652174,109.74213273526318,116.5
STR-02,SKU-00018,Snacks,NSW,Metro,2026-06-29,103,348.14,False,3.38,10.257142857142856,4.742857142857143,0.0,27,6,-0.12053668025532283,-0.992708874098054,109.0,102.0,116.0,114.0,11.51810169544733,1.0,5.0,134.2608695652174,113.8015427095605,114.0
STR-02,SKU-00018,Snacks,NSW,Metro,2026-07-06,111,375.17999999999995,False,3.38,10.742857142857144,4.628571428571428,0.0,28,7,-0.23931566428755743,-0.9709418174260521,103.0,109.0,129.0,110.75,12.553220038433697,1.0,5.0,134.2608695652174,111.43086148847624,110.75
STR-02,SKU-00018,Snacks,NSW,Metro,2026-07-13,109,368.42,False,3.38,10.485714285714286,2.642857142857143,0.0,29,7,-0.3546048870425356,-0.9350162426854148,111.0,103.0,102.0,106.25,4.425306015783918,1.0,5.0,134.2608695652174,113.85992584491083,106.25
STR-02,SKU-00018,Snacks,NSW,Metro,2026-07-20,125,422.5,False,3.38,10.957142857142857,3.8142857142857145,0.0,30,7,-0.46472317204376806,-0.8854560256532101,109.0,111.0,109.0,108.0,3.4641016151377535,1.0,5.0,134.2608695652174,112.56981988852182,108.0
STR-02,SKU-00018,Snacks,NSW,Metro,2026-07-27,78,263.64,False,3.38,11.2,4.2,0.0,31,7,-0.5680647467311556,-0.8229838658936565,125.0,109.0,103.0,112.0,9.309493362512626,1.0,5.0,134.2608695652174,116.72100384884888,112.0
STR-02,SKU-00019,Dairy,NSW,Metro,2026-06-08,108,965.52,False,8.94,13.242857142857144,1.8285714285714287,1.0,24,6,0.23931566428755768,-0.970941817426052,127.0,131.0,126.0,124.25,7.804912982645394,1.0,1.0,108.56521739130434,125.91153975600248,124.25
STR-02,SKU-00019,Dairy,NSW,Metro,2026-06-15,134,1197.96,False,8.94,11.328571428571427,2.457142857142857,0.0,25,6,0.12053668025532308,-0.992708874098054,108.0,127.0,113.0,119.75,10.996211468804455,1.0,1.0,108.56521739130434,115.35216188469153,119.75
STR-02,SKU-00019,Dairy,NSW,Metro,2026-06-22,113,1010.22,False,8.94,11.9,1.1857142857142857,0.0,26,6,-3.216245299353273e-16,-1.0,134.0,108.0,131.0,125.0,11.69045194450012,1.0,1.0,108.56521739130434,127.52890757250682,125.0
STR-02,SKU-00019,Dairy,NSW,Metro,2026-06-29,112,1001.28,False,8.94,10.257142857142856,4.742857142857143,0.0,27,6,-0.12053668025532283,-0.992708874098054,113.0,134.0,127.0,120.5,12.069244660154448,1.0,1.0,108.56521739130434,116.95419248781424,120.5
STR-02,SKU-00019,Dairy,NSW,Metro,2026-07-06,115,1028.1,False,8.94,10.742857142857144,4.628571428571428,0.0,28,7,-0.23931566428755743,-0.9709418174260521,112.0,113.0,108.0,116.75,11.7011395456454,1.0,1.0,108.56521739130434,116.69816348361205,116.75
STR-02,SKU-00019,Dairy,NSW,Metro,2026-07-13,120,1072.8,False,8.94,10.485714285714286,2.642857142857143,0.0,29,7,-0.3546048870425356,-0.9350162426854148,115.0,112.0,134.0,118.5,10.408329997330663,1.0,1.0,108.56521739130434,118.58040856977355,118.5
STR-02,SKU-00019,Dairy,NSW,Metro,2026-07-20,116,1037.04,False,8.94,10.957142857142857,3.8142857142857145,0.0,30,7,-0.46472317204376806,-0.8854560256532101,120.0,115.0,113.0,115.0,3.5590260840104286,1.0,1.0,108.56521739130434,114.5219103287764,115.0
STR-02,SKU-00019,Dairy,NSW,Metro,2026-07-27,90,804.6,False,8.94,11.2,4.2,0.0,31,7,-0.5680647467311556,-0.8229838658936565,116.0,120.0,112.0,115.75,3.3040379335998247,1.0,1.0,108.56521739130434,112.47167386044653,115.75
STR-02,SKU-00020,Household,NSW,Metro,2026-06-08,95,900.6,False,9.48,13.242857142857144,1.8285714285714287,1.0,24,6,0.23931566428755768,-0.970941817426052,80.0,90.0,71.0,78.0,9.055385138137417,1.0,3.0,75.43478260869566,76.47735485181241,78.0
STR-02,SKU-00020,Household,NSW,Metro,2026-06-15,71,673.08,False,9.48,11.328571428571427,2.457142857142857,0.0,25,6,0.12053668025532308,-0.992708874098054,95.0,80.0,71.0,84.0,10.677078252031313,1.0,3.0,75.43478260869566,77.34632341689475,84.0
STR-02,SKU-00020,Household,NSW,Metro,2026-06-22,73,692.04,False,9.48,11.9,1.1857142857142857,0.0,26,6,-3.216245299353273e-16,-1.0,71.0,95.0,90.0,84.0,10.677078252031313,1.0,3.0,75.43478260869566,77.55351613189912,84.0
STR-02,SKU-00020,Household,NSW,Metro,2026-06-29,79,748.92,False,9.48,10.257142857142856,4.742857142857143,0.0,27,6,-0.12053668025532283,-0.992708874098054,73.0,71.0,80.0,79.75,10.874281585465775,1.0,3.0,75.43478260869566,74.73253029674804,79.75
STR-02,SKU-00020,Household,NSW,Metro,2026-07-06,70,663.6,False,9.48,10.742857142857144,4.628571428571428,0.0,28,7,-0.23931566428755743,-0.9709418174260521,79.0,73.0,95.0,79.5,10.878112581387148,1.0,3.0,75.43478260869566,75.45664913876854,79.5
STR-02,SKU-00020,Household,NSW,Metro,2026-07-13,72,682.56,False,9.48,10.485714285714286,2.642857142857143,0.0,29,7,-0.3546048870425356,-0.9350162426854148,70.0,79.0,71.0,73.25,4.031128874149275,1.0,3.0,75.43478260869566,73.15378234879736,73.25
STR-02,SKU-00020,Household,NSW,Metro,2026-07-20,81,767.88,False,9.48,10.957142857142857,3.8142857142857145,0.0,30,7,-0.46472317204376806,-0.8854560256532101,72.0,70.0,73.0,73.5,3.872983346207417,1.0,3.0,75.43478260869566,73.05085178636395,73.5
STR-02,SKU-00020,Household,NSW,Metro,2026-07-27,57,540.36,False,9.48,11.2,4.2,0.0,31,7,-0.5680647467311556,-0.8229838658936565,81.0,72.0,79.0,75.5,5.32290647422377,1.0,3.0,75.43478260869566,78.75587229956791,75.5
STR-02,SKU-00022,Frozen,NSW,Metro,2026-06-08,73,542.39,False,7.43,13.242857142857144,1.8285714285714287,1.0,24,6,0.23931566428755768,-0.970941817426052,65.0,53.0,67.0,67.5,13.203534880225579,1.0,2.0,61.108695652173914,64.84389937915691,67.5
STR-02,SKU-00022,Frozen,NSW,Metro,2026-06-15,72,534.96,False,7.43,11.328571428571427,2.457142857142857,0.0,25,6,0.12053668025532308,-0.992708874098054,73.0,65.0,85.0,69.0,13.466006584482777,1.0,2.0,61.108695652173914,68.72555130966934,69.0
STR-02,SKU-00022,Frozen,NSW,Metro,2026-06-22,76,564.6800000000001,False,7.43,11.9,1.1857142857142857,0.0,26,6,-3.216245299353273e-16,-1.0,72.0,73.0,53.0,65.75,9.215023964519398,1.0,2.0,61.108695652173914,66.67371488308,65.75
STR-02,SKU-00022,Frozen,NSW,Metro,2026-06-29,70,520.1,False,7.43,10.257142857142856,4.742857142857143,0.0,27,6,-0.12053668025532283,-0.992708874098054,76.0,72.0,65.0,71.5,4.654746681256329,1.0,2.0,61.108695652173914,68.58229632093534,71.5
STR-02,SKU-00022,Frozen,NSW,Metro,2026-07-06,61,453.23,False,7.43,10.742857142857144,4.628571428571428,0.0,28,7,-0.23931566428755743,-0.9709418174260521,70.0,76.0,73.0,72.75,2.500000000000027,1.0,2.0,61.108695652173914,69.69820345409066,72.75
STR-02,SKU-00022,Frozen,NSW,Metro,2026-07-13,66,490.38,False,7.43,10.485714285714286,2.642857142857143,0.0,29,7,-0.3546048870425356,-0.9350162426854148,61.0,70.0,72.0,69.75,6.344288770224772,1.0,2.0,61.108695652173914,66.73888218066486,69.75
STR-02,SKU-00022,Frozen,NSW,Metro,2026-07-20,69,512.6700000000001,False,7.43,10.957142857142857,3.8142857142857145,0.0,30,7,-0.46472317204376806,-0.8854560256532101,66.0,61.0,76.0,68.25,6.344288770224772,1.0,2.0,61.108695652173914,65.30382524076495,68.25
STR-02,SKU-00022,Frozen,NSW,Metro,2026-07-27,45,334.35,False,7.43,11.2,4.2,0.0,31,7,-0.5680647467311556,-0.8229838658936565,69.0,66.0,70.0,66.5,4.0414518843274,1.0,2.0,61.108695652173914,65.11631122457624,66.5
STR-02,SKU-00023,Beverages,NSW,Metro,2026-06-08,89,373.8,False,4.2,13.242857142857144,1.8285714285714287,1.0,24,6,0.23931566428755768,-0.970941817426052,76.0,105.0,97.0,90.5,12.9743336373524,1.0,0.0,137.84782608695653,89.91916809182437,90.5
STR-02,SKU-00023,Beverages,NSW,Metro,2026-06-15,81,340.2,False,4.2,11.328571428571427,2.457142857142857,0.0,25,6,0.12053668025532308,-0.992708874098054,89.0,76.0,84.0,88.5,12.233832869001738,1.0,0.0,137.84782608695653,87.3408082944811,88.5
STR-02,SKU-00023,Beverages,NSW,Metro,2026-06-22,82,344.4,False,4.2,11.9,1.1857142857142857,0.0,26,6,-3.216245299353273e-16,-1.0,81.0,89.0,105.0,87.75,12.68529332205871,1.0,0.0,137.84782608695653,84.47484399890497,87.75
STR-02,SKU-00023,Beverages,NSW,Metro,2026-06-29,92,386.4,False,4.2,10.257142857142856,4.742857142857143,0.0,27,6,-0.12053668025532283,-0.992708874098054,82.0,81.0,76.0,82.0,5.3541261347363935,1.0,0.0,137.84782608695653,80.1420584490667,82.0
STR-02,SKU-00023,Beverages,NSW,Metro,2026-07-06,65,273.0,False,4.2,10.742857142857144,4.628571428571428,0.0,28,7,-0.23931566428755743,-0.9709418174260521,92.0,82.0,89.0,86.0,5.3541261347363935,1.0,0.0,137.84782608695653,89.8236434971251,86.0
STR-02,SKU-00023,Beverages,NSW,Metro,2026-07-13,81,340.2,False,4.2,10.485714285714286,2.642857142857143,0.0,29,7,-0.3546048870425356,-0.9350162426854148,65.0,92.0,81.0,80.0,11.165422816296177,1.0,0.0,137.84782608695653,76.14702833255504,80.0
STR-02,SKU-00023,Beverages,NSW,Metro,2026-07-20,54,226.79999999999998,False,4.2,10.957142857142857,3.8142857142857145,0.0,30,7,-0.46472317204376806,-0.8854560256532101,81.0,65.0,82.0,80.0,11.165422816296177,1.0,0.0,137.84782608695653,77.54053593849227,80.0
STR-02,SKU-00023,Beverages,NSW,Metro,2026-07-27,60,252.0,False,4.2,11.2,4.2,0.0,31,7,-0.5680647467311556,-0.8229838658936565,54.0,81.0,92.0,73.0,16.83250823060348,1.0,0.0,137.84782608695653,70.62498096302427,73.0
STR-02,SKU-00024,Snacks,NSW,Metro,2026-06-08,79,169.85,False,2.15,13.242857142857144,1.8285714285714287,1.0,24,6,0.23931566428755768,-0.970941817426052,80.0,75.0,89.0,87.0,12.727922061357821,1.0,5.0,100.8695652173913,87.41354448887057,87.0
STR-02,SKU-00024,Snacks,NSW,Metro,2026-06-15,79,169.85,False,2.15,11.328571428571427,2.457142857142857,0.0,25,6,0.12053668025532308,-0.992708874098054,79.0,80.0,104.0,84.5,13.178264933847164,1.0,5.0,100.8695652173913,84.64347420909473,84.5
STR-02,SKU-00024,Snacks,NSW,Metro,2026-06-22,69,148.35,False,2.15,11.9,1.1857142857142857,0.0,26,6,-3.216245299353273e-16,-1.0,79.0,79.0,75.0,78.25,2.2173557826081485,1.0,5.0,100.8695652173913,77.7941343396679,78.25
STR-02,SKU-00024,Snacks,NSW,Metro,2026-06-29,83,178.45,False,2.15,10.257142857142856,4.742857142857143,0.0,27,6,-0.12053668025532283,-0.992708874098054,69.0,79.0,80.0,76.75,5.188127472091042,1.0,5.0,100.8695652173913,80.12155138282291,76.75
STR-02,SKU-00024,Snacks,NSW,Metro,2026-07-06,87,187.05,False,2.15,10.742857142857144,4.628571428571428,0.0,28,7,-0.23931566428755743,-0.9709418174260521,83.0,69.0,79.0,77.5,5.972157622389565,1.0,5.0,100.8695652173913,81.27129075244714,77.5
STR-02,SKU-00024,Snacks,NSW,Metro,2026-07-13,77,165.55,False,2.15,10.485714285714286,2.642857142857143,0.0,29,7,-0.3546048870425356,-0.9350162426854148,87.0,83.0,79.0,79.5,7.724420150837588,1.0,5.0,100.8695652173913,80.94865320123266,79.5
STR-02,SKU-00024,Snacks,NSW,Metro,2026-07-20,67,144.04999999999998,False,2.15,10.957142857142857,3.8142857142857145,0.0,30,7,-0.46472317204376806,-0.8854560256532101,77.0,87.0,69.0,79.0,7.831560082980431,1.0,5.0,100.8695652173913,80.27927330691679,79.0
STR-02,SKU-00024,Snacks,NSW,Metro,2026-07-27,67,144.05,False,2.15,11.2,4.2,0.0,31,7,-0.5680647467311556,-0.8229838658936565,67.0,77.0,83.0,78.5,8.698658900466542,1.0,5.0,100.8695652173913,79.12076932475208,78.5
STR-03,SKU-00001,Beverages,QLD,Metro,2026-06-08,111,357.42,False,3.22,20.485714285714288,4.485714285714286,1.0,24,6,0.23931566428755768,-0.970941817426052,117.0,104.0,119.0,113.5,6.658328118479376,1.0,0.0,166.7173913043478,114.1928594288735,113.5
STR-03,SKU-00001,Beverages,QLD,Metro,2026-06-15,104,334.88,False,3.22,20.17142857142857,4.914285714285714,0.0,25,6,0.12053668025532308,-0.992708874098054,111.0,117.0,114.0,111.5,5.567764362830003,1.0,0.0,166.7173913043478,110.06554515690267,111.5
STR-03,SKU-00001,Beverages,QLD,Metro,2026-06-22,112,360.64,False,3.22,19.400000000000002,4.042857142857143,0.0,26,6,-3.216245299353273e-16,-1.0,104.0,111.0,104.0,109.0,6.271629240742244,1.0,0.0,166.7173913043478,106.64814379370924,109.0
STR-03,SKU-00001,Beverages,QLD,Metro,2026-06-29,98,315.56,False,3.22,20.24285714285714,5.728571428571429,0.0,27,6,-0.12053668025532283,-0.992708874098054,112.0,104.0,117.0,111.0,5.354126134736317,1.0,0.0,166.7173913043478,112.2261863476297,111.0
STR-03,SKU-00001,Beverages,QLD,Metro,2026-07-06,85,273.7,False,3.22,20.3,3.557142857142857,0.0,28,7,-0.23931566428755743,-0.9709418174260521,98.0,112.0,111.0,106.25,6.551081335677833,1.0,0.0,166.7173913043478,103.28837019733031,106.25
STR-03,SKU-00001,Beverages,QLD,Metro,2026-07-13,103,331.66,False,3.22,18.385714285714283,6.071428571428571,0.0,29,7,-0.3546048870425356,-0.9350162426854148,85.0,98.0,104.0,99.75,11.383467544352783,1.0,0.0,166.7173913043478,98.20645113610104,99.75
STR-03,SKU-00001,Beverages,QLD,Metro,2026-07-20,100,322.0,False,3.22,19.357142857142858,2.442857142857143,0.0,30,7,-0.46472317204376806,-0.8854560256532101,103.0,85.0,112.0,99.5,11.269427669584637,1.0,0.0,166.7173913043478,95.89549441432152,99.5
STR-03,SKU-00001,Beverages,QLD,Metro,2026-07-27,71,228.62,False,3.22,19.02,6.0200000000000005,0.0,31,7,-0.5680647467311556,-0.8229838658936565,100.0,103.0,98.0,96.5,7.93725393319376,1.0,0.0,166.7173913043478,100.09122345533937,96.5
STR-03,SKU-00002,Snacks,QLD,Metro,2026-06-08,89,287.47,False,3.23,20.485714285714288,4.485714285714286,1.0,24,6,0.23931566428755768,-0.970941817426052,96.0,102.0,101.0,96.25,7.320063751999234,1.0,5.0,102.32608695652173,96.10951274442995,96.25
STR-03,SKU-00002,Snacks,QLD,Metro,2026-06-15,84,271.32,False,3.23,20.17142857142857,4.914285714285714,0.0,25,6,0.12053668025532308,-0.992708874098054,89.0,96.0,86.0,93.25,7.182153808805065,1.0,5.0,102.32608695652173,94.7516322906047,93.25
STR-03,SKU-00002,Snacks,QLD,Metro,2026-06-22,90,290.7,False,3.23,19.400000000000002,4.042857142857143,0.0,26,6,-3.216245299353273e-16,-1.0,84.0,89.0,102.0,92.75,7.8898669190297355,1.0,5.0,102.32608695652173,90.51654478717349,92.75
STR-03,SKU-00002,Snacks,QLD,Metro,2026-06-29,89,287.47,False,3.23,20.24285714285714,5.728571428571429,0.0,27,6,-0.12053668025532283,-0.992708874098054,90.0,84.0,96.0,89.75,4.924428900898031,1.0,5.0,102.32608695652173,94.53646520027573,89.75
STR-03,SKU-00002,Snacks,QLD,Metro,2026-07-06,89,287.47,False,3.23,20.3,3.557142857142857,0.0,28,7,-0.23931566428755743,-0.9709418174260521,89.0,90.0,89.0,88.0,2.7080128015452827,1.0,5.0,102.32608695652173,91.44192777236239,88.0
STR-03,SKU-00002,Snacks,QLD,Metro,2026-07-13,98,316.53999999999996,False,3.23,18.385714285714283,6.071428571428571,0.0,29,7,-0.3546048870425356,-0.9350162426854148,89.0,89.0,84.0,88.0,2.7080128015452827,1.0,5.0,102.32608695652173,92.2853731647267,88.0
STR-03,SKU-00002,Snacks,QLD,Metro,2026-07-20,89,287.47,False,3.23,19.357142857142858,2.442857142857143,0.0,30,7,-0.46472317204376806,-0.8854560256532101,98.0,89.0,90.0,91.5,4.358898943540652,1.0,5.0,102.32608695652173,93.32788816411966,91.5
STR-03,SKU-00002,Snacks,QLD,Metro,2026-07-27,60,193.8,False,3.2299999999999995,19.02,6.0200000000000005,0.0,31,7,-0.5680647467311556,-0.8229838658936565,89.0,98.0,89.0,91.25,4.499999999999979,1.0,5.0,102.32608695652173,94.50148196550826,91.25
STR-03,SKU-00004,Household,QLD,Metro,2026-06-08,37,356.31,False,9.63,20.485714285714288,4.485714285714286,1.0,24,6,0.23931566428755768,-0.970941817426052,34.0,46.0,52.0,67.25,47.09830145557269,1.0,3.0,46.32608695652174,45.436852811280886,67.25
STR-03,SKU-00004,Household,QLD,Metro,2026-06-15,43,414.09000000000003,False,9.63,20.17142857142857,4.914285714285714,0.0,25,6,0.12053668025532308,-0.992708874098054,37.0,34.0,137.0,63.5,49.264591747014414,1.0,3.0,46.32608695652174,42.21116812815622,63.5
STR-03,SKU-00004,Household,QLD,Metro,2026-06-22,56,539.28,False,9.63,19.400000000000002,4.042857142857143,0.0,26,6,-3.216245299353273e-16,-1.0,43.0,37.0,46.0,40.0,5.477225575051716,1.0,3.0,46.32608695652174,44.18638871567019,40.0
STR-03,SKU-00004,Household,QLD,Metro,2026-06-29,42,404.46000000000004,False,9.63,20.24285714285714,5.728571428571429,0.0,27,6,-0.12053668025532283,-0.992708874098054,56.0,43.0,34.0,42.5,9.746794344808995,1.0,3.0,46.32608695652174,44.325576113710994,42.5
STR-03,SKU-00004,Household,QLD,Metro,2026-07-06,45,433.35,False,9.63,20.3,3.557142857142857,0.0,28,7,-0.23931566428755743,-0.9709418174260521,42.0,56.0,37.0,44.5,8.103497187428848,1.0,3.0,46.32608695652174,45.889146939141675,44.5
STR-03,SKU-00004,Household,QLD,Metro,2026-07-13,42,404.46000000000004,False,9.63,18.385714285714283,6.071428571428571,0.0,29,7,-0.3546048870425356,-0.9350162426854148,45.0,42.0,43.0,46.5,6.454972243679074,1.0,3.0,46.32608695652174,47.092267914156196,46.5
STR-03,SKU-00004,Household,QLD,Metro,2026-07-20,42,404.46000000000004,False,9.63,19.357142857142858,2.442857142857143,0.0,30,7,-0.46472317204376806,-0.8854560256532101,42.0,45.0,56.0,46.25,6.6520673478250805,1.0,3.0,46.32608695652174,45.878214904057465,46.25
STR-03,SKU-00004,Household,QLD,Metro,2026-07-27,28,269.64,False,9.63,19.02,6.0200000000000005,0.0,31,7,-0.5680647467311556,-0.8229838658936565,42.0,42.0,42.0,42.75,1.500000000000199,1.0,3.0,46.32608695652174,46.61956007793845,42.75
STR-03,SKU-00005,Personal Care,QLD,Metro,2026-06-08,26,89.17999999999999,False,3.43,20.485714285714288,4.485714285714286,1.0,24,6,0.23931566428755768,-0.970941817426052,28.0,37.0,32.0,30.25,5.560275772537425,1.0,4.0,32.21739130434783,31.71011257637615,30.25
STR-03,SKU-00005,Personal Care,QLD,Metro,2026-06-15,40,137.2,False,3.43,20.17142857142857,4.914285714285714,0.0,25,6,0.12053668025532308,-0.992708874098054,26.0,28.0,24.0,28.75,5.737304826019501,1.0,4.0,32.21739130434783,31.44080668281424,28.75
STR-03,SKU-00005,Personal Care,QLD,Metro,2026-06-22,30,102.9,False,3.43,19.400000000000002,4.042857142857143,0.0,26,6,-3.216245299353273e-16,-1.0,40.0,26.0,37.0,32.75,6.800735254367722,1.0,4.0,32.21739130434783,32.88287338537125,32.75
STR-03,SKU-00005,Personal Care,QLD,Metro,2026-06-29,30,102.9,False,3.43,20.24285714285714,5.728571428571429,0.0,27,6,-0.12053668025532283,-0.992708874098054,30.0,40.0,28.0,31.0,6.2182527020592095,1.0,4.0,32.21739130434783,31.773836920282033,31.0
STR-03,SKU-00005,Personal Care,QLD,Metro,2026-07-06,38,130.34,False,3.43,20.3,3.557142857142857,0.0,28,7,-0.23931566428755743,-0.9709418174260521,30.0,30.0,26.0,31.5,5.972157622389639,1.0,4.0,32.21739130434783,31.58584406009098,31.5
STR-03,SKU-00005,Personal Care,QLD,Metro,2026-07-13,28,96.03999999999999,False,3.43,18.385714285714283,6.071428571428571,0.0,29,7,-0.3546048870425356,-0.9350162426854148,38.0,30.0,40.0,34.5,5.259911279353166,1.0,4.0,32.21739130434783,32.044687027540725,34.5
STR-03,SKU-00005,Personal Care,QLD,Metro,2026-07-20,40,137.2,False,3.43,19.357142857142858,2.442857142857143,0.0,30,7,-0.46472317204376806,-0.8854560256532101,28.0,38.0,30.0,31.5,4.434711565216689,1.0,4.0,32.21739130434783,31.24590941658979,31.5
STR-03,SKU-00005,Personal Care,QLD,Metro,2026-07-27,22,75.46,False,3.4300000000000006,19.02,6.0200000000000005,0.0,31,7,-0.5680647467311556,-0.8229838658936565,40.0,28.0,30.0,34.0,5.887840577551897,1.0,4.0,32.21739130434783,31.288616914116673,34.0
STR-03,SKU-00006,Frozen,QLD,Metro,2026-06-08,101,793.86,False,7.86,20.485714285714288,4.485714285714286,1.0,24,6,0.23931566428755768,-0.970941817426052,77.0,70.0,73.0,78.75,11.206396982676155,1.0,2.0,73.30434782608695,76.90513354673793,78.75
STR-03,SKU-00006,Frozen,QLD,Metro,2026-06-15,87,683.8199999999999,False,7.86,20.17142857142857,4.914285714285714,0.0,25,6,0.12053668025532308,-0.992708874098054,101.0,77.0,95.0,85.75,14.637281168304444,1.0,2.0,73.30434782608695,80.5148047883628,85.75
STR-03,SKU-00006,Frozen,QLD,Metro,2026-06-22,84,660.24,False,7.86,19.400000000000002,4.042857142857143,0.0,26,6,-3.216245299353273e-16,-1.0,87.0,101.0,70.0,83.75,13.45052663157345,1.0,2.0,73.30434782608695,78.14505404864181,83.75
STR-03,SKU-00006,Frozen,QLD,Metro,2026-06-29,92,723.12,False,7.86,20.24285714285714,5.728571428571429,0.0,27,6,-0.12053668025532283,-0.992708874098054,84.0,87.0,77.0,87.25,10.078855755160566,1.0,2.0,73.30434782608695,79.54110783398801,87.25
STR-03,SKU-00006,Frozen,QLD,Metro,2026-07-06,85,668.1,False,7.86,20.3,3.557142857142857,0.0,28,7,-0.23931566428755743,-0.9709418174260521,92.0,84.0,101.0,91.0,7.438637868140461,1.0,2.0,73.30434782608695,80.01694714958894,91.0
STR-03,SKU-00006,Frozen,QLD,Metro,2026-07-13,83,652.38,False,7.86,18.385714285714283,6.071428571428571,0.0,29,7,-0.3546048870425356,-0.9350162426854148,85.0,92.0,87.0,87.0,3.559026084010429,1.0,2.0,73.30434782608695,78.80910991690004,87.0
STR-03,SKU-00006,Frozen,QLD,Metro,2026-07-20,81,636.66,False,7.86,19.357142857142858,2.442857142857143,0.0,30,7,-0.46472317204376806,-0.8854560256532101,83.0,85.0,84.0,86.0,4.082482904638623,1.0,2.0,73.30434782608695,77.04533726813216,86.0
STR-03,SKU-00006,Frozen,QLD,Metro,2026-07-27,53,416.58,False,7.860000000000001,19.02,6.0200000000000005,0.0,31,7,-0.5680647467311556,-0.8229838658936565,81.0,83.0,92.0,85.25,4.787135538781685,1.0,2.0,73.30434782608695,78.74478712300196,85.25
STR-03,SKU-00007,Beverages,QLD,Metro,2026-06-08,106,468.52,False,4.42,20.485714285714288,4.485714285714286,1.0,24,6,0.23931566428755768,-0.970941817426052,105.0,106.0,123.0,111.5,8.266397845091458,1.0,0.0,170.6304347826087,111.44301705573585,111.5
STR-03,SKU-00007,Beverages,QLD,Metro,2026-06-15,106,468.52,False,4.42,20.17142857142857,4.914285714285714,0.0,25,6,0.12053668025532308,-0.992708874098054,106.0,105.0,112.0,107.25,3.2015621187163266,1.0,0.0,170.6304347826087,113.30663294416752,107.25
STR-03,SKU-00007,Beverages,QLD,Metro,2026-06-22,98,433.16,False,4.42,19.400000000000002,4.042857142857143,0.0,26,6,-3.216245299353273e-16,-1.0,106.0,106.0,106.0,105.75,0.4999999999993806,1.0,0.0,170.6304347826087,109.48878122940476,105.75
STR-03,SKU-00007,Beverages,QLD,Metro,2026-06-29,107,472.94,False,4.42,20.24285714285714,5.728571428571429,0.0,27,6,-0.12053668025532283,-0.992708874098054,98.0,106.0,105.0,103.75,3.8622100754187434,1.0,0.0,170.6304347826087,105.37722255157757,103.75
STR-03,SKU-00007,Beverages,QLD,Metro,2026-07-06,94,353.6,False,4.42,20.3,3.557142857142857,0.0,28,7,-0.23931566428755743,-0.9709418174260521,107.0,98.0,106.0,104.25,4.193248541802968,1.0,0.0,170.6304347826087,109.27837689001997,104.25
STR-03,SKU-00007,Beverages,QLD,Metro,2026-07-13,100,442.0,False,4.42,18.385714285714283,6.071428571428571,0.0,29,7,-0.3546048870425356,-0.9350162426854148,94.0,107.0,106.0,101.25,6.2915286960589105,1.0,0.0,170.6304347826087,100.00442717025038,101.25
STR-03,SKU-00007,Beverages,QLD,Metro,2026-07-20,98,433.16,False,4.42,19.357142857142858,2.442857142857143,0.0,30,7,-0.46472317204376806,-0.8854560256532101,100.0,94.0,98.0,99.75,5.439056290693519,1.0,0.0,170.6304347826087,98.87486212243071,99.75
STR-03,SKU-00007,Beverages,QLD,Metro,2026-07-27,67,296.14,False,4.42,19.02,6.0200000000000005,0.0,31,7,-0.5680647467311556,-0.8229838658936565,98.0,100.0,107.0,99.75,5.439056290693519,1.0,0.0,170.6304347826087,97.61263259871218,99.75
STR-03,SKU-00008,Snacks,QLD,Metro,2026-06-08,165,433.95000000000005,False,2.63,20.485714285714288,4.485714285714286,1.0,24,6,0.23931566428755768,-0.970941817426052,163.0,192.0,164.0,174.5,13.771952173409083,1.0,5.0,206.19565217391303,158.68921266642747,174.5
STR-03,SKU-00008,Snacks,QLD,Metro,2026-06-15,178,468.14,False,2.63,20.17142857142857,4.914285714285714,0.0,25,6,0.12053668025532308,-0.992708874098054,165.0,163.0,179.0,174.75,13.524668819112252,1.0,5.0,206.19565217391303,158.96404307655268,174.75
STR-03,SKU-00008,Snacks,QLD,Metro,2026-06-22,147,386.61,False,2.63,19.400000000000002,4.042857142857143,0.0,26,6,-3.216245299353273e-16,-1.0,178.0,165.0,192.0,174.5,13.428824718989144,1.0,5.0,206.19565217391303,170.44800165619174,174.5
STR-03,SKU-00008,Snacks,QLD,Metro,2026-06-29,172,452.36,False,2.63,20.24285714285714,5.728571428571429,0.0,27,6,-0.12053668025532283,-0.992708874098054,147.0,178.0,163.0,163.25,12.71154331044558,1.0,5.0,206.19565217391303,151.09382418336665,163.25
STR-03,SKU-00008,Snacks,QLD,Metro,2026-07-06,157,412.91,False,2.63,20.3,3.557142857142857,0.0,28,7,-0.23931566428755743,-0.9709418174260521,172.0,147.0,165.0,165.5,13.428824718989139,1.0,5.0,206.19565217391303,158.5384041855983,165.5
STR-03,SKU-00008,Snacks,QLD,Metro,2026-07-13,168,441.84000000000003,False,2.63,18.385714285714283,6.071428571428571,0.0,29,7,-0.3546048870425356,-0.9350162426854148,157.0,172.0,178.0,163.5,14.106735979665897,1.0,5.0,206.19565217391303,152.57203976020935,163.5
STR-03,SKU-00008,Snacks,QLD,Metro,2026-07-20,166,436.58,False,2.63,19.357142857142858,2.442857142857143,0.0,30,7,-0.46472317204376806,-0.8854560256532101,168.0,157.0,147.0,161.0,11.284207253207185,1.0,5.0,206.19565217391303,158.42256206268726,161.0
STR-03,SKU-00008,Snacks,QLD,Metro,2026-07-27,144,378.72,False,2.63,19.02,6.0200000000000005,0.0,31,7,-0.5680647467311556,-0.8229838658936565,166.0,168.0,172.0,165.75,6.344288770224791,1.0,5.0,206.19565217391303,156.94993802370564,165.75
STR-03,SKU-00009,Dairy,QLD,Metro,2026-06-08,98,667.38,False,6.81,20.485714285714288,4.485714285714286,1.0,24,6,0.23931566428755768,-0.970941817426052,105.0,99.0,106.0,105.75,5.7373048260195105,1.0,1.0,94.76086956521739,105.37971932488163,105.75
STR-03,SKU-00009,Dairy,QLD,Metro,2026-06-15,95,646.95,False,6.81,20.17142857142857,4.914285714285714,0.0,25,6,0.12053668025532308,-0.992708874098054,98.0,105.0,113.0,103.75,6.898067362191633,1.0,1.0,94.76086956521739,102.54638593613653,103.75
STR-03,SKU-00009,Dairy,QLD,Metro,2026-06-22,112,762.72,False,6.81,19.400000000000002,4.042857142857143,0.0,26,6,-3.216245299353273e-16,-1.0,95.0,98.0,99.0,99.25,4.193248541803056,1.0,1.0,94.76086956521739,95.3495088802572,99.25
STR-03,SKU-00009,Dairy,QLD,Metro,2026-06-29,99,674.1899999999999,False,6.81,20.24285714285714,5.728571428571429,0.0,27,6,-0.12053668025532283,-0.992708874098054,112.0,95.0,105.0,102.5,7.593857166596354,1.0,1.0,94.76086956521739,104.72473540445588,102.5
STR-03,SKU-00009,Dairy,QLD,Metro,2026-07-06,92,626.52,False,6.81,20.3,3.557142857142857,0.0,28,7,-0.23931566428755743,-0.9709418174260521,99.0,112.0,98.0,101.0,7.52772652709082,1.0,1.0,94.76086956521739,102.2724762074468,101.0
STR-03,SKU-00009,Dairy,QLD,Metro,2026-07-13,98,667.38,False,6.81,18.385714285714283,6.071428571428571,0.0,29,7,-0.3546048870425356,-0.9350162426854148,92.0,99.0,95.0,99.5,8.812869377601531,1.0,1.0,94.76086956521739,99.41084618153607,99.5
STR-03,SKU-00009,Dairy,QLD,Metro,2026-07-20,94,640.14,False,6.81,19.357142857142858,2.442857142857143,0.0,30,7,-0.46472317204376806,-0.8854560256532101,98.0,92.0,112.0,100.25,8.421203397773196,1.0,1.0,94.76086956521739,98.00310411212428,100.25
STR-03,SKU-00009,Dairy,QLD,Metro,2026-07-27,58,394.98,False,6.81,19.02,6.0200000000000005,0.0,31,7,-0.5680647467311556,-0.8229838658936565,94.0,98.0,99.0,95.75,3.304037933599854,1.0,1.0,94.76086956521739,95.62183738935951,95.75
STR-03,SKU-00010,Household,QLD,Metro,2026-06-08,46,373.06,False,8.11,20.485714285714288,4.485714285714286,1.0,24,6,0.23931566428755768,-0.970941817426052,69.0,74.0,55.0,65.0,8.286535263104037,1.0,3.0,52.56521739130435,60.064641988796495,65.0
STR-03,SKU-00010,Household,QLD,Metro,2026-06-15,59,478.49,False,8.11,20.17142857142857,4.914285714285714,0.0,25,6,0.12053668025532308,-0.992708874098054,46.0,69.0,62.0,62.75,12.203141671990318,1.0,3.0,52.56521739130435,55.41649335392082,62.75
STR-03,SKU-00010,Household,QLD,Metro,2026-06-22,54,437.93999999999994,False,8.11,19.400000000000002,4.042857142857143,0.0,26,6,-3.216245299353273e-16,-1.0,59.0,46.0,74.0,62.0,12.355835328567093,1.0,3.0,52.56521739130435,54.75575494408708,62.0
STR-03,SKU-00010,Household,QLD,Metro,2026-06-29,40,324.4,False,8.11,20.24285714285714,5.728571428571429,0.0,27,6,-0.12053668025532283,-0.992708874098054,54.0,59.0,69.0,57.0,9.626352718795768,1.0,3.0,52.56521739130435,54.6716379734742,57.0
STR-03,SKU-00010,Household,QLD,Metro,2026-07-06,57,462.27,False,8.11,20.3,3.557142857142857,0.0,28,7,-0.23931566428755743,-0.9709418174260521,40.0,54.0,46.0,49.75,8.421203397773187,1.0,3.0,52.56521739130435,51.05823295617575,49.75
STR-03,SKU-00010,Household,QLD,Metro,2026-07-13,49,397.39,False,8.11,18.385714285714283,6.071428571428571,0.0,29,7,-0.3546048870425356,-0.9350162426854148,57.0,40.0,59.0,52.5,8.582928793055823,1.0,3.0,52.56521739130435,51.80883791063784,52.5
STR-03,SKU-00010,Household,QLD,Metro,2026-07-20,64,519.04,False,8.11,19.357142857142858,2.442857142857143,0.0,30,7,-0.46472317204376806,-0.8854560256532101,49.0,57.0,54.0,50.0,7.438637868140466,1.0,3.0,52.56521739130435,50.65942976477764,50.0
STR-03,SKU-00010,Household,QLD,Metro,2026-07-27,44,356.84000000000003,False,8.11,19.02,6.0200000000000005,0.0,31,7,-0.5680647467311556,-0.8229838658936565,64.0,49.0,40.0,52.5,10.344080432788601,1.0,3.0,52.56521739130435,52.51405305096359,52.5
STR-03,SKU-00011,Personal Care,QLD,Metro,2026-06-08,49,537.53,False,10.97,20.485714285714288,4.485714285714286,1.0,24,6,0.23931566428755768,-0.970941817426052,49.0,45.0,43.0,46.0,2.5819888974716108,1.0,4.0,44.08695652173913,45.94073212121033,46.0
STR-03,SKU-00011,Personal Care,QLD,Metro,2026-06-15,53,581.41,False,10.97,20.17142857142857,4.914285714285714,0.0,25,6,0.12053668025532308,-0.992708874098054,49.0,49.0,47.0,47.5,1.9148542155126755,1.0,4.0,44.08695652173913,47.70706148101348,47.5
STR-03,SKU-00011,Personal Care,QLD,Metro,2026-06-22,49,537.53,False,10.97,19.400000000000002,4.042857142857143,0.0,26,6,-3.216245299353273e-16,-1.0,53.0,49.0,45.0,49.0,3.265986323710904,1.0,4.0,44.08695652173913,47.953715750405436,49.0
STR-03,SKU-00011,Personal Care,QLD,Metro,2026-06-29,39,427.83,False,10.97,20.24285714285714,5.728571428571429,0.0,27,6,-0.12053668025532283,-0.992708874098054,49.0,53.0,49.0,50.0,1.9999999999999993,1.0,4.0,44.08695652173913,48.78308446676457,50.0
STR-03,SKU-00011,Personal Care,QLD,Metro,2026-07-06,40,438.8,False,10.97,20.3,3.557142857142857,0.0,28,7,-0.23931566428755743,-0.9709418174260521,39.0,49.0,49.0,47.5,5.9721576223896395,1.0,4.0,44.08695652173913,46.40614768340978,47.5
STR-03,SKU-00011,Personal Care,QLD,Metro,2026-07-13,31,340.07,False,10.97,18.385714285714283,6.071428571428571,0.0,29,7,-0.3546048870425356,-0.9350162426854148,40.0,39.0,53.0,45.25,6.849574196011505,1.0,4.0,44.08695652173913,46.76563755035294,45.25
STR-03,SKU-00011,Personal Care,QLD,Metro,2026-07-20,48,526.5600000000001,False,10.97,19.357142857142858,2.442857142857143,0.0,30,7,-0.46472317204376806,-0.8854560256532101,31.0,40.0,49.0,39.75,7.365459931328116,1.0,4.0,44.08695652173913,42.12205386858127,39.75
STR-03,SKU-00011,Personal Care,QLD,Metro,2026-07-27,29,318.13,False,10.97,19.02,6.0200000000000005,0.0,31,7,-0.5680647467311556,-0.8229838658936565,48.0,31.0,39.0,39.5,6.9522178715380685,1.0,4.0,44.08695652173913,42.73255750108367,39.5
STR-03,SKU-00013,Beverages,QLD,Metro,2026-06-08,139,688.05,False,4.95,20.485714285714288,4.485714285714286,1.0,24,6,0.23931566428755768,-0.970941817426052,141.0,132.0,161.0,149.5,15.502687938977903,1.0,0.0,209.32608695652175,136.68653607733847,149.5
STR-03,SKU-00013,Beverages,QLD,Metro,2026-06-15,121,598.95,False,4.95,20.17142857142857,4.914285714285714,0.0,25,6,0.12053668025532308,-0.992708874098054,139.0,141.0,164.0,144.0,13.880441875771256,1.0,0.0,209.32608695652175,137.5298127146959,144.0
STR-03,SKU-00013,Beverages,QLD,Metro,2026-06-22,124,613.8,False,4.95,19.400000000000002,4.042857142857143,0.0,26,6,-3.216245299353273e-16,-1.0,121.0,139.0,132.0,133.25,9.03234926989269,1.0,0.0,209.32608695652175,126.51434477256528,133.25
STR-03,SKU-00013,Beverages,QLD,Metro,2026-06-29,118,584.1,False,4.95,20.24285714285714,5.728571428571429,0.0,27,6,-0.12053668025532283,-0.992708874098054,124.0,121.0,141.0,131.25,10.210288928330954,1.0,0.0,209.32608695652175,127.37587807827913,131.25
STR-03,SKU-00013,Beverages,QLD,Metro,2026-07-06,126,623.7,False,4.95,20.3,3.557142857142857,0.0,28,7,-0.23931566428755743,-0.9709418174260521,118.0,124.0,139.0,125.5,9.32737905308869,1.0,0.0,209.32608695652175,123.87901097494779,125.5
STR-03,SKU-00013,Beverages,QLD,Metro,2026-07-13,122,603.9,False,4.95,18.385714285714283,6.071428571428571,0.0,29,7,-0.3546048870425356,-0.9350162426854148,126.0,118.0,121.0,122.25,3.4999999999996643,1.0,0.0,209.32608695652175,127.27297363478357,122.25
STR-03,SKU-00013,Beverages,QLD,Metro,2026-07-20,131,648.45,False,4.95,19.357142857142858,2.442857142857143,0.0,30,7,-0.46472317204376806,-0.8854560256532101,122.0,126.0,124.0,122.5,3.415650255319522,1.0,0.0,209.32608695652175,122.4949419070726,122.5
STR-03,SKU-00013,Beverages,QLD,Metro,2026-07-27,83,410.85,False,4.95,19.02,6.0200000000000005,0.0,31,7,-0.5680647467311556,-0.8229838658936565,131.0,122.0,118.0,124.25,5.5602757725372145,1.0,0.0,209.32608695652175,128.02398929751976,124.25
STR-03,SKU-00015,Dairy,QLD,Metro,2026-06-08,99,314.82,False,3.18,20.485714285714288,4.485714285714286,1.0,24,6,0.23931566428755768,-0.970941817426052,109.0,106.0,99.0,104.25,4.272001872658784,1.0,1.0,95.17391304347827,102.69041309500129,104.25
STR-03,SKU-00015,Dairy,QLD,Metro,2026-06-15,105,333.90000000000003,False,3.18,20.17142857142857,4.914285714285714,0.0,25,6,0.12053668025532308,-0.992708874098054,99.0,109.0,103.0,104.25,4.272001872658784,1.0,1.0,95.17391304347827,108.55136491269124,104.25
STR-03,SKU-00015,Dairy,QLD,Metro,2026-06-22,76,241.68,False,3.18,19.400000000000002,4.042857142857143,0.0,26,6,-3.216245299353273e-16,-1.0,105.0,99.0,106.0,104.75,4.193248541803059,1.0,1.0,95.17391304347827,101.85977048524931,104.75
STR-03,SKU-00015,Dairy,QLD,Metro,2026-06-29,112,356.16,False,3.18,20.24285714285714,5.728571428571429,0.0,27,6,-0.12053668025532283,-0.992708874098054,76.0,105.0,109.0,97.25,14.750706197783666,1.0,1.0,95.17391304347827,96.81668571521226,97.25
STR-03,SKU-00015,Dairy,QLD,Metro,2026-07-06,102,324.36,False,3.18,20.3,3.557142857142857,0.0,28,7,-0.23931566428755743,-0.9709418174260521,112.0,76.0,99.0,98.0,15.599145275730125,1.0,1.0,95.17391304347827,99.16037571631239,98.0
STR-03,SKU-00015,Dairy,QLD,Metro,2026-07-13,106,337.08,False,3.18,18.385714285714283,6.071428571428571,0.0,29,7,-0.3546048870425356,-0.9350162426854148,102.0,112.0,105.0,98.75,15.734781006843834,1.0,1.0,95.17391304347827,100.96727368240651,98.75
STR-03,SKU-00015,Dairy,QLD,Metro,2026-07-20,97,308.46,False,3.18,19.357142857142858,2.442857142857143,0.0,30,7,-0.46472317204376806,-0.8854560256532101,106.0,102.0,76.0,99.0,15.874507866387548,1.0,1.0,95.17391304347827,97.57580917202915,99.0
STR-03,SKU-00015,Dairy,QLD,Metro,2026-07-27,51,162.18,False,3.18,19.02,6.0200000000000005,0.0,31,7,-0.5680647467311556,-0.8229838658936565,97.0,106.0,112.0,104.25,6.344288770224766,1.0,1.0,95.17391304347827,103.15637214455788,104.25
STR-03,SKU-00016,Household,QLD,Metro,2026-06-08,74,257.52,False,3.48,20.485714285714288,4.485714285714286,1.0,24,6,0.23931566428755768,-0.970941817426052,78.0,79.0,78.0,82.5,8.346656017032604,1.0,3.0,76.8913043478261,77.8715694746938,82.5
STR-03,SKU-00016,Household,QLD,Metro,2026-06-15,175,271.44,False,3.48,20.17142857142857,4.914285714285714,0.0,25,6,0.12053668025532308,-0.992708874098054,74.0,78.0,95.0,81.5,9.25562891794321,1.0,3.0,76.8913043478261,74.98805190303617,81.5
STR-03,SKU-00016,Household,QLD,Metro,2026-06-22,82,285.36,False,3.48,19.400000000000002,4.042857142857143,0.0,26,6,-3.216245299353273e-16,-1.0,175.0,74.0,79.0,101.5,49.04759593157107,1.0,3.0,76.8913043478261,66.72233094952651,101.5
STR-03,SKU-00016,Household,QLD,Metro,2026-06-29,73,254.04,False,3.48,20.24285714285714,5.728571428571429,0.0,27,6,-0.12053668025532283,-0.992708874098054,82.0,175.0,78.0,102.25,48.609841253255155,1.0,3.0,76.8913043478261,71.09881587977046,102.25
STR-03,SKU-00016,Household,QLD,Metro,2026-07-06,86,299.28000000000003,False,3.48,20.3,3.557142857142857,0.0,28,7,-0.23931566428755743,-0.9709418174260521,73.0,82.0,74.0,101.0,49.49747468305833,1.0,3.0,76.8913043478261,74.58460616703715,101.0
STR-03,SKU-00016,Household,QLD,Metro,2026-07-13,77,267.96,False,3.48,18.385714285714283,6.071428571428571,0.0,29,7,-0.3546048870425356,-0.9350162426854148,86.0,73.0,175.0,104.0,47.644516998286385,1.0,3.0,76.8913043478261,80.87510677505834,104.0
STR-03,SKU-00016,Household,QLD,Metro,2026-07-20,63,219.24,False,3.48,19.357142857142858,2.442857142857143,0.0,30,7,-0.46472317204376806,-0.8854560256532101,77.0,86.0,82.0,79.5,5.686240703077308,1.0,3.0,76.8913043478261,77.06208359954674,79.5
STR-03,SKU-00016,Household,QLD,Metro,2026-07-27,40,139.2,False,3.4799999999999995,19.02,6.0200000000000005,0.0,31,7,-0.5680647467311556,-0.8229838658936565,63.0,77.0,73.0,74.75,9.535023160258525,1.0,3.0,76.8913043478261,70.97101287690353,74.75
STR-03,SKU-00017,Beverages,QLD,Metro,2026-06-08,132,493.68,False,3.7399999999999998,20.485714285714288,4.485714285714286,1.0,24,6,0.23931566428755768,-0.970941817426052,155.0,139.0,180.0,158.25,16.879474715365568,1.0,0.0,215.1086956521739,141.58720218689788,158.25
STR-03,SKU-00017,Beverages,QLD,Metro,2026-06-15,127,474.98,False,3.7399999999999998,20.17142857142857,4.914285714285714,0.0,25,6,0.12053668025532308,-0.992708874098054,132.0,155.0,159.0,146.25,12.841988423397115,1.0,0.0,215.1086956521739,138.10471236504074,146.25
STR-03,SKU-00017,Beverages,QLD,Metro,2026-06-22,128,478.71999999999997,False,3.7399999999999998,19.400000000000002,4.042857142857143,0.0,26,6,-3.216245299353273e-16,-1.0,127.0,132.0,139.0,138.25,12.203141671990272,1.0,0.0,215.1086956521739,134.04596294401523,138.25
STR-03,SKU-00017,Beverages,QLD,Metro,2026-06-29,141,527.34,False,3.7399999999999998,20.24285714285714,5.728571428571429,0.0,27,6,-0.12053668025532283,-0.992708874098054,128.0,127.0,155.0,135.5,13.178264933847153,1.0,0.0,215.1086956521739,134.02329739041534,135.5
STR-03,SKU-00017,Beverages,QLD,Metro,2026-07-06,124,463.76,False,3.7399999999999998,20.3,3.557142857142857,0.0,28,7,-0.23931566428755743,-0.9709418174260521,141.0,128.0,132.0,132.0,6.3770421565695745,1.0,0.0,215.1086956521739,135.97671776541213,132.0
STR-03,SKU-00017,Beverages,QLD,Metro,2026-07-13,117,437.58,False,3.7399999999999998,18.385714285714283,6.071428571428571,0.0,29,7,-0.3546048870425356,-0.9350162426854148,124.0,141.0,127.0,130.0,7.527726527090734,1.0,0.0,215.1086956521739,126.66149418638692,130.0
STR-03,SKU-00017,Beverages,QLD,Metro,2026-07-20,113,422.62,False,3.7399999999999998,19.357142857142858,2.442857142857143,0.0,30,7,-0.46472317204376806,-0.8854560256532101,117.0,124.0,128.0,127.5,10.08298897483606,1.0,0.0,215.1086956521739,125.00983561159609,127.5
STR-03,SKU-00017,Beverages,QLD,Metro,2026-07-27,77,287.98,False,3.7400000000000007,19.02,6.0200000000000005,0.0,31,7,-0.5680647467311556,-0.8229838658936565,113.0,117.0,141.0,123.75,12.36594786769965,1.0,0.0,215.1086956521739,119.98256787517418,123.75
STR-03,SKU-00018,Snacks,QLD,Metro,2026-06-08,84,239.98,False,3.38,20.485714285714288,4.485714285714286,1.0,24,6,0.23931566428755768,-0.970941817426052,101.0,108.0,93.0,102.0,6.683312551921156,1.0,5.0,109.34782608695652,102.43498584859528,102.0
STR-03,SKU-00018,Snacks,QLD,Metro,2026-06-15,78,263.64,False,3.38,20.17142857142857,4.914285714285714,0.0,25,6,0.12053668025532308,-0.992708874098054,84.0,101.0,106.0,99.75,10.904891868637069,1.0,5.0,109.34782608695652,95.31279971225102,99.75
STR-03,SKU-00018,Snacks,QLD,Metro,2026-06-22,83,280.54,False,3.38,19.400000000000002,4.042857142857143,0.0,26,6,-3.216245299353273e-16,-1.0,78.0,84.0,108.0,92.75,14.080127840328732,1.0,5.0,109.34782608695652,83.23340509922595,92.75
STR-03,SKU-00018,Snacks,QLD,Metro,2026-06-29,102,344.76,False,3.38,20.24285714285714,5.728571428571429,0.0,27,6,-0.12053668025532283,-0.992708874098054,83.0,78.0,101.0,86.5,10.016652800877827,1.0,5.0,109.34782608695652,85.41668242187664,86.5
STR-03,SKU-00018,Snacks,QLD,Metro,2026-07-06,95,321.1,False,3.38,20.3,3.557142857142857,0.0,28,7,-0.23931566428755743,-0.9709418174260521,102.0,83.0,84.0,86.75,10.500000000000012,1.0,5.0,109.34782608695652,93.65699509327051,86.75
STR-03,SKU-00018,Snacks,QLD,Metro,2026-07-13,99,334.62,False,3.38,18.385714285714283,6.071428571428571,0.0,29,7,-0.3546048870425356,-0.9350162426854148,95.0,102.0,78.0,89.5,10.9696551146029,1.0,5.0,109.34782608695652,93.90093434706336,89.5
STR-03,SKU-00018,Snacks,QLD,Metro,2026-07-20,83,280.54,False,3.38,19.357142857142858,2.442857142857143,0.0,30,7,-0.46472317204376806,-0.8854560256532101,99.0,95.0,83.0,94.75,8.341662504161482,1.0,5.0,109.34782608695652,96.56355028303544,94.75
STR-03,SKU-00018,Snacks,QLD,Metro,2026-07-27,50,169.0,False,3.38,19.02,6.0200000000000005,0.0,31,7,-0.5680647467311556,-0.8229838658936565,83.0,99.0,102.0,94.75,8.341662504161482,1.0,5.0,109.34782608695652,87.68280525881242,94.75
STR-03,SKU-00019,Dairy,QLD,Metro,2026-06-08,217,1939.98,False,8.94,20.485714285714288,4.485714285714286,1.0,24,6,0.23931566428755768,-0.970941817426052,191.0,185.0,173.0,181.5,8.062257748298535,1.0,1.0,177.1086956521739,180.6053619649951,181.5
STR-03,SKU-00019,Dairy,QLD,Metro,2026-06-15,174,1555.56,False,8.94,20.17142857142857,4.914285714285714,0.0,25,6,0.12053668025532308,-0.992708874098054,217.0,191.0,177.0,192.5,17.310882896798372,1.0,1.0,177.1086956521739,178.2485207964231,192.5
STR-03,SKU-00019,Dairy,QLD,Metro,2026-06-22,194,1734.36,False,8.94,19.400000000000002,4.042857142857143,0.0,26,6,-3.216245299353273e-16,-1.0,174.0,217.0,185.0,191.75,18.24600412875834,1.0,1.0,177.1086956521739,184.71159160617702,191.75
STR-03,SKU-00019,Dairy,QLD,Metro,2026-06-29,215,1922.1,False,8.94,20.24285714285714,5.728571428571429,0.0,27,6,-0.12053668025532283,-0.992708874098054,194.0,174.0,191.0,194.0,17.682382946499782,1.0,1.0,177.1086956521739,179.22515542621537,194.0
STR-03,SKU-00019,Dairy,QLD,Metro,2026-07-06,204,1823.76,False,8.94,20.3,3.557142857142857,0.0,28,7,-0.23931566428755743,-0.9709418174260521,215.0,194.0,217.0,200.0,20.215505600075065,1.0,1.0,177.1086956521739,175.01036450944855,200.0
STR-03,SKU-00019,Dairy,QLD,Metro,2026-07-13,184,1644.96,False,8.94,18.385714285714283,6.071428571428571,0.0,29,7,-0.3546048870425356,-0.9350162426854148,204.0,215.0,174.0,196.75,17.42364294093899,1.0,1.0,177.1086956521739,188.16975123881627,196.75
STR-03,SKU-00019,Dairy,QLD,Metro,2026-07-20,190,1698.6,False,8.94,19.357142857142858,2.442857142857143,0.0,30,7,-0.46472317204376806,-0.8854560256532101,184.0,204.0,194.0,199.25,13.301002468485839,1.0,1.0,177.1086956521739,175.24848306197592,199.25
STR-03,SKU-00019,Dairy,QLD,Metro,2026-07-27,133,1189.02,False,8.94,19.02,6.0200000000000005,0.0,31,7,-0.5680647467311556,-0.8229838658936565,190.0,184.0,215.0,198.25,13.9612559129423,1.0,1.0,177.1086956521739,169.57415072808487,198.25
STR-03,SKU-00020,Household,QLD,Metro,2026-06-08,73,692.04,False,9.48,20.485714285714288,4.485714285714286,1.0,24,6,0.23931566428755768,-0.970941817426052,69.0,64.0,68.0,69.75,5.909032633745273,1.0,3.0,67.47826086956522,69.62673566688275,69.75
STR-03,SKU-00020,Household,QLD,Metro,2026-06-15,70,663.6,False,9.48,20.17142857142857,4.914285714285714,0.0,25,6,0.12053668025532308,-0.992708874098054,73.0,69.0,78.0,71.0,5.9441848333756635,1.0,3.0,67.47826086956522,80.58001971129596,71.0
STR-03,SKU-00020,Household,QLD,Metro,2026-06-22,61,578.28,False,9.48,19.400000000000002,4.042857142857143,0.0,26,6,-3.216245299353273e-16,-1.0,70.0,73.0,64.0,69.0,3.741657386773933,1.0,3.0,67.47826086956522,72.73539223428239,69.0
STR-03,SKU-00020,Household,QLD,Metro,2026-06-29,83,786.84,False,9.48,20.24285714285714,5.728571428571429,0.0,27,6,-0.12053668025532283,-0.992708874098054,61.0,70.0,69.0,68.25,5.123475382979794,1.0,3.0,67.47826086956522,75.80982458455031,68.25
STR-03,SKU-00020,Household,QLD,Metro,2026-07-06,84,796.3199999999999,False,9.48,20.3,3.557142857142857,0.0,28,7,-0.23931566428755743,-0.9709418174260521,83.0,61.0,73.0,71.75,9.069178573608523,1.0,3.0,67.47826086956522,68.69154543702706,71.75
STR-03,SKU-00020,Household,QLD,Metro,2026-07-13,66,625.6800000000001,False,9.48,18.385714285714283,6.071428571428571,0.0,29,7,-0.3546048870425356,-0.9350162426854148,84.0,83.0,70.0,74.5,11.030261405182863,1.0,3.0,67.47826086956522,73.25478508913216,74.5
STR-03,SKU-00020,Household,QLD,Metro,2026-07-20,79,748.9200000000001,False,9.48,19.357142857142858,2.442857142857143,0.0,30,7,-0.46472317204376806,-0.8854560256532101,66.0,84.0,61.0,73.5,11.733143937865359,1.0,3.0,67.47826086956522,68.48266349808506,73.5
STR-03,SKU-00020,Household,QLD,Metro,2026-07-27,42,398.15999999999997,False,9.48,19.02,6.0200000000000005,0.0,31,7,-0.5680647467311556,-0.8229838658936565,79.0,66.0,83.0,78.0,8.286535263104032,1.0,3.0,67.47826086956522,72.77247290439085,78.0
STR-03,SKU-00021,Personal Care,QLD,Metro,2026-06-08,34,106.76,False,3.14,20.485714285714288,4.485714285714286,1.0,24,6,0.23931566428755768,-0.970941817426052,62.0,38.0,41.0,44.25,12.010412149464313,1.0,4.0,32.5,40.830358285868904,44.25
STR-03,SKU-00021,Personal Care,QLD,Metro,2026-06-15,38,119.32,False,3.14,20.17142857142857,4.914285714285714,0.0,25,6,0.12053668025532308,-0.992708874098054,34.0,62.0,36.0,42.5,13.102162671355696,1.0,4.0,32.5,40.66222523891518,42.5
STR-03,SKU-00021,Personal Care,QLD,Metro,2026-06-22,29,91.06,False,3.14,19.400000000000002,4.042857142857143,0.0,26,6,-3.216245299353273e-16,-1.0,38.0,34.0,38.0,43.0,12.806248474865697,1.0,4.0,32.5,36.683039078472724,43.0
STR-03,SKU-00021,Personal Care,QLD,Metro,2026-06-29,37,116.18,False,3.14,20.24285714285714,5.728571428571429,0.0,27,6,-0.12053668025532283,-0.992708874098054,29.0,38.0,62.0,40.75,14.637281168304446,1.0,4.0,32.5,36.653930434048256,40.75
STR-03,SKU-00021,Personal Care,QLD,Metro,2026-07-06,33,103.62,False,3.14,20.3,3.557142857142857,0.0,28,7,-0.23931566428755743,-0.9709418174260521,37.0,29.0,34.0,34.5,4.041451884327374,1.0,4.0,32.5,32.822294434707324,34.5
STR-03,SKU-00021,Personal Care,QLD,Metro,2026-07-13,38,119.32,False,3.14,18.385714285714283,6.071428571428571,0.0,29,7,-0.3546048870425356,-0.9350162426854148,33.0,37.0,38.0,34.25,4.112987559751016,1.0,4.0,32.5,34.31802465744017,34.25
STR-03,SKU-00021,Personal Care,QLD,Metro,2026-07-20,35,109.9,False,3.14,19.357142857142858,2.442857142857143,0.0,30,7,-0.46472317204376806,-0.8854560256532101,38.0,33.0,29.0,34.25,4.112987559751016,1.0,4.0,32.5,32.529641383081355,34.25
STR-03,SKU-00021,Personal Care,QLD,Metro,2026-07-27,24,75.36,False,3.14,19.02,6.0200000000000005,0.0,31,7,-0.5680647467311556,-0.8229838658936565,35.0,38.0,37.0,35.75,2.2173557826083345,1.0,4.0,32.5,34.32190891519528,35.75
STR-03,SKU-00023,Beverages,QLD,Metro,2026-06-08,69,289.8,False,4.2,20.485714285714288,4.485714285714286,1.0,24,6,0.23931566428755768,-0.970941817426052,58.0,72.0,83.0,76.75,15.392097539538485,1.0,0.0,107.43478260869566,72.23192993526834,76.75
STR-03,SKU-00023,Beverages,QLD,Metro,2026-06-15,68,285.6,False,4.2,20.17142857142857,4.914285714285714,0.0,25,6,0.12053668025532308,-0.992708874098054,69.0,58.0,94.0,73.25,15.0858653491715,1.0,0.0,107.43478260869566,71.38845822733107,73.25
STR-03,SKU-00023,Beverages,QLD,Metro,2026-06-22,58,243.6,False,4.2,19.400000000000002,4.042857142857143,0.0,26,6,-3.216245299353273e-16,-1.0,68.0,69.0,72.0,66.75,6.07590871118606,1.0,0.0,107.43478260869566,67.39933633958552,66.75
STR-03,SKU-00023,Beverages,QLD,Metro,2026-06-29,72,302.4,False,4.2,20.24285714285714,5.728571428571429,0.0,27,6,-0.12053668025532283,-0.992708874098054,58.0,68.0,58.0,63.25,6.07590871118606,1.0,0.0,107.43478260869566,64.98257772742963,63.25
STR-03,SKU-00023,Beverages,QLD,Metro,2026-07-06,65,273.0,False,4.2,20.3,3.557142857142857,0.0,28,7,-0.23931566428755743,-0.9709418174260521,72.0,58.0,69.0,66.75,6.07590871118606,1.0,0.0,107.43478260869566,66.84086792904552,66.75
STR-03,SKU-00023,Beverages,QLD,Metro,2026-07-13,57,239.4,False,4.2,18.385714285714283,6.071428571428571,0.0,29,7,-0.3546048870425356,-0.9350162426854148,65.0,72.0,68.0,65.75,5.909032633745278,1.0,0.0,107.43478260869566,65.99092755639042,65.75
STR-03,SKU-00023,Beverages,QLD,Metro,2026-07-20,68,285.6,False,4.2,19.357142857142858,2.442857142857143,0.0,30,7,-0.46472317204376806,-0.8854560256532101,57.0,65.0,58.0,63.0,6.976149845485449,1.0,0.0,107.43478260869566,63.68130269364741,63.0
STR-03,SKU-00023,Beverages,QLD,Metro,2026-07-27,36,151.2,False,4.2,19.02,6.0200000000000005,0.0,31,7,-0.5680647467311556,-0.8229838658936565,68.0,57.0,72.0,65.5,6.350852961085882,1.0,0.0,107.43478260869566,65.13136115645726,65.5
STR-04,SKU-00001,Beverages,WA,Regional,2026-06-08,62,199.64000000000001,False,3.22,14.785714285714286,2.042857142857143,1.0,24,6,0.23931566428755768,-0.970941817426052,54.0,74.0,61.0,67.5,12.23383286900171,2.0,0.0,99.71739130434783,64.54773557658356,67.5
STR-04,SKU-00001,Beverages,WA,Regional,2026-06-15,60,193.20000000000002,False,3.22,13.314285714285715,1.5142857142857142,0.0,25,6,0.12053668025532308,-0.992708874098054,62.0,54.0,81.0,67.75,12.065791865158841,2.0,0.0,99.71739130434783,63.311628366400946,67.75
STR-04,SKU-00001,Beverages,WA,Regional,2026-06-22,61,196.42000000000002,False,3.22,14.657142857142857,2.257142857142857,0.0,26,6,-3.216245299353273e-16,-1.0,60.0,62.0,74.0,62.5,8.386497083606079,2.0,0.0,99.71739130434783,62.080197990170916,62.5
STR-04,SKU-00001,Beverages,WA,Regional,2026-06-29,61,196.42000000000002,False,3.22,14.257142857142856,0.9571428571428572,0.0,27,6,-0.12053668025532283,-0.992708874098054,61.0,60.0,54.0,59.25,3.593976442141293,2.0,0.0,99.71739130434783,60.57163677442799,59.25
STR-04,SKU-00001,Beverages,WA,Regional,2026-07-06,52,167.44,False,3.22,12.757142857142856,2.4714285714285715,0.0,28,7,-0.23931566428755743,-0.9709418174260521,61.0,61.0,62.0,61.0,0.8164965809276782,2.0,0.0,99.71739130434783,62.86618274224305,61.0
STR-04,SKU-00001,Beverages,WA,Regional,2026-07-13,48,154.56,False,3.22,14.114285714285714,1.6142857142857143,0.0,29,7,-0.3546048870425356,-0.9350162426854148,52.0,61.0,60.0,58.5,4.358898943540664,2.0,0.0,99.71739130434783,59.811089356808424,58.5
STR-04,SKU-00001,Beverages,WA,Regional,2026-07-20,69,222.18,False,3.22,13.87142857142857,2.1714285714285717,0.0,30,7,-0.46472317204376806,-0.8854560256532101,48.0,52.0,61.0,55.5,6.557438524301994,2.0,0.0,99.71739130434783,55.01863493018565,55.5
STR-04,SKU-00001,Beverages,WA,Regional,2026-07-27,41,132.02,False,3.22,15.059999999999999,2.4,0.0,31,7,-0.5680647467311556,-0.8229838658936565,69.0,48.0,61.0,57.5,9.398581453247786,2.0,0.0,99.71739130434783,59.91673077705524,57.5
STR-04,SKU-00003,Dairy,WA,Regional,2026-06-08,74,738.52,False,9.98,14.785714285714286,2.042857142857143,1.0,24,6,0.23931566428755768,-0.970941817426052,55.0,68.0,58.0,61.0,5.715476066494085,2.0,1.0,66.21739130434783,66.84153069623774,61.0
STR-04,SKU-00003,Dairy,WA,Regional,2026-06-15,71,708.58,False,9.98,13.314285714285715,1.5142857142857142,0.0,25,6,0.12053668025532308,-0.992708874098054,74.0,55.0,63.0,65.0,8.041558721209881,2.0,1.0,66.21739130434783,67.39097050614413,65.0
STR-04,SKU-00003,Dairy,WA,Regional,2026-06-22,72,718.56,False,9.98,14.657142857142857,2.257142857142857,0.0,26,6,-3.216245299353273e-16,-1.0,71.0,74.0,68.0,67.0,8.366600265340756,2.0,1.0,66.21739130434783,68.99645943327683,67.0
STR-04,SKU-00003,Dairy,WA,Regional,2026-06-29,88,878.24,False,9.98,14.257142857142856,0.9571428571428572,0.0,27,6,-0.12053668025532283,-0.992708874098054,72.0,71.0,55.0,68.0,8.755950357709132,2.0,1.0,66.21739130434783,68.69744759944614,68.0
STR-04,SKU-00003,Dairy,WA,Regional,2026-07-06,62,618.76,False,9.98,12.757142857142856,2.4714285714285715,0.0,28,7,-0.23931566428755743,-0.9709418174260521,88.0,72.0,74.0,76.25,7.9320026895272004,2.0,1.0,66.21739130434783,72.96761356634335,76.25
STR-04,SKU-00003,Dairy,WA,Regional,2026-07-13,76,758.48,False,9.98,14.114285714285714,1.6142857142857143,0.0,29,7,-0.3546048870425356,-0.9350162426854148,62.0,88.0,71.0,73.25,10.812801055539067,2.0,1.0,66.21739130434783,71.3376350424938,73.25
STR-04,SKU-00003,Dairy,WA,Regional,2026-07-20,79,788.4200000000001,False,9.98,13.87142857142857,2.1714285714285717,0.0,30,7,-0.46472317204376806,-0.8854560256532101,76.0,62.0,72.0,74.5,10.754843869934456,2.0,1.0,66.21739130434783,71.49685509507945,74.5
STR-04,SKU-00003,Dairy,WA,Regional,2026-07-27,48,479.04,False,9.98,15.059999999999999,2.4,0.0,31,7,-0.5680647467311556,-0.8229838658936565,79.0,76.0,88.0,76.25,10.781929326423917,2.0,1.0,66.21739130434783,72.38165721834532,76.25
STR-04,SKU-00004,Household,WA,Regional,2026-06-08,20,192.60000000000002,False,9.63,14.785714285714286,2.042857142857143,1.0,24,6,0.23931566428755768,-0.970941817426052,28.0,26.0,29.0,27.5,1.2909944487357965,2.0,3.0,25.934782608695652,25.690308753068162,27.5
STR-04,SKU-00004,Household,WA,Regional,2026-06-15,25,240.75,False,9.63,13.314285714285715,1.5142857142857142,0.0,25,6,0.12053668025532308,-0.992708874098054,20.0,28.0,27.0,25.25,3.593976442141301,2.0,3.0,25.934782608695652,25.77237841234877,25.25
STR-04,SKU-00004,Household,WA,Regional,2026-06-22,22,211.86,False,9.63,14.657142857142857,2.257142857142857,0.0,26,6,-3.216245299353273e-16,-1.0,25.0,20.0,26.0,24.75,3.4034296427770196,2.0,3.0,25.934782608695652,25.493555722112777,24.75
STR-04,SKU-00004,Household,WA,Regional,2026-06-29,18,173.34,False,9.63,14.257142857142856,0.9571428571428572,0.0,27,6,-0.12053668025532283,-0.992708874098054,22.0,25.0,28.0,23.75,3.499999999999997,2.0,3.0,25.934782608695652,25.69176641623603,23.75
STR-04,SKU-00004,Household,WA,Regional,2026-07-06,19,182.97,False,9.63,12.757142857142856,2.4714285714285715,0.0,28,7,-0.23931566428755743,-0.9709418174260521,18.0,22.0,20.0,21.25,2.986078811194815,2.0,3.0,25.934782608695652,24.655831079622647,21.25
STR-04,SKU-00004,Household,WA,Regional,2026-07-13,19,182.97000000000003,False,9.63,14.114285714285714,1.6142857142857143,0.0,29,7,-0.3546048870425356,-0.9350162426854148,19.0,18.0,25.0,21.0,3.162277660168375,2.0,3.0,25.934782608695652,25.39665950154699,21.0
STR-04,SKU-00004,Household,WA,Regional,2026-07-20,19,182.97000000000003,False,9.63,13.87142857142857,2.1714285714285717,0.0,30,7,-0.46472317204376806,-0.8854560256532101,19.0,19.0,22.0,19.5,1.73205080756887,2.0,3.0,25.934782608695652,25.153476671214815,19.5
STR-04,SKU-00004,Household,WA,Regional,2026-07-27,13,125.19000000000001,False,9.63,15.059999999999999,2.4,0.0,31,7,-0.5680647467311556,-0.8229838658936565,19.0,19.0,18.0,18.75,0.4999999999999754,2.0,3.0,25.934782608695652,23.956095179641217,18.75
STR-04,SKU-00005,Personal Care,WA,Regional,2026-06-08,24,82.32,False,3.43,14.785714285714286,2.042857142857143,1.0,24,6,0.23931566428755768,-0.970941817426052,26.0,21.0,20.0,23.0,2.9439202887759235,2.0,4.0,23.565217391304348,22.770153251856467,23.0
STR-04,SKU-00005,Personal Care,WA,Regional,2026-06-15,22,75.46,False,3.43,13.314285714285715,1.5142857142857142,0.0,25,6,0.12053668025532308,-0.992708874098054,24.0,26.0,25.0,24.0,2.1602468994692523,2.0,4.0,23.565217391304348,23.9110971766102,24.0
STR-04,SKU-00005,Personal Care,WA,Regional,2026-06-22,20,68.6,False,3.43,14.657142857142857,2.257142857142857,0.0,26,6,-3.216245299353273e-16,-1.0,22.0,24.0,21.0,23.25,2.217355782608312,2.0,4.0,23.565217391304348,23.876995586635047,23.25
STR-04,SKU-00005,Personal Care,WA,Regional,2026-06-29,23,78.88999999999999,False,3.43,14.257142857142856,0.9571428571428572,0.0,27,6,-0.12053668025532283,-0.992708874098054,20.0,22.0,26.0,23.0,2.5819888974715828,2.0,4.0,23.565217391304348,23.879716473404958,23.0
STR-04,SKU-00005,Personal Care,WA,Regional,2026-07-06,25,85.75,False,3.43,12.757142857142856,2.4714285714285715,0.0,28,7,-0.23931566428755743,-0.9709418174260521,23.0,20.0,24.0,22.25,1.7078251276598897,2.0,4.0,23.565217391304348,23.21413035545939,22.25
STR-04,SKU-00005,Personal Care,WA,Regional,2026-07-13,26,89.18,False,3.43,14.114285714285714,1.6142857142857143,0.0,29,7,-0.3546048870425356,-0.9350162426854148,25.0,23.0,22.0,22.5,2.081665999466097,2.0,4.0,23.565217391304348,23.9110971766102,22.5
STR-04,SKU-00005,Personal Care,WA,Regional,2026-07-20,21,72.03,False,3.43,13.87142857142857,2.1714285714285717,0.0,30,7,-0.46472317204376806,-0.8854560256532101,26.0,25.0,20.0,23.5,2.6457513110645623,2.0,4.0,23.565217391304348,23.035460492119718,23.5
STR-04,SKU-00005,Personal Care,WA,Regional,2026-07-27,19,65.17,False,3.4300000000000006,15.059999999999999,2.4,0.0,31,7,-0.5680647467311556,-0.8229838658936565,21.0,26.0,23.0,23.75,2.2173557826083115,2.0,4.0,23.565217391304348,23.468663556141934,23.75
STR-04,SKU-00006,Frozen,WA,Regional,2026-06-08,63,495.17999999999995,False,7.86,14.785714285714286,2.042857142857143,1.0,24,6,0.23931566428755768,-0.970941817426052,60.0,45.0,51.0,54.25,7.632168761236874,2.0,2.0,55.0,57.447138993624655,54.25
STR-04,SKU-00006,Frozen,WA,Regional,2026-06-15,56,440.15999999999997,False,7.86,13.314285714285715,1.5142857142857142,0.0,25,6,0.12053668025532308,-0.992708874098054,63.0,60.0,61.0,57.25,8.261355820929152,2.0,2.0,55.0,59.58494774675977,57.25
STR-04,SKU-00006,Frozen,WA,Regional,2026-06-22,66,518.76,False,7.86,14.657142857142857,2.257142857142857,0.0,26,6,-3.216245299353273e-16,-1.0,56.0,63.0,45.0,56.0,7.874007874011809,2.0,2.0,55.0,57.84751663577581,56.0
STR-04,SKU-00006,Frozen,WA,Regional,2026-06-29,80,628.8000000000001,False,7.86,14.257142857142856,0.9571428571428572,0.0,27,6,-0.12053668025532283,-0.992708874098054,66.0,56.0,60.0,61.25,4.272001872658764,2.0,2.0,55.0,58.15447328951753,61.25
STR-04,SKU-00006,Frozen,WA,Regional,2026-07-06,54,424.44,False,7.86,12.757142857142856,2.4714285714285715,0.0,28,7,-0.23931566428755743,-0.9709418174260521,80.0,66.0,63.0,66.25,10.07885575516057,2.0,2.0,55.0,62.83269179149565,66.25
STR-04,SKU-00006,Frozen,WA,Regional,2026-07-13,53,416.58,False,7.86,14.114285714285714,1.6142857142857143,0.0,29,7,-0.3546048870425356,-0.9350162426854148,54.0,80.0,56.0,64.0,11.88836966675134,2.0,2.0,55.0,60.3450156040302,64.0
STR-04,SKU-00006,Frozen,WA,Regional,2026-07-20,69,542.34,False,7.86,13.87142857142857,2.1714285714285717,0.0,30,7,-0.46472317204376806,-0.8854560256532101,53.0,54.0,66.0,63.25,12.632629707758133,2.0,2.0,55.0,58.713818195853754,63.25
STR-04,SKU-00006,Frozen,WA,Regional,2026-07-27,31,243.66,False,7.860000000000001,15.059999999999999,2.4,0.0,31,7,-0.5680647467311556,-0.8229838658936565,69.0,53.0,80.0,64.0,12.935738607954837,2.0,2.0,55.0,60.38959007083967,64.0
STR-04,SKU-00007,Beverages,WA,Regional,2026-06-08,58,256.36,False,4.42,14.785714285714286,2.042857142857143,1.0,24,6,0.23931566428755768,-0.970941817426052,65.0,63.0,65.0,67.75,6.898067362191645,2.0,0.0,94.54347826086956,64.9152472616882,67.75
STR-04,SKU-00007,Beverages,WA,Regional,2026-06-15,48,212.16,False,4.42,13.314285714285715,1.5142857142857142,0.0,25,6,0.12053668025532308,-0.992708874098054,58.0,65.0,78.0,66.0,8.524474568362963,2.0,0.0,94.54347826086956,62.05950219193353,66.0
STR-04,SKU-00007,Beverages,WA,Regional,2026-06-22,51,225.42000000000002,False,4.42,14.657142857142857,2.257142857142857,0.0,26,6,-3.216245299353273e-16,-1.0,48.0,58.0,63.0,58.5,7.593857166596362,2.0,0.0,94.54347826086956,57.441894679727426,58.5
STR-04,SKU-00007,Beverages,WA,Regional,2026-06-29,57,251.94,False,4.42,14.257142857142856,0.9571428571428572,0.0,27,6,-0.12053668025532283,-0.992708874098054,51.0,48.0,65.0,55.5,7.593857166596362,2.0,0.0,94.54347826086956,54.68080990135198,55.5
STR-04,SKU-00007,Beverages,WA,Regional,2026-07-06,54,238.68,False,4.42,12.757142857142856,2.4714285714285715,0.0,28,7,-0.23931566428755743,-0.9709418174260521,57.0,51.0,58.0,53.5,4.7958315233127475,2.0,0.0,94.54347826086956,51.964749553129,53.5
STR-04,SKU-00007,Beverages,WA,Regional,2026-07-13,46,203.32,False,4.42,14.114285714285714,1.6142857142857143,0.0,29,7,-0.3546048870425356,-0.9350162426854148,54.0,57.0,48.0,52.5,3.8729833462074517,2.0,0.0,94.54347826086956,51.854666694597825,52.5
STR-04,SKU-00007,Beverages,WA,Regional,2026-07-20,56,247.51999999999998,False,4.42,13.87142857142857,2.1714285714285717,0.0,30,7,-0.46472317204376806,-0.8854560256532101,46.0,54.0,51.0,52.0,4.690415759823458,2.0,0.0,94.54347826086956,51.59532020967835,52.0
STR-04,SKU-00007,Beverages,WA,Regional,2026-07-27,34,150.28,False,4.42,15.059999999999999,2.4,0.0,31,7,-0.5680647467311556,-0.8229838658936565,56.0,46.0,57.0,53.25,4.991659710624006,2.0,0.0,94.54347826086956,52.275739376708415,53.25
STR-04,SKU-00009,Dairy,WA,Regional,2026-06-08,100,681.0,False,6.81,14.785714285714286,2.042857142857143,1.0,24,6,0.23931566428755768,-0.970941817426052,113.0,103.0,118.0,111.25,6.238322424070902,2.0,1.0,100.95652173913044,112.37728973692106,111.25
STR-04,SKU-00009,Dairy,WA,Regional,2026-06-15,100,681.0,False,6.81,13.314285714285715,1.5142857142857142,0.0,25,6,0.12053668025532308,-0.992708874098054,100.0,113.0,111.0,106.75,6.238322424070902,2.0,1.0,100.95652173913044,108.71239488211471,106.75
STR-04,SKU-00009,Dairy,WA,Regional,2026-06-22,116,789.96,False,6.81,14.657142857142857,2.257142857142857,0.0,26,6,-3.216245299353273e-16,-1.0,100.0,100.0,103.0,104.0,6.164414002968909,2.0,1.0,100.95652173913044,108.4974786947665,104.0
STR-04,SKU-00009,Dairy,WA,Regional,2026-06-29,117,796.77,False,6.81,14.257142857142856,0.9571428571428572,0.0,27,6,-0.12053668025532283,-0.992708874098054,116.0,100.0,113.0,107.25,8.460693430997988,2.0,1.0,100.95652173913044,111.9610247493941,107.25
STR-04,SKU-00009,Dairy,WA,Regional,2026-07-06,123,837.63,False,6.81,12.757142857142856,2.4714285714285715,0.0,28,7,-0.23931566428755743,-0.9709418174260521,117.0,116.0,100.0,108.25,9.535023160258492,2.0,1.0,100.95652173913044,112.07278415209548,108.25
STR-04,SKU-00009,Dairy,WA,Regional,2026-07-13,94,640.14,False,6.81,14.114285714285714,1.6142857142857143,0.0,29,7,-0.3546048870425356,-0.9350162426854148,123.0,117.0,100.0,114.0,9.83192080250171,2.0,1.0,100.95652173913044,115.05338158520506,114.0
STR-04,SKU-00009,Dairy,WA,Regional,2026-07-20,79,537.99,False,6.81,13.87142857142857,2.1714285714285717,0.0,30,7,-0.46472317204376806,-0.8854560256532101,94.0,123.0,116.0,112.5,12.71482074850707,2.0,1.0,100.95652173913044,107.05443616586827,112.5
STR-04,SKU-00009,Dairy,WA,Regional,2026-07-27,61,415.40999999999997,False,6.81,15.059999999999999,2.4,0.0,31,7,-0.5680647467311556,-0.8229838658936565,79.0,94.0,117.0,103.25,20.43485584322367,2.0,1.0,100.95652173913044,96.57127426412342,103.25
STR-04,SKU-00010,Household,WA,Regional,2026-06-08,45,364.95,False,8.11,14.785714285714286,2.042857142857143,1.0,24,6,0.23931566428755768,-0.970941817426052,41.0,71.0,49.0,49.25,15.456929406148772,2.0,3.0,47.52173913043478,49.158331017855325,49.25
STR-04,SKU-00010,Household,WA,Regional,2026-06-15,45,364.95,False,8.11,13.314285714285715,1.5142857142857142,0.0,25,6,0.12053668025532308,-0.992708874098054,45.0,41.0,36.0,48.25,15.607156478145958,2.0,3.0,47.52173913043478,46.56989490620975,48.25
STR-04,SKU-00010,Household,WA,Regional,2026-06-22,53,429.83,False,8.11,14.657142857142857,2.257142857142857,0.0,26,6,-3.216245299353273e-16,-1.0,45.0,45.0,71.0,50.5,13.796134724383252,2.0,3.0,47.52173913043478,47.48804263934176,50.5
STR-04,SKU-00010,Household,WA,Regional,2026-06-29,44,356.84,False,8.11,14.257142857142856,0.9571428571428572,0.0,27,6,-0.12053668025532283,-0.992708874098054,53.0,45.0,41.0,46.0,5.033222956847165,2.0,3.0,47.52173913043478,46.43973884938933,46.0
STR-04,SKU-00010,Household,WA,Regional,2026-07-06,59,478.49,False,8.11,12.757142857142856,2.4714285714285715,0.0,28,7,-0.23931566428755743,-0.9709418174260521,44.0,53.0,45.0,46.75,4.19324854180304,2.0,3.0,47.52173913043478,47.013193341013015,46.75
STR-04,SKU-00010,Household,WA,Regional,2026-07-13,41,332.51,False,8.11,14.114285714285714,1.6142857142857143,0.0,29,7,-0.3546048870425356,-0.9350162426854148,59.0,44.0,45.0,50.25,7.088723439378911,2.0,3.0,47.52173913043478,48.558095407783235,50.25
STR-04,SKU-00010,Household,WA,Regional,2026-07-20,47,381.16999999999996,False,8.11,13.87142857142857,2.1714285714285717,0.0,30,7,-0.46472317204376806,-0.8854560256532101,41.0,59.0,53.0,49.25,8.261355820929152,2.0,3.0,47.52173913043478,48.00839963723232,49.25
STR-04,SKU-00010,Household,WA,Regional,2026-07-27,35,283.84999999999997,False,8.11,15.059999999999999,2.4,0.0,31,7,-0.5680647467311556,-0.8229838658936565,47.0,41.0,44.0,47.75,7.889866919029749,2.0,3.0,47.52173913043478,45.303318395660064,47.75
STR-04,SKU-00011,Personal Care,WA,Regional,2026-06-08,15,164.55,False,10.97,14.785714285714286,2.042857142857143,1.0,24,6,0.23931566428755768,-0.970941817426052,19.0,25.0,18.0,19.75,3.5939764421412974,2.0,4.0,22.065217391304348,21.82182068436722,19.75
STR-04,SKU-00011,Personal Care,WA,Regional,2026-06-15,18,197.45999999999998,False,10.97,13.314285714285715,1.5142857142857142,0.0,25,6,0.12053668025532308,-0.992708874098054,15.0,19.0,17.0,19.0,4.320493798938568,2.0,4.0,22.065217391304348,21.371498093388453,19.0
STR-04,SKU-00011,Personal Care,WA,Regional,2026-06-22,25,274.25,False,10.97,14.657142857142857,2.257142857142857,0.0,26,6,-3.216245299353273e-16,-1.0,18.0,15.0,25.0,19.25,4.193248541803036,2.0,4.0,22.065217391304348,22.069976386707932,19.25
STR-04,SKU-00011,Personal Care,WA,Regional,2026-06-29,26,285.22,False,10.97,14.257142857142856,0.9571428571428572,0.0,27,6,-0.12053668025532283,-0.992708874098054,25.0,18.0,19.0,19.25,4.193248541803036,2.0,4.0,22.065217391304348,21.291737540035136,19.25
STR-04,SKU-00011,Personal Care,WA,Regional,2026-07-06,21,230.37,False,10.97,12.757142857142856,2.4714285714285715,0.0,28,7,-0.23931566428755743,-0.9709418174260521,26.0,25.0,15.0,21.0,5.354126134736332,2.0,4.0,22.065217391304348,21.44596194926202,21.0
STR-04,SKU-00011,Personal Care,WA,Regional,2026-07-13,12,131.64,False,10.97,14.114285714285714,1.6142857142857143,0.0,29,7,-0.3546048870425356,-0.9350162426854148,21.0,26.0,18.0,22.5,3.696845502136466,2.0,4.0,22.065217391304348,21.73258243689302,22.5
STR-04,SKU-00011,Personal Care,WA,Regional,2026-07-20,14,153.57999999999998,False,10.97,13.87142857142857,2.1714285714285717,0.0,30,7,-0.46472317204376806,-0.8854560256532101,12.0,21.0,25.0,21.0,6.37704215656966,2.0,4.0,22.065217391304348,22.105649729162963,21.0
STR-04,SKU-00011,Personal Care,WA,Regional,2026-07-27,20,219.4,False,10.97,15.059999999999999,2.4,0.0,31,7,-0.5680647467311556,-0.8229838658936565,14.0,12.0,26.0,18.25,6.448514040717698,2.0,4.0,22.065217391304348,21.54534836085288,18.25
STR-04,SKU-00012,Frozen,WA,Regional,2026-06-08,36,185.04,True,5.14,14.785714285714286,2.042857142857143,1.0,24,6,0.23931566428755768,-0.970941817426052,42.0,33.0,38.0,32.75,10.5,2.0,2.0,28.695652173913043,31.75973797855424,32.75
STR-04,SKU-00012,Frozen,WA,Regional,2026-06-15,27,138.78,False,5.14,13.314285714285715,1.5142857142857142,0.0,25,6,0.12053668025532308,-0.992708874098054,36.0,42.0,18.0,32.25,10.21028892833107,2.0,2.0,28.695652173913043,30.76209793694132,32.25
STR-04,SKU-00012,Frozen,WA,Regional,2026-06-22,41,210.74,False,5.14,14.657142857142857,2.257142857142857,0.0,26,6,-3.216245299353273e-16,-1.0,27.0,36.0,33.0,34.5,6.244997998398398,2.0,2.0,28.695652173913043,31.650596238184793,34.5
STR-04,SKU-00012,Frozen,WA,Regional,2026-06-29,34,174.76,False,5.14,14.257142857142856,0.9571428571428572,0.0,27,6,-0.12053668025532283,-0.992708874098054,41.0,27.0,42.0,36.5,6.855654600401044,2.0,2.0,28.695652173913043,33.48627307897941,36.5
STR-04,SKU-00012,Frozen,WA,Regional,2026-07-06,34,174.76,False,5.14,12.757142857142856,2.4714285714285715,0.0,28,7,-0.23931566428755743,-0.9709418174260521,34.0,41.0,36.0,34.5,5.802298395176403,2.0,2.0,28.695652173913043,31.224318800485385,34.5
STR-04,SKU-00012,Frozen,WA,Regional,2026-07-13,30,154.2,False,5.14,14.114285714285714,1.6142857142857143,0.0,29,7,-0.3546048870425356,-0.9350162426854148,34.0,34.0,27.0,34.0,5.715476066494082,2.0,2.0,28.695652173913043,31.27372709665229,34.0
STR-04,SKU-00012,Frozen,WA,Regional,2026-07-20,30,154.2,False,5.14,13.87142857142857,2.1714285714285717,0.0,30,7,-0.46472317204376806,-0.8854560256532101,30.0,34.0,41.0,34.75,4.573474244670747,2.0,2.0,28.695652173913043,31.639428086003228,34.75
STR-04,SKU-00012,Frozen,WA,Regional,2026-07-27,18,92.52,False,5.14,15.059999999999999,2.4,0.0,31,7,-0.5680647467311556,-0.8229838658936565,30.0,30.0,34.0,32.0,2.3094010767585007,2.0,2.0,28.695652173913043,29.6541026362493,32.0
STR-04,SKU-00013,Beverages,WA,Regional,2026-06-08,74,366.3,False,4.95,14.785714285714286,2.042857142857143,1.0,24,6,0.23931566428755768,-0.970941817426052,63.0,95.0,105.0,80.75,22.632940595512547,2.0,0.0,118.97826086956522,79.7718992956466,80.75
STR-04,SKU-00013,Beverages,WA,Regional,2026-06-15,72,356.4,False,4.95,13.314285714285715,1.5142857142857142,0.0,25,6,0.12053668025532308,-0.992708874098054,74.0,63.0,60.0,73.0,15.853495934125483,2.0,0.0,118.97826086956522,69.78021684704848,73.0
STR-04,SKU-00013,Beverages,WA,Regional,2026-06-22,64,316.8,False,4.95,14.657142857142857,2.257142857142857,0.0,26,6,-3.216245299353273e-16,-1.0,72.0,74.0,95.0,76.0,13.540064007726597,2.0,0.0,118.97826086956522,72.13679907865668,76.0
STR-04,SKU-00013,Beverages,WA,Regional,2026-06-29,77,381.15,False,4.95,14.257142857142856,0.9571428571428572,0.0,27,6,-0.12053668025532283,-0.992708874098054,64.0,72.0,63.0,68.25,5.560275772537422,2.0,0.0,118.97826086956522,64.40362567699901,68.25
STR-04,SKU-00013,Beverages,WA,Regional,2026-07-06,59,292.05,False,4.95,12.757142857142856,2.4714285714285715,0.0,28,7,-0.23931566428755743,-0.9709418174260521,77.0,64.0,74.0,71.75,5.560275772537422,2.0,0.0,118.97826086956522,70.95673104760337,71.75
STR-04,SKU-00013,Beverages,WA,Regional,2026-07-13,64,316.8,False,4.95,14.114285714285714,1.6142857142857143,0.0,29,7,-0.3546048870425356,-0.9350162426854148,59.0,77.0,72.0,68.0,8.041558721209876,2.0,0.0,118.97826086956522,63.39101626108143,68.0
STR-04,SKU-00013,Beverages,WA,Regional,2026-07-20,72,356.4,False,4.95,13.87142857142857,2.1714285714285717,0.0,30,7,-0.46472317204376806,-0.8854560256532101,64.0,59.0,64.0,66.0,7.702813338860894,2.0,0.0,118.97826086956522,65.30962348055834,66.0
STR-04,SKU-00013,Beverages,WA,Regional,2026-07-27,43,212.85,False,4.95,15.059999999999999,2.4,0.0,31,7,-0.5680647467311556,-0.8229838658936565,72.0,64.0,77.0,68.0,8.041558721209876,2.0,0.0,118.97826086956522,67.3929096716448,68.0
STR-04,SKU-00014,Snacks,WA,Regional,2026-06-08,50,362.0,False,7.24,14.785714285714286,2.042857142857143,1.0,24,6,0.23931566428755768,-0.970941817426052,48.0,55.0,47.0,46.5,7.852812659593161,2.0,5.0,62.391304347826086,53.29645209448721,46.5
STR-04,SKU-00014,Snacks,WA,Regional,2026-06-15,46,333.04,False,7.24,13.314285714285715,1.5142857142857142,0.0,25,6,0.12053668025532308,-0.992708874098054,50.0,48.0,36.0,47.25,8.057087976847876,2.0,5.0,62.391304347826086,51.90727874815737,47.25
STR-04,SKU-00014,Snacks,WA,Regional,2026-06-22,42,304.08,False,7.24,14.657142857142857,2.257142857142857,0.0,26,6,-3.216245299353273e-16,-1.0,46.0,50.0,55.0,49.75,3.862210075418814,2.0,5.0,62.391304347826086,52.73980932663597,49.75
STR-04,SKU-00014,Snacks,WA,Regional,2026-06-29,43,311.32,False,7.24,14.257142857142856,0.9571428571428572,0.0,27,6,-0.12053668025532283,-0.992708874098054,42.0,46.0,48.0,46.5,3.415650255319856,2.0,5.0,62.391304347826086,51.27140416420741,46.5
STR-04,SKU-00014,Snacks,WA,Regional,2026-07-06,58,419.92,False,7.24,12.757142857142856,2.4714285714285715,0.0,28,7,-0.23931566428755743,-0.9709418174260521,43.0,42.0,50.0,45.25,3.5939764421412947,2.0,5.0,62.391304347826086,50.411063584097676,45.25
STR-04,SKU-00014,Snacks,WA,Regional,2026-07-13,39,282.36,False,7.24,14.114285714285714,1.6142857142857143,0.0,29,7,-0.3546048870425356,-0.9350162426854148,58.0,43.0,46.0,47.25,7.365459931328114,2.0,5.0,62.391304347826086,52.131467254465576,47.25
STR-04,SKU-00014,Snacks,WA,Regional,2026-07-20,35,253.39999999999998,False,7.24,13.87142857142857,2.1714285714285717,0.0,30,7,-0.46472317204376806,-0.8854560256532101,39.0,58.0,42.0,45.5,8.504900548115378,2.0,5.0,62.391304347826086,51.33169246441591,45.5
STR-04,SKU-00014,Snacks,WA,Regional,2026-07-27,31,224.44,False,7.24,15.059999999999999,2.4,0.0,31,7,-0.5680647467311556,-0.8229838658936565,35.0,39.0,43.0,43.75,10.045728777279754,2.0,5.0,62.391304347826086,47.384315096871866,43.75
STR-04,SKU-00015,Dairy,WA,Regional,2026-06-08,55,174.9,False,3.18,14.785714285714286,2.042857142857143,1.0,24,6,0.23931566428755768,-0.970941817426052,49.0,41.0,51.0,46.75,4.349329450233299,2.0,1.0,45.08695652173913,49.152823145304794,46.75
STR-04,SKU-00015,Dairy,WA,Regional,2026-06-15,47,149.46,False,3.18,13.314285714285715,1.5142857142857142,0.0,25,6,0.12053668025532308,-0.992708874098054,55.0,49.0,46.0,47.75,5.852349955359815,2.0,1.0,45.08695652173913,47.975078406022035,47.75
STR-04,SKU-00015,Dairy,WA,Regional,2026-06-22,62,197.16,False,3.18,14.657142857142857,2.257142857142857,0.0,26,6,-3.216245299353273e-16,-1.0,47.0,55.0,41.0,48.0,5.773502691896259,2.0,1.0,45.08695652173913,47.28935470054837,48.0
STR-04,SKU-00015,Dairy,WA,Regional,2026-06-29,58,184.44,False,3.18,14.257142857142856,0.9571428571428572,0.0,27,6,-0.12053668025532283,-0.992708874098054,62.0,47.0,49.0,53.25,6.751543033509699,2.0,1.0,45.08695652173913,51.436666055326796,53.25
STR-04,SKU-00015,Dairy,WA,Regional,2026-07-06,31,98.58,False,3.18,12.757142857142856,2.4714285714285715,0.0,28,7,-0.23931566428755743,-0.9709418174260521,58.0,62.0,55.0,55.5,6.350852961085884,2.0,1.0,45.08695652173913,52.25873661092144,55.5
STR-04,SKU-00015,Dairy,WA,Regional,2026-07-13,53,168.54000000000002,False,3.18,14.114285714285714,1.6142857142857143,0.0,29,7,-0.3546048870425356,-0.9350162426854148,31.0,58.0,47.0,49.5,13.868429375143148,2.0,1.0,45.08695652173913,47.91519382286217,49.5
STR-04,SKU-00015,Dairy,WA,Regional,2026-07-20,64,203.52,False,3.18,13.87142857142857,2.1714285714285717,0.0,30,7,-0.46472317204376806,-0.8854560256532101,53.0,31.0,62.0,51.0,13.832329280830953,2.0,1.0,45.08695652173913,49.35543306943514,51.0
STR-04,SKU-00015,Dairy,WA,Regional,2026-07-27,34,108.12,False,3.18,15.059999999999999,2.4,0.0,31,7,-0.5680647467311556,-0.8229838658936565,64.0,53.0,58.0,51.5,14.38749456993816,2.0,1.0,45.08695652173913,50.39955479046383,51.5
STR-04,SKU-00016,Household,WA,Regional,2026-06-08,28,97.44,False,3.48,14.785714285714286,2.042857142857143,1.0,24,6,0.23931566428755768,-0.970941817426052,23.0,24.0,18.0,23.5,4.509249752822897,2.0,3.0,25.847826086956523,24.884314611231975,23.5
STR-04,SKU-00016,Household,WA,Regional,2026-06-15,28,97.44,False,3.48,13.314285714285715,1.5142857142857142,0.0,25,6,0.12053668025532308,-0.992708874098054,28.0,23.0,29.0,26.0,2.9439202887759532,2.0,3.0,25.847826086956523,25.716860560032377,26.0
STR-04,SKU-00016,Household,WA,Regional,2026-06-22,19,66.12,False,3.48,14.657142857142857,2.257142857142857,0.0,26,6,-3.216245299353273e-16,-1.0,28.0,28.0,24.0,25.75,2.629955639676588,2.0,3.0,25.847826086956523,25.499920546417627,25.75
STR-04,SKU-00016,Household,WA,Regional,2026-06-29,27,93.96,False,3.48,14.257142857142856,0.9571428571428572,0.0,27,6,-0.12053668025532283,-0.992708874098054,19.0,28.0,23.0,24.5,4.358898943540677,2.0,3.0,25.847826086956523,25.63624856391964,24.5
STR-04,SKU-00016,Household,WA,Regional,2026-07-06,36,125.28,False,3.48,12.757142857142856,2.4714285714285715,0.0,28,7,-0.23931566428755743,-0.9709418174260521,27.0,19.0,28.0,25.5,4.358898943540677,2.0,3.0,25.847826086956523,25.4526724370936,25.5
STR-04,SKU-00016,Household,WA,Regional,2026-07-13,29,100.92,False,3.48,14.114285714285714,1.6142857142857143,0.0,29,7,-0.3546048870425356,-0.9350162426854148,36.0,27.0,28.0,27.5,6.952217871538071,2.0,3.0,25.847826086956523,25.81966675521423,27.5
STR-04,SKU-00016,Household,WA,Regional,2026-07-20,27,93.96,False,3.48,13.87142857142857,2.1714285714285717,0.0,30,7,-0.46472317204376806,-0.8854560256532101,29.0,36.0,19.0,27.75,6.994045086119097,2.0,3.0,25.847826086956523,24.860718874073697,27.75
STR-04,SKU-00016,Household,WA,Regional,2026-07-27,20,69.6,False,3.4799999999999995,15.059999999999999,2.4,0.0,31,7,-0.5680647467311556,-0.8229838658936565,27.0,29.0,27.0,29.75,4.272001872658768,2.0,3.0,25.847826086956523,25.796647825535203,29.75
STR-04,SKU-00017,Beverages,WA,Regional,2026-06-08,66,246.84,False,3.7399999999999998,14.785714285714286,2.042857142857143,1.0,24,6,0.23931566428755768,-0.970941817426052,60.0,58.0,73.0,62.5,7.047458170621973,2.0,0.0,93.32608695652173,63.47251947134392,62.5
STR-04,SKU-00017,Beverages,WA,Regional,2026-06-15,44,164.56,False,3.7399999999999998,13.314285714285715,1.5142857142857142,0.0,25,6,0.12053668025532308,-0.992708874098054,66.0,60.0,59.0,60.75,3.5939764421412685,2.0,0.0,93.32608695652173,62.24037621014521,60.75
STR-04,SKU-00017,Beverages,WA,Regional,2026-06-22,51,190.74,False,3.7399999999999998,14.657142857142857,2.257142857142857,0.0,26,6,-3.216245299353273e-16,-1.0,44.0,66.0,58.0,57.0,9.309493362512614,2.0,0.0,93.32608695652173,56.253529691474576,57.0
STR-04,SKU-00017,Beverages,WA,Regional,2026-06-29,50,187.0,False,3.7399999999999998,14.257142857142856,0.9571428571428572,0.0,27,6,-0.12053668025532283,-0.992708874098054,51.0,44.0,60.0,55.25,9.708243919473787,2.0,0.0,93.32608695652173,54.564542816753836,55.25
STR-04,SKU-00017,Beverages,WA,Regional,2026-07-06,44,164.56,False,3.7399999999999998,12.757142857142856,2.4714285714285715,0.0,28,7,-0.23931566428755743,-0.9709418174260521,50.0,51.0,66.0,52.75,9.35859676091096,2.0,0.0,93.32608695652173,50.51021252807882,52.75
STR-04,SKU-00017,Beverages,WA,Regional,2026-07-13,47,175.78,False,3.7399999999999998,14.114285714285714,1.6142857142857143,0.0,29,7,-0.3546048870425356,-0.9350162426854148,44.0,50.0,44.0,47.25,3.7749172176353434,2.0,0.0,93.32608695652173,47.324434828581694,47.25
STR-04,SKU-00017,Beverages,WA,Regional,2026-07-20,47,175.78,False,3.7399999999999998,13.87142857142857,2.1714285714285717,0.0,30,7,-0.46472317204376806,-0.8854560256532101,47.0,44.0,51.0,48.0,3.1622776601683413,2.0,0.0,93.32608695652173,47.5279021206472,48.0
STR-04,SKU-00017,Beverages,WA,Regional,2026-07-27,37,138.38,False,3.7400000000000007,15.059999999999999,2.4,0.0,31,7,-0.5680647467311556,-0.8229838658936565,47.0,47.0,50.0,47.0,2.4494897427831295,2.0,0.0,93.32608695652173,47.60180276121502,47.0
STR-04,SKU-00018,Snacks,WA,Regional,2026-06-08,314,368.42,False,3.38,14.785714285714286,2.042857142857143,1.0,24,6,0.23931566428755768,-0.970941817426052,113.0,100.0,124.0,111.0,10.16530045465127,2.0,5.0,128.65217391304347,110.70489268983167,111.0
STR-04,SKU-00018,Snacks,WA,Regional,2026-06-15,106,358.28000000000003,False,3.38,13.314285714285715,1.5142857142857142,0.0,25,6,0.12053668025532308,-0.992708874098054,314.0,113.0,107.0,158.5,103.80269746013347,2.0,5.0,128.65217391304347,117.88483416449827,158.5
STR-04,SKU-00018,Snacks,WA,Regional,2026-06-22,117,395.46000000000004,False,3.38,14.657142857142857,2.257142857142857,0.0,26,6,-3.216245299353273e-16,-1.0,106.0,314.0,100.0,158.25,103.96914606426915,2.0,5.0,128.65217391304347,107.55341452649907,158.25
STR-04,SKU-00018,Snacks,WA,Regional,2026-06-29,115,388.7,False,3.38,14.257142857142856,0.9571428571428572,0.0,27,6,-0.12053668025532283,-0.992708874098054,117.0,106.0,113.0,162.5,101.10225846471812,2.0,5.0,128.65217391304347,108.42494857560251,162.5
STR-04,SKU-00018,Snacks,WA,Regional,2026-07-06,120,405.6,False,3.38,12.757142857142856,2.4714285714285715,0.0,28,7,-0.23931566428755743,-0.9709418174260521,115.0,117.0,314.0,163.0,100.78028907810626,2.0,5.0,128.65217391304347,104.11284025849629,163.0
STR-04,SKU-00018,Snacks,WA,Regional,2026-07-13,89,300.82,False,3.38,14.114285714285714,1.6142857142857143,0.0,29,7,-0.3546048870425356,-0.9350162426854148,120.0,115.0,106.0,114.5,6.027713773341643,2.0,5.0,128.65217391304347,111.20559204141794,114.5
STR-04,SKU-00018,Snacks,WA,Regional,2026-07-20,88,297.44,False,3.38,13.87142857142857,2.1714285714285717,0.0,30,7,-0.46472317204376806,-0.8854560256532101,89.0,120.0,117.0,110.25,14.31491064123929,2.0,5.0,128.65217391304347,104.63041666844256,110.25
STR-04,SKU-00018,Snacks,WA,Regional,2026-07-27,80,270.40000000000003,False,3.38,15.059999999999999,2.4,0.0,31,7,-0.5680647467311556,-0.8229838658936565,88.0,89.0,115.0,103.0,16.87206764645833,2.0,5.0,128.65217391304347,94.79055966622516,103.0
STR-04,SKU-00020,Household,WA,Regional,2026-06-08,44,417.12,False,9.48,14.785714285714286,2.042857142857143,1.0,24,6,0.23931566428755768,-0.970941817426052,44.0,41.0,41.0,43.25,2.872281323269021,2.0,3.0,43.58695652173913,43.009253782645146,43.25
STR-04,SKU-00020,Household,WA,Regional,2026-06-15,43,407.64,False,9.48,13.314285714285715,1.5142857142857142,0.0,25,6,0.12053668025532308,-0.992708874098054,44.0,44.0,47.0,44.0,2.449489742783186,2.0,3.0,43.58695652173913,42.13268056065899,44.0
STR-04,SKU-00020,Household,WA,Regional,2026-06-22,33,312.84000000000003,False,9.48,14.657142857142857,2.257142857142857,0.0,26,6,-3.216245299353273e-16,-1.0,43.0,44.0,41.0,43.0,1.4142135623731085,2.0,3.0,43.58695652173913,42.50085346291695,43.0
STR-04,SKU-00020,Household,WA,Regional,2026-06-29,47,445.56,False,9.48,14.257142857142856,0.9571428571428572,0.0,27,6,-0.12053668025532283,-0.992708874098054,33.0,43.0,44.0,41.0,5.35412613473634,2.0,3.0,43.58695652173913,41.27256153566952,41.0
STR-04,SKU-00020,Household,WA,Regional,2026-07-06,35,331.8,False,9.48,12.757142857142856,2.4714285714285715,0.0,28,7,-0.23931566428755743,-0.9709418174260521,47.0,33.0,44.0,41.75,6.075908711186064,2.0,3.0,43.58695652173913,41.272690323062946,41.75
STR-04,SKU-00020,Household,WA,Regional,2026-07-13,49,464.52000000000004,False,9.48,14.114285714285714,1.6142857142857143,0.0,29,7,-0.3546048870425356,-0.9350162426854148,35.0,47.0,43.0,39.5,6.608075867199672,2.0,3.0,43.58695652173913,41.98549483553297,39.5
STR-04,SKU-00020,Household,WA,Regional,2026-07-20,46,436.08,False,9.48,13.87142857142857,2.1714285714285717,0.0,30,7,-0.46472317204376806,-0.8854560256532101,49.0,35.0,33.0,41.0,8.164965809277263,2.0,3.0,43.58695652173913,41.3830818744966,41.0
STR-04,SKU-00020,Household,WA,Regional,2026-07-27,28,265.44,False,9.48,15.059999999999999,2.4,0.0,31,7,-0.5680647467311556,-0.8229838658936565,46.0,49.0,47.0,44.25,6.291528696058962,2.0,3.0,43.58695652173913,42.422310435061824,44.25
STR-04,SKU-00021,Personal Care,WA,Regional,2026-06-08,29,91.06,False,3.14,14.785714285714286,2.042857142857143,1.0,24,6,0.23931566428755768,-0.970941817426052,27.0,28.0,37.0,31.75,4.9916597106239795,2.0,4.0,32.73913043478261,32.22062676344502,31.75
STR-04,SKU-00021,Personal Care,WA,Regional,2026-06-15,34,106.76,False,3.14,13.314285714285715,1.5142857142857142,0.0,25,6,0.12053668025532308,-0.992708874098054,29.0,27.0,35.0,29.75,3.593976442141304,2.0,4.0,32.73913043478261,31.670062082839067,29.75
STR-04,SKU-00021,Personal Care,WA,Regional,2026-06-22,29,91.06,False,3.14,14.657142857142857,2.257142857142857,0.0,26,6,-3.216245299353273e-16,-1.0,34.0,29.0,28.0,29.5,3.1091263510296048,2.0,4.0,32.73913043478261,31.567882665657855,29.5
STR-04,SKU-00021,Personal Care,WA,Regional,2026-06-29,32,100.48,False,3.14,14.257142857142856,0.9571428571428572,0.0,27,6,-0.12053668025532283,-0.992708874098054,29.0,34.0,27.0,29.75,2.9860788111948193,2.0,4.0,32.73913043478261,31.58945008672633,29.75
STR-04,SKU-00021,Personal Care,WA,Regional,2026-07-06,39,122.46000000000001,False,3.14,12.757142857142856,2.4714285714285715,0.0,28,7,-0.23931566428755743,-0.9709418174260521,32.0,29.0,29.0,31.0,2.449489742783178,2.0,4.0,32.73913043478261,31.616438971897203,31.0
STR-04,SKU-00021,Personal Care,WA,Regional,2026-07-13,33,103.62,False,3.14,14.114285714285714,1.6142857142857143,0.0,29,7,-0.3546048870425356,-0.9350162426854148,39.0,32.0,34.0,33.5,4.203173404306163,2.0,4.0,32.73913043478261,32.47394553918287,33.5
STR-04,SKU-00021,Personal Care,WA,Regional,2026-07-20,36,113.04,False,3.14,13.87142857142857,2.1714285714285717,0.0,30,7,-0.46472317204376806,-0.8854560256532101,33.0,39.0,29.0,33.25,4.193248541803041,2.0,4.0,32.73913043478261,32.296254311472026,33.25
STR-04,SKU-00021,Personal Care,WA,Regional,2026-07-27,28,87.92,False,3.14,15.059999999999999,2.4,0.0,31,7,-0.5680647467311556,-0.8229838658936565,36.0,33.0,32.0,35.0,3.1622776601683795,2.0,4.0,32.73913043478261,32.55724240362042,35.0
STR-04,SKU-00022,Frozen,WA,Regional,2026-06-08,39,289.77,False,7.43,14.785714285714286,2.042857142857143,1.0,24,6,0.23931566428755768,-0.970941817426052,43.0,51.0,53.0,46.0,7.393691004272951,2.0,2.0,44.23913043478261,48.8431797413901,46.0
STR-04,SKU-00022,Frozen,WA,Regional,2026-06-15,47,349.21,False,7.43,13.314285714285715,1.5142857142857142,0.0,25,6,0.12053668025532308,-0.992708874098054,39.0,43.0,37.0,42.5,6.19139187366891,2.0,2.0,44.23913043478261,45.25073531190025,42.5
STR-04,SKU-00022,Frozen,WA,Regional,2026-06-22,54,401.22,False,7.43,14.657142857142857,2.257142857142857,0.0,26,6,-3.216245299353273e-16,-1.0,47.0,39.0,51.0,45.0,5.163977794943231,2.0,2.0,44.23913043478261,46.520169981511536,45.0
STR-04,SKU-00022,Frozen,WA,Regional,2026-06-29,51,378.93,False,7.43,14.257142857142856,0.9571428571428572,0.0,27,6,-0.12053668025532283,-0.992708874098054,54.0,47.0,43.0,45.75,6.39661368746517,2.0,2.0,44.23913043478261,48.124383641844844,45.75
STR-04,SKU-00022,Frozen,WA,Regional,2026-07-06,51,378.92999999999995,False,7.43,12.757142857142856,2.4714285714285715,0.0,28,7,-0.23931566428755743,-0.9709418174260521,51.0,54.0,39.0,47.75,6.500000000000007,2.0,2.0,44.23913043478261,48.28282951474026,47.75
STR-04,SKU-00022,Frozen,WA,Regional,2026-07-13,46,341.78,False,7.43,14.114285714285714,1.6142857142857143,0.0,29,7,-0.3546048870425356,-0.9350162426854148,51.0,51.0,47.0,50.75,2.872281323269031,2.0,2.0,44.23913043478261,48.91971684844948,50.75
STR-04,SKU-00022,Frozen,WA,Regional,2026-07-20,51,378.93,False,7.43,13.87142857142857,2.1714285714285717,0.0,30,7,-0.46472317204376806,-0.8854560256532101,46.0,51.0,54.0,50.5,3.3166247903554145,2.0,2.0,44.23913043478261,48.29108966041755,50.5
STR-04,SKU-00022,Frozen,WA,Regional,2026-07-27,33,245.19,False,7.43,15.059999999999999,2.4,0.0,31,7,-0.5680647467311556,-0.8229838658936565,51.0,46.0,51.0,49.75,2.50000000000002,2.0,2.0,44.23913043478261,48.15413193227024,49.75
STR-05,SKU-00001,Beverages,VIC,Metro,2026-06-08,57,183.54000000000002,False,3.22,8.614285714285714,2.6,1.0,24,6,0.23931566428755768,-0.970941817426052,59.0,74.0,68.0,70.75,9.708243919473796,1.0,0.0,111.80434782608695,68.9417281611612,70.75
STR-05,SKU-00001,Beverages,VIC,Metro,2026-06-15,54,173.88,False,3.22,7.214285714285714,3.1714285714285713,0.0,25,6,0.12053668025532308,-0.992708874098054,57.0,59.0,82.0,68.0,12.027745701779141,1.0,0.0,111.80434782608695,62.13965365419168,68.0
STR-05,SKU-00001,Beverages,VIC,Metro,2026-06-22,180,151.34,False,3.22,7.257142857142857,2.6571428571428575,0.0,26,6,-3.216245299353273e-16,-1.0,54.0,57.0,74.0,61.0,8.906926143924922,1.0,0.0,111.80434782608695,60.25568666495481,61.0
STR-05,SKU-00001,Beverages,VIC,Metro,2026-06-29,59,189.98,False,3.22,7.6000000000000005,2.8857142857142857,0.0,27,6,-0.12053668025532283,-0.992708874098054,180.0,54.0,59.0,87.5,61.7008914036094,1.0,0.0,111.80434782608695,73.66137696293197,87.5
STR-05,SKU-00001,Beverages,VIC,Metro,2026-07-06,59,189.98,False,3.22,6.385714285714286,2.3714285714285714,0.0,28,7,-0.23931566428755743,-0.9709418174260521,59.0,180.0,57.0,87.5,61.7008914036094,1.0,0.0,111.80434782608695,74.64413821675781,87.5
STR-05,SKU-00001,Beverages,VIC,Metro,2026-07-13,65,209.3,False,3.22,6.971428571428571,1.9000000000000001,0.0,29,7,-0.3546048870425356,-0.9350162426854148,59.0,59.0,54.0,88.0,61.37860647923944,1.0,0.0,111.80434782608695,67.16251723636333,88.0
STR-05,SKU-00001,Beverages,VIC,Metro,2026-07-20,54,173.88,False,3.22,6.814285714285715,1.8,0.0,30,7,-0.46472317204376806,-0.8854560256532101,65.0,59.0,180.0,90.75,59.56718895499434,1.0,0.0,111.80434782608695,69.36457896527854,90.75
STR-05,SKU-00001,Beverages,VIC,Metro,2026-07-27,31,99.82000000000001,False,3.22,6.28,2.2800000000000002,0.0,31,7,-0.5680647467311556,-0.8229838658936565,54.0,65.0,59.0,59.25,4.5,1.0,0.0,111.80434782608695,60.98409107246243,59.25
STR-05,SKU-00002,Snacks,VIC,Metro,2026-06-08,135,436.05,False,3.23,8.614285714285714,2.6,1.0,24,6,0.23931566428755768,-0.970941817426052,170.0,134.0,136.0,143.5,17.69180601295413,1.0,5.0,160.1086956521739,142.84310929055846,143.5
STR-05,SKU-00002,Snacks,VIC,Metro,2026-06-15,143,461.89,False,3.23,7.214285714285714,3.1714285714285713,0.0,25,6,0.12053668025532308,-0.992708874098054,135.0,170.0,134.0,143.25,17.839562774911272,1.0,5.0,160.1086956521739,137.98390699239243,143.25
STR-05,SKU-00002,Snacks,VIC,Metro,2026-06-22,117,377.90999999999997,False,3.23,7.257142857142857,2.6571428571428575,0.0,26,6,-3.216245299353273e-16,-1.0,143.0,135.0,134.0,145.5,16.82260384126072,1.0,5.0,160.1086956521739,134.52592687814487,145.5
STR-05,SKU-00002,Snacks,VIC,Metro,2026-06-29,128,413.44,False,3.23,7.6000000000000005,2.8857142857142857,0.0,27,6,-0.12053668025532283,-0.992708874098054,117.0,143.0,170.0,141.25,22.035955466766882,1.0,5.0,160.1086956521739,127.8460896937081,141.25
STR-05,SKU-00002,Snacks,VIC,Metro,2026-07-06,131,423.13,False,3.23,6.385714285714286,2.3714285714285714,0.0,28,7,-0.23931566428755743,-0.9709418174260521,128.0,117.0,135.0,130.75,11.026483271348722,1.0,5.0,160.1086956521739,132.64291159280884,130.75
STR-05,SKU-00002,Snacks,VIC,Metro,2026-07-13,129,377.90999999999997,False,3.23,6.971428571428571,1.9000000000000001,0.0,29,7,-0.3546048870425356,-0.9350162426854148,131.0,128.0,143.0,129.75,10.688779163215969,1.0,5.0,160.1086956521739,128.0248156801814,129.75
STR-05,SKU-00002,Snacks,VIC,Metro,2026-07-20,127,410.21,False,3.23,6.814285714285715,1.8,0.0,30,7,-0.46472317204376806,-0.8854560256532101,129.0,131.0,117.0,126.25,6.291528696058946,1.0,5.0,160.1086956521739,128.42347691162962,126.25
STR-05,SKU-00002,Snacks,VIC,Metro,2026-07-27,83,268.09,False,3.2299999999999995,6.28,2.2800000000000002,0.0,31,7,-0.5680647467311556,-0.8229838658936565,127.0,129.0,128.0,128.75,1.707825127659881,1.0,5.0,160.1086956521739,130.56016768366354,128.75
STR-05,SKU-00003,Dairy,VIC,Metro,2026-06-08,118,928.1400000000001,False,9.98,8.614285714285714,2.6,1.0,24,6,0.23931566428755768,-0.970941817426052,145.0,119.0,137.0,129.5,13.699148392023018,1.0,1.0,114.43478260869566,134.2237246396455,129.5
STR-05,SKU-00003,Dairy,VIC,Metro,2026-06-15,129,1287.42,False,9.98,7.214285714285714,3.1714285714285713,0.0,25,6,0.12053668025532308,-0.992708874098054,118.0,145.0,117.0,124.75,13.524668819112238,1.0,1.0,114.43478260869566,126.16979036551045,124.75
STR-05,SKU-00003,Dairy,VIC,Metro,2026-06-22,124,1237.52,False,9.98,7.257142857142857,2.6571428571428575,0.0,26,6,-3.216245299353273e-16,-1.0,129.0,118.0,119.0,127.75,12.526638282742375,1.0,1.0,114.43478260869566,127.5135572065963,127.75
STR-05,SKU-00003,Dairy,VIC,Metro,2026-06-29,132,1317.3600000000001,False,9.98,7.6000000000000005,2.8857142857142857,0.0,27,6,-0.12053668025532283,-0.992708874098054,124.0,129.0,145.0,129.0,11.57583690279023,1.0,1.0,114.43478260869566,126.10415029183858,129.0
STR-05,SKU-00003,Dairy,VIC,Metro,2026-07-06,152,1516.96,False,9.98,6.385714285714286,2.3714285714285714,0.0,28,7,-0.23931566428755743,-0.9709418174260521,132.0,124.0,118.0,125.75,6.130524719249854,1.0,1.0,114.43478260869566,126.66405855311356,125.75
STR-05,SKU-00003,Dairy,VIC,Metro,2026-07-13,126,1257.48,False,9.98,6.971428571428571,1.9000000000000001,0.0,29,7,-0.3546048870425356,-0.9350162426854148,152.0,132.0,129.0,134.25,12.284814474246925,1.0,1.0,114.43478260869566,133.60163943555978,134.25
STR-05,SKU-00003,Dairy,VIC,Metro,2026-07-20,136,1357.28,False,9.98,6.814285714285715,1.8,0.0,30,7,-0.46472317204376806,-0.8854560256532101,126.0,152.0,124.0,133.5,12.793227374930328,1.0,1.0,114.43478260869566,131.4723867478121,133.5
STR-05,SKU-00003,Dairy,VIC,Metro,2026-07-27,92,918.16,False,9.98,6.28,2.2800000000000002,0.0,31,7,-0.5680647467311556,-0.8229838658936565,136.0,126.0,132.0,136.5,11.120551545074855,1.0,1.0,114.43478260869566,125.81033596246338,136.5
STR-05,SKU-00004,Household,VIC,Metro,2026-06-08,43,414.09000000000003,False,9.63,8.614285714285714,2.6,1.0,24,6,0.23931566428755768,-0.970941817426052,48.0,58.0,50.0,50.75,4.991659710624023,1.0,3.0,51.130434782608695,51.36920219464122,50.75
STR-05,SKU-00004,Household,VIC,Metro,2026-06-15,52,500.76,False,9.63,7.214285714285714,3.1714285714285713,0.0,25,6,0.12053668025532308,-0.992708874098054,43.0,48.0,47.0,49.0,6.377042156569698,1.0,3.0,51.130434782608695,49.4690632292946,49.0
STR-05,SKU-00004,Household,VIC,Metro,2026-06-22,42,404.46,False,9.63,7.257142857142857,2.6571428571428575,0.0,26,6,-3.216245299353273e-16,-1.0,52.0,43.0,58.0,50.25,6.344288770224796,1.0,3.0,51.130434782608695,50.264225843440144,50.25
STR-05,SKU-00004,Household,VIC,Metro,2026-06-29,48,462.24,False,9.63,7.6000000000000005,2.8857142857142857,0.0,27,6,-0.12053668025532283,-0.992708874098054,42.0,52.0,48.0,46.25,4.645786621588831,1.0,3.0,51.130434782608695,49.42178163741935,46.25
STR-05,SKU-00004,Household,VIC,Metro,2026-07-06,48,462.24,False,9.63,6.385714285714286,2.3714285714285714,0.0,28,7,-0.23931566428755743,-0.9709418174260521,48.0,42.0,43.0,46.25,4.645786621588831,1.0,3.0,51.130434782608695,48.07267978368028,46.25
STR-05,SKU-00004,Household,VIC,Metro,2026-07-13,47,452.61,False,9.63,6.971428571428571,1.9000000000000001,0.0,29,7,-0.3546048870425356,-0.9350162426854148,48.0,48.0,52.0,47.5,4.123105625617713,1.0,3.0,51.130434782608695,48.469425093596826,47.5
STR-05,SKU-00004,Household,VIC,Metro,2026-07-20,49,471.87,False,9.63,6.814285714285715,1.8,0.0,30,7,-0.46472317204376806,-0.8854560256532101,47.0,48.0,42.0,46.25,2.8722813232690894,1.0,3.0,51.130434782608695,49.21540907173911,46.25
STR-05,SKU-00004,Household,VIC,Metro,2026-07-27,33,317.79,False,9.63,6.28,2.2800000000000002,0.0,31,7,-0.5680647467311556,-0.8229838658936565,49.0,47.0,48.0,48.0,0.8164965809279929,1.0,3.0,51.130434782608695,50.15555739044531,48.0
STR-05,SKU-00005,Personal Care,VIC,Metro,2026-06-08,24,82.32,False,3.43,8.614285714285714,2.6,1.0,24,6,0.23931566428755768,-0.970941817426052,37.0,36.0,31.0,35.25,2.8722813232690134,1.0,4.0,33.608695652173914,33.991036357541375,35.25
STR-05,SKU-00005,Personal Care,VIC,Metro,2026-06-15,38,130.34,False,3.43,7.214285714285714,3.1714285714285713,0.0,25,6,0.12053668025532308,-0.992708874098054,24.0,37.0,37.0,33.5,6.350852961085883,1.0,4.0,33.608695652173914,32.85834059498661,33.5
STR-05,SKU-00005,Personal Care,VIC,Metro,2026-06-22,40,137.2,False,3.43,7.257142857142857,2.6571428571428575,0.0,26,6,-3.216245299353273e-16,-1.0,38.0,24.0,36.0,33.75,6.551081335677848,1.0,4.0,33.608695652173914,32.90682565529094,33.75
STR-05,SKU-00005,Personal Care,VIC,Metro,2026-06-29,26,89.18,False,3.43,7.6000000000000005,2.8857142857142857,0.0,27,6,-0.12053668025532283,-0.992708874098054,40.0,38.0,37.0,34.75,7.274384280931731,1.0,4.0,33.608695652173914,33.57392273907141,34.75
STR-05,SKU-00005,Personal Care,VIC,Metro,2026-07-06,23,78.89,False,3.43,6.385714285714286,2.3714285714285714,0.0,28,7,-0.23931566428755743,-0.9709418174260521,26.0,40.0,24.0,32.0,8.164965809277259,1.0,4.0,33.608695652173914,32.039991760254615,32.0
STR-05,SKU-00005,Personal Care,VIC,Metro,2026-07-13,34,116.62,False,3.43,6.971428571428571,1.9000000000000001,0.0,29,7,-0.3546048870425356,-0.9350162426854148,23.0,26.0,38.0,31.75,8.5,1.0,4.0,33.608695652173914,31.75510854437583,31.75
STR-05,SKU-00005,Personal Care,VIC,Metro,2026-07-20,33,113.19,False,3.43,6.814285714285715,1.8,0.0,30,7,-0.46472317204376806,-0.8854560256532101,34.0,23.0,40.0,30.75,7.719024117939606,1.0,4.0,33.608695652173914,31.72886572765839,30.75
STR-05,SKU-00005,Personal Care,VIC,Metro,2026-07-27,20,68.6,False,3.4300000000000006,6.28,2.2800000000000002,0.0,31,7,-0.5680647467311556,-0.8229838658936565,33.0,34.0,26.0,29.0,5.354126134736335,1.0,4.0,33.608695652173914,31.11357992087481,29.0
STR-05,SKU-00006,Frozen,VIC,Metro,2026-06-08,64,503.03999999999996,False,7.86,8.614285714285714,2.6,1.0,24,6,0.23931566428755768,-0.970941817426052,62.0,59.0,56.0,60.5,3.8729833462074215,1.0,2.0,62.93478260869565,64.3185482847824,60.5
STR-05,SKU-00006,Frozen,VIC,Metro,2026-06-15,69,542.3399999999999,False,7.86,7.214285714285714,3.1714285714285713,0.0,25,6,0.12053668025532308,-0.992708874098054,64.0,62.0,65.0,62.5,2.645751311064597,1.0,2.0,62.93478260869565,64.52226009862925,62.5
STR-05,SKU-00006,Frozen,VIC,Metro,2026-06-22,70,550.2,False,7.86,7.257142857142857,2.6571428571428575,0.0,26,6,-3.216245299353273e-16,-1.0,69.0,64.0,59.0,63.5,4.203173404306168,1.0,2.0,62.93478260869565,64.81026017890626,63.5
STR-05,SKU-00006,Frozen,VIC,Metro,2026-06-29,70,550.2,False,7.86,7.6000000000000005,2.8857142857142857,0.0,27,6,-0.12053668025532283,-0.992708874098054,70.0,69.0,62.0,66.25,3.862210075418827,1.0,2.0,62.93478260869565,66.19691031798,66.25
STR-05,SKU-00006,Frozen,VIC,Metro,2026-07-06,85,668.1,False,7.86,6.385714285714286,2.3714285714285714,0.0,28,7,-0.23931566428755743,-0.9709418174260521,70.0,70.0,64.0,68.25,2.8722813232690183,1.0,2.0,62.93478260869565,66.71529461914416,68.25
STR-05,SKU-00006,Frozen,VIC,Metro,2026-07-13,69,542.34,False,7.86,6.971428571428571,1.9000000000000001,0.0,29,7,-0.3546048870425356,-0.9350162426854148,85.0,70.0,69.0,73.5,7.681145747868608,1.0,2.0,62.93478260869565,70.41248534708039,73.5
STR-05,SKU-00006,Frozen,VIC,Metro,2026-07-20,78,613.0799999999999,False,7.86,6.814285714285715,1.8,0.0,30,7,-0.46472317204376806,-0.8854560256532101,69.0,85.0,70.0,73.5,7.681145747868608,1.0,2.0,62.93478260869565,69.45218334508502,73.5
STR-05,SKU-00006,Frozen,VIC,Metro,2026-07-27,60,471.6,False,7.860000000000001,6.28,2.2800000000000002,0.0,31,7,-0.5680647467311556,-0.8229838658936565,78.0,69.0,70.0,75.5,7.505553499465134,1.0,2.0,62.93478260869565,68.41830320677434,75.5
STR-05,SKU-00008,Snacks,VIC,Metro,2026-06-08,122,320.86,False,2.63,8.614285714285714,2.6,1.0,24,6,0.23931566428755768,-0.970941817426052,110.0,132.0,121.0,121.25,8.995369179009073,1.0,5.0,148.8913043478261,116.44443975083611,121.25
STR-05,SKU-00008,Snacks,VIC,Metro,2026-06-15,101,265.63,False,2.63,7.214285714285714,3.1714285714285713,0.0,25,6,0.12053668025532308,-0.992708874098054,122.0,110.0,122.0,121.5,8.999999999999982,1.0,5.0,148.8913043478261,118.67605222717121,121.5
STR-05,SKU-00008,Snacks,VIC,Metro,2026-06-22,105,276.15,False,2.63,7.257142857142857,2.6571428571428575,0.0,26,6,-3.216245299353273e-16,-1.0,101.0,122.0,132.0,116.25,13.573871960498215,1.0,5.0,148.8913043478261,112.88978285192947,116.25
STR-05,SKU-00008,Snacks,VIC,Metro,2026-06-29,124,326.12,False,2.63,7.6000000000000005,2.8857142857142857,0.0,27,6,-0.12053668025532283,-0.992708874098054,105.0,101.0,110.0,109.5,9.11043357914428,1.0,5.0,148.8913043478261,113.16659896243783,109.5
STR-05,SKU-00008,Snacks,VIC,Metro,2026-07-06,99,260.37,False,2.63,6.385714285714286,2.3714285714285714,0.0,28,7,-0.23931566428755743,-0.9709418174260521,124.0,105.0,122.0,113.0,11.690451944500106,1.0,5.0,148.8913043478261,118.10442716777604,113.0
STR-05,SKU-00008,Snacks,VIC,Metro,2026-07-13,135,355.05,False,2.63,6.971428571428571,1.9000000000000001,0.0,29,7,-0.3546048870425356,-0.9350162426854148,99.0,124.0,101.0,107.25,11.441882129556584,1.0,5.0,148.8913043478261,111.27887598353465,107.25
STR-05,SKU-00008,Snacks,VIC,Metro,2026-07-20,136,357.68,False,2.63,6.814285714285715,1.8,0.0,30,7,-0.46472317204376806,-0.8854560256532101,135.0,99.0,105.0,115.75,16.68082731761227,1.0,5.0,148.8913043478261,122.19383778748696,115.75
STR-05,SKU-00008,Snacks,VIC,Metro,2026-07-27,92,241.96,False,2.63,6.28,2.2800000000000002,0.0,31,7,-0.5680647467311556,-0.8229838658936565,136.0,135.0,124.0,123.5,17.214335111567134,1.0,5.0,148.8913043478261,124.81099983113195,123.5
STR-05,SKU-00010,Household,VIC,Metro,2026-06-08,79,640.69,False,8.11,8.614285714285714,2.6,1.0,24,6,0.23931566428755768,-0.970941817426052,78.0,106.0,82.0,85.5,13.892443989449808,1.0,3.0,77.3695652173913,79.83989398858881,85.5
STR-05,SKU-00010,Household,VIC,Metro,2026-06-15,72,583.92,False,8.11,7.214285714285714,3.1714285714285713,0.0,25,6,0.12053668025532308,-0.992708874098054,79.0,78.0,76.0,84.75,14.221462653327896,1.0,3.0,77.3695652173913,77.61981273966454,84.75
STR-05,SKU-00010,Household,VIC,Metro,2026-06-22,107,867.77,False,8.11,7.257142857142857,2.6571428571428575,0.0,26,6,-3.216245299353273e-16,-1.0,72.0,79.0,106.0,83.75,15.152007567755945,1.0,3.0,77.3695652173913,77.00962829806022,83.75
STR-05,SKU-00010,Household,VIC,Metro,2026-06-29,72,583.92,False,8.11,7.6000000000000005,2.8857142857142857,0.0,27,6,-0.12053668025532283,-0.992708874098054,107.0,72.0,78.0,84.0,15.641824275533425,1.0,3.0,77.3695652173913,80.96097648284675,84.0
STR-05,SKU-00010,Household,VIC,Metro,2026-07-06,63,510.92999999999995,False,8.11,6.385714285714286,2.3714285714285714,0.0,28,7,-0.23931566428755743,-0.9709418174260521,72.0,107.0,79.0,82.5,16.66333299993332,1.0,3.0,77.3695652173913,77.89257530881027,82.5
STR-05,SKU-00010,Household,VIC,Metro,2026-07-13,83,673.13,False,8.11,6.971428571428571,1.9000000000000001,0.0,29,7,-0.3546048870425356,-0.9350162426854148,63.0,72.0,72.0,78.5,19.467922333931785,1.0,3.0,77.3695652173913,72.85674701552725,78.5
STR-05,SKU-00010,Household,VIC,Metro,2026-07-20,75,608.25,False,8.11,6.814285714285715,1.8,0.0,30,7,-0.46472317204376806,-0.8854560256532101,83.0,63.0,107.0,81.25,19.01534468089741,1.0,3.0,77.3695652173913,76.59653059243465,81.25
STR-05,SKU-00010,Household,VIC,Metro,2026-07-27,55,446.04999999999995,False,8.11,6.28,2.2800000000000002,0.0,31,7,-0.5680647467311556,-0.8229838658936565,75.0,83.0,72.0,73.25,8.26135582092916,1.0,3.0,77.3695652173913,73.50870783791025,73.25
STR-05,SKU-00011,Personal Care,VIC,Metro,2026-06-08,43,471.71,False,10.97,8.614285714285714,2.6,1.0,24,6,0.23931566428755768,-0.970941817426052,42.0,37.0,47.0,41.5,4.203173404306164,1.0,4.0,44.47826086956522,42.00495736137744,41.5
STR-05,SKU-00011,Personal Care,VIC,Metro,2026-06-15,42,460.74,False,10.97,7.214285714285714,3.1714285714285713,0.0,25,6,0.12053668025532308,-0.992708874098054,43.0,42.0,40.0,40.5,2.6457513110645903,1.0,4.0,44.47826086956522,43.27225221626818,40.5
STR-05,SKU-00011,Personal Care,VIC,Metro,2026-06-22,50,548.5,False,10.97,7.257142857142857,2.6571428571428575,0.0,26,6,-3.216245299353273e-16,-1.0,42.0,43.0,37.0,41.0,2.70801280154532,1.0,4.0,44.47826086956522,42.18440233964719,41.0
STR-05,SKU-00011,Personal Care,VIC,Metro,2026-06-29,37,405.89,False,10.97,7.6000000000000005,2.8857142857142857,0.0,27,6,-0.12053668025532283,-0.992708874098054,50.0,42.0,42.0,44.25,3.8622100754188216,1.0,4.0,44.47826086956522,43.020628031840104,44.25
STR-05,SKU-00011,Personal Care,VIC,Metro,2026-07-06,58,636.26,False,10.97,6.385714285714286,2.3714285714285714,0.0,28,7,-0.23931566428755743,-0.9709418174260521,37.0,50.0,43.0,43.0,5.354126134736336,1.0,4.0,44.47826086956522,43.561442839209526,43.0
STR-05,SKU-00011,Personal Care,VIC,Metro,2026-07-13,47,515.59,False,10.97,6.971428571428571,1.9000000000000001,0.0,29,7,-0.3546048870425356,-0.9350162426854148,58.0,37.0,42.0,46.75,9.21502396451939,1.0,4.0,44.47826086956522,45.78736276101729,46.75
STR-05,SKU-00011,Personal Care,VIC,Metro,2026-07-20,45,493.65,False,10.97,6.814285714285715,1.8,0.0,30,7,-0.46472317204376806,-0.8854560256532101,47.0,58.0,50.0,48.0,8.679477710861024,1.0,4.0,44.47826086956522,45.30826880521768,48.0
STR-05,SKU-00011,Personal Care,VIC,Metro,2026-07-27,44,482.68,False,10.97,6.28,2.2800000000000002,0.0,31,7,-0.5680647467311556,-0.8229838658936565,45.0,47.0,37.0,46.75,8.65544144839919,1.0,4.0,44.47826086956522,44.61770885306443,46.75
STR-05,SKU-00013,Beverages,VIC,Metro,2026-06-08,58,287.09999999999997,False,4.95,8.614285714285714,2.6,1.0,24,6,0.23931566428755768,-0.970941817426052,59.0,61.0,69.0,61.75,4.991659710623968,1.0,0.0,101.67391304347827,62.783148714879935,61.75
STR-05,SKU-00013,Beverages,VIC,Metro,2026-06-15,45,222.75,False,4.95,7.214285714285714,3.1714285714285713,0.0,25,6,0.12053668025532308,-0.992708874098054,58.0,59.0,58.0,59.0,1.414213562373059,1.0,0.0,101.67391304347827,61.19157266534617,59.0
STR-05,SKU-00013,Beverages,VIC,Metro,2026-06-22,58,287.1,False,4.95,7.257142857142857,2.6571428571428575,0.0,26,6,-3.216245299353273e-16,-1.0,45.0,58.0,61.0,55.75,7.274384280931725,1.0,0.0,101.67391304347827,54.62172036087256,55.75
STR-05,SKU-00013,Beverages,VIC,Metro,2026-06-29,55,272.25,False,4.95,7.6000000000000005,2.8857142857142857,0.0,27,6,-0.12053668025532283,-0.992708874098054,58.0,45.0,59.0,55.0,6.683312551921134,1.0,0.0,101.67391304347827,55.43032556352598,55.0
STR-05,SKU-00013,Beverages,VIC,Metro,2026-07-06,56,277.2,False,4.95,6.385714285714286,2.3714285714285714,0.0,28,7,-0.23931566428755743,-0.9709418174260521,55.0,58.0,58.0,54.0,6.164414002968969,1.0,0.0,101.67391304347827,54.959125004119535,54.0
STR-05,SKU-00013,Beverages,VIC,Metro,2026-07-13,53,262.35,False,4.95,6.971428571428571,1.9000000000000001,0.0,29,7,-0.3546048870425356,-0.9350162426854148,56.0,55.0,45.0,53.5,5.802298395176395,1.0,0.0,101.67391304347827,50.53818301509754,53.5
STR-05,SKU-00013,Beverages,VIC,Metro,2026-07-20,60,297.0,False,4.95,6.814285714285715,1.8,0.0,30,7,-0.46472317204376806,-0.8854560256532101,53.0,56.0,58.0,55.5,2.0816659994661086,1.0,0.0,101.67391304347827,56.66151643585562,55.5
STR-05,SKU-00013,Beverages,VIC,Metro,2026-07-27,45,222.75,False,4.95,6.28,2.2800000000000002,0.0,31,7,-0.5680647467311556,-0.8229838658936565,60.0,53.0,55.0,56.0,2.943920288775932,1.0,0.0,101.67391304347827,57.63796643950409,56.0
STR-05,SKU-00014,Snacks,VIC,Metro,2026-06-08,98,709.52,False,7.24,8.614285714285714,2.6,1.0,24,6,0.23931566428755768,-0.970941817426052,106.0,84.0,103.0,98.0,9.763879010584544,1.0,5.0,112.73913043478261,97.11571289933133,98.0
STR-05,SKU-00014,Snacks,VIC,Metro,2026-06-15,101,731.24,False,7.24,7.214285714285714,3.1714285714285713,0.0,25,6,0.12053668025532308,-0.992708874098054,98.0,106.0,99.0,96.75,9.215023964519395,1.0,5.0,112.73913043478261,95.50203268842134,96.75
STR-05,SKU-00014,Snacks,VIC,Metro,2026-06-22,95,687.8,False,7.24,7.257142857142857,2.6571428571428575,0.0,26,6,-3.216245299353273e-16,-1.0,101.0,98.0,84.0,97.25,9.429563439877095,1.0,5.0,112.73913043478261,98.45877756900096,97.25
STR-05,SKU-00014,Snacks,VIC,Metro,2026-06-29,93,673.32,False,7.24,7.6000000000000005,2.8857142857142857,0.0,27,6,-0.12053668025532283,-0.992708874098054,95.0,101.0,106.0,100.0,4.690415759823436,1.0,5.0,112.73913043478261,95.723305269188,100.0
STR-05,SKU-00014,Snacks,VIC,Metro,2026-07-06,97,702.28,False,7.24,6.385714285714286,2.3714285714285714,0.0,28,7,-0.23931566428755743,-0.9709418174260521,93.0,95.0,98.0,96.75,3.500000000000009,1.0,5.0,112.73913043478261,94.16867450240711,96.75
STR-05,SKU-00014,Snacks,VIC,Metro,2026-07-13,113,818.12,False,7.24,6.971428571428571,1.9000000000000001,0.0,29,7,-0.3546048870425356,-0.9350162426854148,97.0,93.0,101.0,96.5,3.415650255319875,1.0,5.0,112.73913043478261,92.97377176488084,96.5
STR-05,SKU-00014,Snacks,VIC,Metro,2026-07-20,98,709.52,False,7.24,6.814285714285715,1.8,0.0,30,7,-0.46472317204376806,-0.8854560256532101,113.0,97.0,95.0,99.5,9.146948489341499,1.0,5.0,112.73913043478261,98.44246871650658,99.5
STR-05,SKU-00014,Snacks,VIC,Metro,2026-07-27,65,470.6,False,7.24,6.28,2.2800000000000002,0.0,31,7,-0.5680647467311556,-0.8229838658936565,98.0,113.0,93.0,100.25,8.770214744615249,1.0,5.0,112.73913043478261,96.54668986993788,100.25
STR-05,SKU-00015,Dairy,VIC,Metro,2026-06-08,125,397.5,False,3.18,8.614285714285714,2.6,1.0,24,6,0.23931566428755768,-0.970941817426052,120.0,136.0,109.0,118.25,13.022416570411673,1.0,1.0,124.6304347826087,117.80278142971493,118.25
STR-05,SKU-00015,Dairy,VIC,Metro,2026-06-15,164,521.52,False,3.18,7.214285714285714,3.1714285714285713,0.0,25,6,0.12053668025532308,-0.992708874098054,125.0,120.0,108.0,122.25,11.615363389350586,1.0,1.0,124.6304347826087,122.70438580988308,122.25
STR-05,SKU-00015,Dairy,VIC,Metro,2026-06-22,142,451.56,False,3.18,7.257142857142857,2.6571428571428575,0.0,26,6,-3.216245299353273e-16,-1.0,164.0,125.0,136.0,136.25,19.67019742317463,1.0,1.0,124.6304347826087,133.95098925086486,136.25
STR-05,SKU-00015,Dairy,VIC,Metro,2026-06-29,138,438.84000000000003,False,3.18,7.6000000000000005,2.8857142857142857,0.0,27,6,-0.12053668025532283,-0.992708874098054,142.0,164.0,120.0,137.75,19.872510326243784,1.0,1.0,124.6304347826087,131.46001203502772,137.75
STR-05,SKU-00015,Dairy,VIC,Metro,2026-07-06,142,451.56,False,3.18,6.385714285714286,2.3714285714285714,0.0,28,7,-0.23931566428755743,-0.9709418174260521,138.0,142.0,125.0,142.25,16.21470525993815,1.0,1.0,124.6304347826087,129.7563176656279,142.25
STR-05,SKU-00015,Dairy,VIC,Metro,2026-07-13,137,435.66,False,3.18,6.971428571428571,1.9000000000000001,0.0,29,7,-0.3546048870425356,-0.9350162426854148,142.0,138.0,164.0,146.5,11.818065267490526,1.0,1.0,124.6304347826087,139.32315512116483,146.5
STR-05,SKU-00015,Dairy,VIC,Metro,2026-07-20,119,378.42,False,3.18,6.814285714285715,1.8,0.0,30,7,-0.46472317204376806,-0.8854560256532101,137.0,142.0,142.0,139.75,2.629955639676435,1.0,1.0,124.6304347826087,139.00435106891922,139.75
STR-05,SKU-00015,Dairy,VIC,Metro,2026-07-27,99,314.82,False,3.18,6.28,2.2800000000000002,0.0,31,7,-0.5680647467311556,-0.8229838658936565,119.0,137.0,138.0,134.0,10.230672835481833,1.0,1.0,124.6304347826087,122.11813869613805,134.0
STR-05,SKU-00016,Household,VIC,Metro,2026-06-08,36,125.28,False,3.48,8.614285714285714,2.6,1.0,24,6,0.23931566428755768,-0.970941817426052,30.0,34.0,37.0,35.5,4.654746681256314,1.0,3.0,34.65217391304348,34.31423489254442,35.5
STR-05,SKU-00016,Household,VIC,Metro,2026-06-15,39,135.72,False,3.48,7.214285714285714,3.1714285714285713,0.0,25,6,0.12053668025532308,-0.992708874098054,36.0,30.0,41.0,35.25,4.573474244670749,1.0,3.0,34.65217391304348,34.31592481758515,35.25
STR-05,SKU-00016,Household,VIC,Metro,2026-06-22,31,107.88,False,3.48,7.257142857142857,2.6571428571428575,0.0,26,6,-3.216245299353273e-16,-1.0,39.0,36.0,34.0,34.75,3.7749172176353754,1.0,3.0,34.65217391304348,34.26575701145386,34.75
STR-05,SKU-00016,Household,VIC,Metro,2026-06-29,44,153.12,False,3.48,7.6000000000000005,2.8857142857142857,0.0,27,6,-0.12053668025532283,-0.992708874098054,31.0,39.0,30.0,34.0,4.242640687119286,1.0,3.0,34.65217391304348,33.710616441350936,34.0
STR-05,SKU-00016,Household,VIC,Metro,2026-07-06,29,100.92,False,3.48,6.385714285714286,2.3714285714285714,0.0,28,7,-0.23931566428755743,-0.9709418174260521,44.0,31.0,36.0,37.5,5.44671154612273,1.0,3.0,34.65217391304348,35.414391103225626,37.5
STR-05,SKU-00016,Household,VIC,Metro,2026-07-13,42,146.16,False,3.48,6.971428571428571,1.9000000000000001,0.0,29,7,-0.3546048870425356,-0.9350162426854148,29.0,44.0,39.0,35.75,6.994045086119096,1.0,3.0,34.65217391304348,33.51843254556406,35.75
STR-05,SKU-00016,Household,VIC,Metro,2026-07-20,43,149.64,False,3.48,6.814285714285715,1.8,0.0,30,7,-0.46472317204376806,-0.8854560256532101,42.0,29.0,31.0,36.5,7.593857166596345,1.0,3.0,34.65217391304348,34.736791550197594,36.5
STR-05,SKU-00016,Household,VIC,Metro,2026-07-27,18,62.64,False,3.4799999999999995,6.28,2.2800000000000002,0.0,31,7,-0.5680647467311556,-0.8229838658936565,43.0,42.0,44.0,39.5,7.047458170621991,1.0,3.0,34.65217391304348,35.50447814034994,39.5
STR-05,SKU-00017,Beverages,VIC,Metro,2026-06-08,57,213.18,False,3.7399999999999998,8.614285714285714,2.6,1.0,24,6,0.23931566428755768,-0.970941817426052,71.0,75.0,103.0,79.75,15.649813630413231,1.0,0.0,126.82608695652173,75.01430659003526,79.75
STR-05,SKU-00017,Beverages,VIC,Metro,2026-06-15,73,273.02,False,3.7399999999999998,7.214285714285714,3.1714285714285713,0.0,25,6,0.12053668025532308,-0.992708874098054,57.0,71.0,70.0,68.25,7.804912982645467,1.0,0.0,126.82608695652173,63.3320757604927,68.25
STR-05,SKU-00017,Beverages,VIC,Metro,2026-06-22,61,228.14,False,3.7399999999999998,7.257142857142857,2.6571428571428575,0.0,26,6,-3.216245299353273e-16,-1.0,73.0,57.0,75.0,69.0,8.164965809277328,1.0,0.0,126.82608695652173,67.46190892786649,69.0
STR-05,SKU-00017,Beverages,VIC,Metro,2026-06-29,56,209.44,False,3.7399999999999998,7.6000000000000005,2.8857142857142857,0.0,27,6,-0.12053668025532283,-0.992708874098054,61.0,73.0,71.0,65.5,7.724420150837716,1.0,0.0,126.82608695652173,65.10878787189425,65.5
STR-05,SKU-00017,Beverages,VIC,Metro,2026-07-06,49,183.26,False,3.7399999999999998,6.385714285714286,2.3714285714285714,0.0,28,7,-0.23931566428755743,-0.9709418174260521,56.0,61.0,57.0,61.75,7.804912982645467,1.0,0.0,126.82608695652173,61.818196328461426,61.75
STR-05,SKU-00017,Beverages,VIC,Metro,2026-07-13,47,175.78,False,3.7399999999999998,6.971428571428571,1.9000000000000001,0.0,29,7,-0.3546048870425356,-0.9350162426854148,49.0,56.0,73.0,59.75,10.111874208078396,1.0,0.0,126.82608695652173,60.26818130048264,59.75
STR-05,SKU-00017,Beverages,VIC,Metro,2026-07-20,50,187.0,False,3.7399999999999998,6.814285714285715,1.8,0.0,30,7,-0.46472317204376806,-0.8854560256532101,47.0,49.0,61.0,53.25,6.448514040717788,1.0,0.0,126.82608695652173,53.908205472652945,53.25
STR-05,SKU-00017,Beverages,VIC,Metro,2026-07-27,55,205.7,False,3.7400000000000007,6.28,2.2800000000000002,0.0,31,7,-0.5680647467311556,-0.8229838658936565,50.0,47.0,56.0,50.5,3.8729833462075587,1.0,0.0,126.82608695652173,53.72471864048269,50.5
STR-05,SKU-00018,Snacks,VIC,Metro,2026-06-08,68,229.84,False,3.38,8.614285714285714,2.6,1.0,24,6,0.23931566428755768,-0.970941817426052,67.0,52.0,66.0,63.5,7.76745346515403,1.0,5.0,72.23913043478261,67.81933466553104,63.5
STR-05,SKU-00018,Snacks,VIC,Metro,2026-06-15,59,199.42000000000002,False,3.38,7.214285714285714,3.1714285714285713,0.0,25,6,0.12053668025532308,-0.992708874098054,68.0,67.0,69.0,64.0,8.04155872120988,1.0,5.0,72.23913043478261,67.65128869553627,64.0
STR-05,SKU-00018,Snacks,VIC,Metro,2026-06-22,61,206.18,False,3.38,7.257142857142857,2.6571428571428575,0.0,26,6,-3.216245299353273e-16,-1.0,59.0,68.0,52.0,61.5,7.505553499465136,1.0,5.0,72.23913043478261,64.06422398886562,61.5
STR-05,SKU-00018,Snacks,VIC,Metro,2026-06-29,58,196.04,False,3.38,7.6000000000000005,2.8857142857142857,0.0,27,6,-0.12053668025532283,-0.992708874098054,61.0,59.0,67.0,63.75,4.425306015783919,1.0,5.0,72.23913043478261,66.49333892798528,63.75
STR-05,SKU-00018,Snacks,VIC,Metro,2026-07-06,76,256.88,False,3.38,6.385714285714286,2.3714285714285714,0.0,28,7,-0.23931566428755743,-0.9709418174260521,58.0,61.0,68.0,61.5,4.509249752822895,1.0,5.0,72.23913043478261,64.0642183758003,61.5
STR-05,SKU-00018,Snacks,VIC,Metro,2026-07-13,66,223.08,False,3.38,6.971428571428571,1.9000000000000001,0.0,29,7,-0.3546048870425356,-0.9350162426854148,76.0,58.0,59.0,63.5,8.426149773176359,1.0,5.0,72.23913043478261,67.33630806180604,63.5
STR-05,SKU-00018,Snacks,VIC,Metro,2026-07-20,70,236.6,False,3.38,6.814285714285715,1.8,0.0,30,7,-0.46472317204376806,-0.8854560256532101,66.0,76.0,61.0,65.25,7.88986691902975,1.0,5.0,72.23913043478261,67.18208720879348,65.25
STR-05,SKU-00018,Snacks,VIC,Metro,2026-07-27,43,145.34,False,3.38,6.28,2.2800000000000002,0.0,31,7,-0.5680647467311556,-0.8229838658936565,70.0,66.0,58.0,67.5,7.549834435270749,1.0,5.0,72.23913043478261,67.08855212644856,67.5
STR-05,SKU-00019,Dairy,VIC,Metro,2026-06-08,75,670.5,False,8.94,8.614285714285714,2.6,1.0,24,6,0.23931566428755768,-0.970941817426052,70.0,63.0,68.0,68.5,4.203173404306169,1.0,1.0,61.47826086956522,67.42726657254997,68.5
STR-05,SKU-00019,Dairy,VIC,Metro,2026-06-15,87,777.78,False,8.94,7.214285714285714,3.1714285714285713,0.0,25,6,0.12053668025532308,-0.992708874098054,75.0,70.0,73.0,70.25,5.251983752196246,1.0,1.0,61.47826086956522,67.60749695626082,70.25
STR-05,SKU-00019,Dairy,VIC,Metro,2026-06-22,69,616.86,False,8.94,7.257142857142857,2.6571428571428575,0.0,26,6,-3.216245299353273e-16,-1.0,87.0,75.0,63.0,73.75,10.111874208078344,1.0,1.0,61.47826086956522,71.28582051933246,73.75
STR-05,SKU-00019,Dairy,VIC,Metro,2026-06-29,74,661.56,False,8.94,7.6000000000000005,2.8857142857142857,0.0,27,6,-0.12053668025532283,-0.992708874098054,69.0,87.0,70.0,75.25,8.261355820929156,1.0,1.0,61.47826086956522,71.01015513921858,75.25
STR-05,SKU-00019,Dairy,VIC,Metro,2026-07-06,71,634.74,False,8.94,6.385714285714286,2.3714285714285714,0.0,28,7,-0.23931566428755743,-0.9709418174260521,74.0,69.0,75.0,76.25,7.632168761236876,1.0,1.0,61.47826086956522,71.7335189565741,76.25
STR-05,SKU-00019,Dairy,VIC,Metro,2026-07-13,61,545.34,False,8.94,6.971428571428571,1.9000000000000001,0.0,29,7,-0.3546048870425356,-0.9350162426854148,71.0,74.0,87.0,75.25,8.098353742170897,1.0,1.0,61.47826086956522,71.18344155433654,75.25
STR-05,SKU-00019,Dairy,VIC,Metro,2026-07-20,67,598.98,False,8.94,6.814285714285715,1.8,0.0,30,7,-0.46472317204376806,-0.8854560256532101,61.0,71.0,69.0,68.75,5.560275772537426,1.0,1.0,61.47826086956522,64.50642322164714,68.75
STR-05,SKU-00019,Dairy,VIC,Metro,2026-07-27,51,455.94,False,8.94,6.28,2.2800000000000002,0.0,31,7,-0.5680647467311556,-0.8229838658936565,67.0,61.0,74.0,68.25,5.619905100029123,1.0,1.0,61.47826086956522,64.38855426479984,68.25
STR-05,SKU-00020,Household,VIC,Metro,2026-06-08,55,521.4,False,9.48,8.614285714285714,2.6,1.0,24,6,0.23931566428755768,-0.970941817426052,59.0,62.0,69.0,63.25,4.193248541803085,1.0,3.0,69.04347826086956,65.73932993828083,63.25
STR-05,SKU-00020,Household,VIC,Metro,2026-06-15,55,521.4,False,9.48,7.214285714285714,3.1714285714285713,0.0,25,6,0.12053668025532308,-0.992708874098054,55.0,59.0,63.0,59.75,3.593976442141356,1.0,3.0,69.04347826086956,62.889515162437824,59.75
STR-05,SKU-00020,Household,VIC,Metro,2026-06-22,64,606.72,False,9.48,7.257142857142857,2.6571428571428575,0.0,26,6,-3.216245299353273e-16,-1.0,55.0,55.0,62.0,57.75,3.4034296427770765,1.0,3.0,69.04347826086956,60.57116675186549,57.75
STR-05,SKU-00020,Household,VIC,Metro,2026-06-29,65,616.2,False,9.48,7.6000000000000005,2.8857142857142857,0.0,27,6,-0.12053668025532283,-0.992708874098054,64.0,55.0,59.0,58.25,4.272001872658809,1.0,3.0,69.04347826086956,62.99087293168548,58.25
STR-05,SKU-00020,Household,VIC,Metro,2026-07-06,68,644.64,False,9.48,6.385714285714286,2.3714285714285714,0.0,28,7,-0.23931566428755743,-0.9709418174260521,65.0,64.0,55.0,59.75,5.500000000000034,1.0,3.0,69.04347826086956,65.61160771031136,59.75
STR-05,SKU-00020,Household,VIC,Metro,2026-07-13,71,673.0799999999999,False,9.48,6.971428571428571,1.9000000000000001,0.0,29,7,-0.3546048870425356,-0.9350162426854148,68.0,65.0,55.0,63.0,5.597618541248921,1.0,3.0,69.04347826086956,66.44819135401879,63.0
STR-05,SKU-00020,Household,VIC,Metro,2026-07-20,73,692.04,False,9.48,6.814285714285715,1.8,0.0,30,7,-0.46472317204376806,-0.8854560256532101,71.0,68.0,64.0,67.0,3.1622776601684333,1.0,3.0,69.04347826086956,67.16657552071695,67.0
STR-05,SKU-00020,Household,VIC,Metro,2026-07-27,42,398.15999999999997,False,9.48,6.28,2.2800000000000002,0.0,31,7,-0.5680647467311556,-0.8229838658936565,73.0,71.0,65.0,69.25,3.500000000000049,1.0,3.0,69.04347826086956,70.02707155255338,69.25
STR-05,SKU-00021,Personal Care,VIC,Metro,2026-06-08,37,116.17999999999999,False,3.14,8.614285714285714,2.6,1.0,24,6,0.23931566428755768,-0.970941817426052,40.0,50.0,48.0,47.0,4.76095228569523,1.0,4.0,47.06521739130435,47.10354591329473,47.0
STR-05,SKU-00021,Personal Care,VIC,Metro,2026-06-15,51,160.14000000000001,False,3.14,7.214285714285714,3.1714285714285713,0.0,25,6,0.12053668025532308,-0.992708874098054,37.0,40.0,50.0,44.25,6.751543033509694,1.0,4.0,47.06521739130435,44.03214688449929,44.25
STR-05,SKU-00021,Personal Care,VIC,Metro,2026-06-22,52,163.28,False,3.14,7.257142857142857,2.6571428571428575,0.0,26,6,-3.216245299353273e-16,-1.0,51.0,37.0,50.0,44.5,7.047458170621988,1.0,4.0,47.06521739130435,45.16110136033941,44.5
STR-05,SKU-00021,Personal Care,VIC,Metro,2026-06-29,42,131.88,False,3.14,7.6000000000000005,2.8857142857142857,0.0,27,6,-0.12053668025532283,-0.992708874098054,52.0,51.0,40.0,45.0,7.615773105863905,1.0,4.0,47.06521739130435,46.86650319823589,45.0
STR-05,SKU-00021,Personal Care,VIC,Metro,2026-07-06,51,160.14,False,3.14,6.385714285714286,2.3714285714285714,0.0,28,7,-0.23931566428755743,-0.9709418174260521,42.0,52.0,37.0,45.5,7.234178138070232,1.0,4.0,47.06521739130435,46.19831616221585,45.5
STR-05,SKU-00021,Personal Care,VIC,Metro,2026-07-13,51,160.14000000000001,False,3.14,6.971428571428571,1.9000000000000001,0.0,29,7,-0.3546048870425356,-0.9350162426854148,51.0,42.0,51.0,49.0,4.6904157598234235,1.0,4.0,47.06521739130435,45.5849011934727,49.0
STR-05,SKU-00021,Personal Care,VIC,Metro,2026-07-20,35,109.9,False,3.14,6.814285714285715,1.8,0.0,30,7,-0.46472317204376806,-0.8854560256532101,51.0,51.0,52.0,49.0,4.6904157598234235,1.0,4.0,47.06521739130435,46.30697954646739,49.0
STR-05,SKU-00021,Personal Care,VIC,Metro,2026-07-27,32,100.48,False,3.14,6.28,2.2800000000000002,0.0,31,7,-0.5680647467311556,-0.8229838658936565,35.0,51.0,42.0,44.75,7.762087348130009,1.0,4.0,47.06521739130435,44.00902752424663,44.75
STR-05,SKU-00024,Snacks,VIC,Metro,2026-06-08,107,230.05,False,2.15,8.614285714285714,2.6,1.0,24,6,0.23931566428755768,-0.970941817426052,97.0,119.0,121.0,111.75,10.935416468216168,1.0,5.0,134.2173913043478,107.24824032330382,111.75
STR-05,SKU-00024,Snacks,VIC,Metro,2026-06-15,102,219.3,False,2.15,7.214285714285714,3.1714285714285713,0.0,25,6,0.12053668025532308,-0.992708874098054,107.0,97.0,110.0,108.25,9.06917857360853,1.0,5.0,134.2173913043478,108.03546495672657,108.25
STR-05,SKU-00024,Snacks,VIC,Metro,2026-06-22,96,206.39999999999998,False,2.15,7.257142857142857,2.6571428571428575,0.0,26,6,-3.216245299353273e-16,-1.0,102.0,107.0,119.0,106.25,9.429563439877095,1.0,5.0,134.2173913043478,107.2839426819616,106.25
STR-05,SKU-00024,Snacks,VIC,Metro,2026-06-29,117,251.54999999999998,False,2.15,7.6000000000000005,2.8857142857142857,0.0,27,6,-0.12053668025532283,-0.992708874098054,96.0,102.0,97.0,100.5,5.066228051190229,1.0,5.0,134.2173913043478,100.9483996481615,100.5
STR-05,SKU-00024,Snacks,VIC,Metro,2026-07-06,106,227.9,False,2.15,6.385714285714286,2.3714285714285714,0.0,28,7,-0.23931566428755743,-0.9709418174260521,117.0,96.0,107.0,105.5,8.888194417315592,1.0,5.0,134.2173913043478,107.63605706634883,105.5
STR-05,SKU-00024,Snacks,VIC,Metro,2026-07-13,113,242.95,False,2.15,6.971428571428571,1.9000000000000001,0.0,29,7,-0.3546048870425356,-0.9350162426854148,106.0,117.0,102.0,105.25,8.84590300647707,1.0,5.0,134.2173913043478,105.55841948697137,105.25
STR-05,SKU-00024,Snacks,VIC,Metro,2026-07-20,98,210.7,False,2.15,6.814285714285715,1.8,0.0,30,7,-0.46472317204376806,-0.8854560256532101,113.0,106.0,96.0,108.0,9.201449161228178,1.0,5.0,134.2173913043478,107.17946109072976,108.0
STR-05,SKU-00024,Snacks,VIC,Metro,2026-07-27,73,156.95,False,2.15,6.28,2.2800000000000002,0.0,31,7,-0.5680647467311556,-0.8229838658936565,98.0,113.0,117.0,108.5,8.346656017032615,1.0,5.0,134.2173913043478,104.70308046581769,108.5
STR-06,SKU-00001,Beverages,NSW,Regional,2026-06-08,64,206.08,False,3.22,13.242857142857144,1.8285714285714287,1.0,24,6,0.23931566428755768,-0.970941817426052,86.0,87.0,82.0,83.25,4.112987559751031,2.0,0.0,117.17391304347827,84.73088283620258,83.25
STR-06,SKU-00001,Beverages,NSW,Regional,2026-06-15,73,235.06,False,3.22,11.328571428571427,2.457142857142857,0.0,25,6,0.12053668025532308,-0.992708874098054,64.0,86.0,78.0,78.75,10.626225419530059,2.0,0.0,117.17391304347827,70.40044379586328,78.75
STR-06,SKU-00001,Beverages,NSW,Regional,2026-06-22,79,254.38,False,3.22,11.9,1.1857142857142857,0.0,26,6,-3.216245299353273e-16,-1.0,73.0,64.0,87.0,77.5,11.030261405182868,2.0,0.0,117.17391304347827,70.21759701007424,77.5
STR-06,SKU-00001,Beverages,NSW,Regional,2026-06-29,72,231.84,False,3.22,10.257142857142856,4.742857142857143,0.0,27,6,-0.12053668025532283,-0.992708874098054,79.0,73.0,86.0,75.5,9.327379053088821,2.0,0.0,117.17391304347827,73.78516140110445,75.5
STR-06,SKU-00001,Beverages,NSW,Regional,2026-07-06,58,186.76000000000002,False,3.22,10.742857142857144,4.628571428571428,0.0,28,7,-0.23931566428755743,-0.9709418174260521,72.0,79.0,64.0,72.0,6.164414002968984,2.0,0.0,117.17391304347827,70.43307410584147,72.0
STR-06,SKU-00001,Beverages,NSW,Regional,2026-07-13,82,264.04,False,3.22,10.485714285714286,2.642857142857143,0.0,29,7,-0.3546048870425356,-0.9350162426854148,58.0,72.0,73.0,70.5,8.888194417315594,2.0,0.0,117.17391304347827,65.52444144512508,70.5
STR-06,SKU-00001,Beverages,NSW,Regional,2026-07-20,65,209.3,False,3.22,10.957142857142857,3.8142857142857145,0.0,30,7,-0.46472317204376806,-0.8854560256532101,82.0,58.0,79.0,72.75,10.68877916321598,2.0,0.0,117.17391304347827,69.59376804993391,72.75
STR-06,SKU-00001,Beverages,NSW,Regional,2026-07-27,41,132.02,False,3.22,11.2,4.2,0.0,31,7,-0.5680647467311556,-0.8229838658936565,65.0,82.0,72.0,69.25,10.24288370853964,2.0,0.0,117.17391304347827,67.4310532614506,69.25
STR-06,SKU-00002,Snacks,NSW,Regional,2026-06-08,79,255.17000000000002,False,3.23,13.242857142857144,1.8285714285714287,1.0,24,6,0.23931566428755768,-0.970941817426052,77.0,74.0,89.0,79.75,6.500000000000002,2.0,5.0,87.45652173913044,81.26843413174689,79.75
STR-06,SKU-00002,Snacks,NSW,Regional,2026-06-15,71,229.32999999999998,False,3.23,11.328571428571427,2.457142857142857,0.0,25,6,0.12053668025532308,-0.992708874098054,79.0,77.0,79.0,77.25,2.362907813126313,2.0,5.0,87.45652173913044,79.16913942521496,77.25
STR-06,SKU-00002,Snacks,NSW,Regional,2026-06-22,81,261.63,False,3.23,11.9,1.1857142857142857,0.0,26,6,-3.216245299353273e-16,-1.0,71.0,79.0,74.0,75.25,3.5000000000000075,2.0,5.0,87.45652173913044,74.54304164360212,75.25
STR-06,SKU-00002,Snacks,NSW,Regional,2026-06-29,73,235.79,False,3.23,10.257142857142856,4.742857142857143,0.0,27,6,-0.12053668025532283,-0.992708874098054,81.0,71.0,77.0,77.0,4.320493798938578,2.0,5.0,87.45652173913044,78.63497242897931,77.0
STR-06,SKU-00002,Snacks,NSW,Regional,2026-07-06,79,255.17,False,3.23,10.742857142857144,4.628571428571428,0.0,28,7,-0.23931566428755743,-0.9709418174260521,73.0,81.0,79.0,76.0,4.760952285695238,2.0,5.0,87.45652173913044,77.10453717771303,76.0
STR-06,SKU-00002,Snacks,NSW,Regional,2026-07-13,65,209.95,False,3.23,10.485714285714286,2.642857142857143,0.0,29,7,-0.3546048870425356,-0.9350162426854148,79.0,73.0,71.0,76.0,4.760952285695238,2.0,5.0,87.45652173913044,76.49088423698502,76.0
STR-06,SKU-00002,Snacks,NSW,Regional,2026-07-20,77,248.70999999999998,False,3.23,10.957142857142857,3.8142857142857145,0.0,30,7,-0.46472317204376806,-0.8854560256532101,65.0,79.0,81.0,74.5,7.187952884282612,2.0,5.0,87.45652173913044,75.1614397862461,74.5
STR-06,SKU-00002,Snacks,NSW,Regional,2026-07-27,51,164.73,False,3.2299999999999995,11.2,4.2,0.0,31,7,-0.5680647467311556,-0.8229838658936565,77.0,65.0,73.0,73.5,6.191391873668906,2.0,5.0,87.45652173913044,75.42411971844102,73.5
STR-06,SKU-00003,Dairy,NSW,Regional,2026-06-08,110,1097.8,False,9.98,13.242857142857144,1.8285714285714287,1.0,24,6,0.23931566428755768,-0.970941817426052,87.0,111.0,96.0,99.0,10.099504938362061,2.0,1.0,92.08695652173913,95.74471092010782,99.0
STR-06,SKU-00003,Dairy,NSW,Regional,2026-06-15,116,1157.68,False,9.98,11.328571428571427,2.457142857142857,0.0,25,6,0.12053668025532308,-0.992708874098054,110.0,87.0,102.0,102.5,11.090536506409402,2.0,1.0,92.08695652173913,100.41281596186356,102.5
STR-06,SKU-00003,Dairy,NSW,Regional,2026-06-22,92,918.16,False,9.98,11.9,1.1857142857142857,0.0,26,6,-3.216245299353273e-16,-1.0,116.0,110.0,111.0,106.0,12.935738607954823,2.0,1.0,92.08695652173913,106.41201262905533,106.0
STR-06,SKU-00003,Dairy,NSW,Regional,2026-06-29,97,968.06,False,9.98,10.257142857142856,4.742857142857143,0.0,27,6,-0.12053668025532283,-0.992708874098054,92.0,116.0,87.0,101.25,13.937359864766341,2.0,1.0,92.08695652173913,99.04762119464796,101.25
STR-06,SKU-00003,Dairy,NSW,Regional,2026-07-06,109,1087.82,False,9.98,10.742857142857144,4.628571428571428,0.0,28,7,-0.23931566428755743,-0.9709418174260521,97.0,92.0,110.0,103.75,11.14674840480396,2.0,1.0,92.08695652173913,100.58316659871257,103.75
STR-06,SKU-00003,Dairy,NSW,Regional,2026-07-13,94,938.12,False,9.98,10.485714285714286,2.642857142857143,0.0,29,7,-0.3546048870425356,-0.9350162426854148,109.0,97.0,116.0,103.5,10.969655114602872,2.0,1.0,92.08695652173913,102.07804570550853,103.5
STR-06,SKU-00003,Dairy,NSW,Regional,2026-07-20,112,1117.76,False,9.98,10.957142857142857,3.8142857142857145,0.0,30,7,-0.46472317204376806,-0.8854560256532101,94.0,109.0,92.0,98.0,7.615773105863882,2.0,1.0,92.08695652173913,97.50788458927116,98.0
STR-06,SKU-00003,Dairy,NSW,Regional,2026-07-27,74,738.52,False,9.98,11.2,4.2,0.0,31,7,-0.5680647467311556,-0.8229838658936565,112.0,94.0,97.0,103.0,8.831760866327823,2.0,1.0,92.08695652173913,98.41604372203406,103.0
STR-06,SKU-00004,Household,NSW,Regional,2026-06-08,41,394.83,False,9.63,13.242857142857144,1.8285714285714287,1.0,24,6,0.23931566428755768,-0.970941817426052,47.0,52.0,35.0,47.0,8.524474568362944,2.0,3.0,46.76086956521739,47.769028672914544,47.0
STR-06,SKU-00004,Household,NSW,Regional,2026-06-15,37,356.31,False,9.63,11.328571428571427,2.457142857142857,0.0,25,6,0.12053668025532308,-0.992708874098054,41.0,47.0,54.0,48.5,5.802298395176396,2.0,3.0,46.76086956521739,46.592695467990694,48.5
STR-06,SKU-00004,Household,NSW,Regional,2026-06-22,49,471.87,False,9.63,11.9,1.1857142857142857,0.0,26,6,-3.216245299353273e-16,-1.0,37.0,41.0,52.0,44.25,6.601767440112779,2.0,3.0,46.76086956521739,43.20518854984712,44.25
STR-06,SKU-00004,Household,NSW,Regional,2026-06-29,52,500.76,False,9.63,10.257142857142856,4.742857142857143,0.0,27,6,-0.12053668025532283,-0.992708874098054,49.0,37.0,47.0,43.5,5.507570547286093,2.0,3.0,46.76086956521739,45.18783427787709,43.5
STR-06,SKU-00004,Household,NSW,Regional,2026-07-06,55,529.65,False,9.63,10.742857142857144,4.628571428571428,0.0,28,7,-0.23931566428755743,-0.9709418174260521,52.0,49.0,41.0,44.75,6.946221994724895,2.0,3.0,46.76086956521739,47.3976385455829,44.75
STR-06,SKU-00004,Household,NSW,Regional,2026-07-13,35,337.05,False,9.63,10.485714285714286,2.642857142857143,0.0,29,7,-0.3546048870425356,-0.9350162426854148,55.0,52.0,37.0,48.25,7.8898669190297435,2.0,3.0,46.76086956521739,47.64661387393028,48.25
STR-06,SKU-00004,Household,NSW,Regional,2026-07-20,47,452.61,False,9.63,10.957142857142857,3.8142857142857145,0.0,30,7,-0.46472317204376806,-0.8854560256532101,35.0,55.0,49.0,47.75,8.84590300647706,2.0,3.0,46.76086956521739,46.69053992688179,47.75
STR-06,SKU-00004,Household,NSW,Regional,2026-07-27,30,288.9,False,9.63,11.2,4.2,0.0,31,7,-0.5680647467311556,-0.8229838658936565,47.0,35.0,52.0,47.25,8.808140174482535,2.0,3.0,46.76086956521739,45.441773615794276,47.25
STR-06,SKU-00005,Personal Care,NSW,Regional,2026-06-08,25,85.75,False,3.43,13.242857142857144,1.8285714285714287,1.0,24,6,0.23931566428755768,-0.970941817426052,25.0,25.0,9.0,19.5,7.5498344352707525,2.0,4.0,21.543478260869566,21.606476548805375,19.5
STR-06,SKU-00005,Personal Care,NSW,Regional,2026-06-15,17,58.309999999999995,False,3.43,11.328571428571427,2.457142857142857,0.0,25,6,0.12053668025532308,-0.992708874098054,25.0,25.0,19.0,23.5,3.000000000000006,2.0,4.0,21.543478260869566,21.272485390195694,23.5
STR-06,SKU-00005,Personal Care,NSW,Regional,2026-06-22,18,61.739999999999995,False,3.43,11.9,1.1857142857142857,0.0,26,6,-3.216245299353273e-16,-1.0,17.0,25.0,25.0,23.0,4.0,2.0,4.0,21.543478260869566,22.1671498741127,23.0
STR-06,SKU-00005,Personal Care,NSW,Regional,2026-06-29,20,68.6,False,3.43,10.257142857142856,4.742857142857143,0.0,27,6,-0.12053668025532283,-0.992708874098054,18.0,17.0,25.0,21.25,4.349329450233296,2.0,4.0,21.543478260869566,22.036573977777024,21.25
STR-06,SKU-00005,Personal Care,NSW,Regional,2026-07-06,19,65.17,False,3.43,10.742857142857144,4.628571428571428,0.0,28,7,-0.23931566428755743,-0.9709418174260521,20.0,18.0,25.0,20.0,3.5590260840104366,2.0,4.0,21.543478260869566,22.07029061605726,20.0
STR-06,SKU-00005,Personal Care,NSW,Regional,2026-07-13,20,68.6,False,3.43,10.485714285714286,2.642857142857143,0.0,29,7,-0.3546048870425356,-0.9350162426854148,19.0,20.0,17.0,18.5,1.2909944487358036,2.0,4.0,21.543478260869566,22.306901283454646,18.5
STR-06,SKU-00005,Personal Care,NSW,Regional,2026-07-20,14,48.019999999999996,False,3.43,10.957142857142857,3.8142857142857145,0.0,30,7,-0.46472317204376806,-0.8854560256532101,20.0,19.0,18.0,19.25,0.9574271077563353,2.0,4.0,21.543478260869566,21.380530790114005,19.25
STR-06,SKU-00005,Personal Care,NSW,Regional,2026-07-27,14,48.019999999999996,False,3.43,11.2,4.2,0.0,31,7,-0.5680647467311556,-0.8229838658936565,14.0,20.0,20.0,18.25,2.872281323269014,2.0,4.0,21.543478260869566,20.968998611167326,18.25
STR-06,SKU-00006,Frozen,NSW,Regional,2026-06-08,44,345.84,False,7.86,13.242857142857144,1.8285714285714287,1.0,24,6,0.23931566428755768,-0.970941817426052,58.0,39.0,34.0,45.25,10.812801055539067,2.0,2.0,42.73913043478261,47.924747148655655,45.25
STR-06,SKU-00006,Frozen,NSW,Regional,2026-06-15,52,408.72,False,7.86,11.328571428571427,2.457142857142857,0.0,25,6,0.12053668025532308,-0.992708874098054,44.0,58.0,50.0,47.75,8.18026079453869,2.0,2.0,42.73913043478261,47.42281689799021,47.75
STR-06,SKU-00006,Frozen,NSW,Regional,2026-06-22,53,416.58,False,7.86,11.9,1.1857142857142857,0.0,26,6,-3.216245299353273e-16,-1.0,52.0,44.0,39.0,48.25,8.42120339777319,2.0,2.0,42.73913043478261,47.547888982680796,48.25
STR-06,SKU-00006,Frozen,NSW,Regional,2026-06-29,66,518.76,False,7.86,10.257142857142856,4.742857142857143,0.0,27,6,-0.12053668025532283,-0.992708874098054,53.0,52.0,58.0,51.75,5.795112883571242,2.0,2.0,42.73913043478261,48.96096610841879,51.75
STR-06,SKU-00006,Frozen,NSW,Regional,2026-07-06,52,408.71999999999997,False,7.86,10.742857142857144,4.628571428571428,0.0,28,7,-0.23931566428755743,-0.9709418174260521,66.0,53.0,44.0,53.75,9.105858919765161,2.0,2.0,42.73913043478261,52.09434291761777,53.75
STR-06,SKU-00006,Frozen,NSW,Regional,2026-07-13,45,353.7,False,7.86,10.485714285714286,2.642857142857143,0.0,29,7,-0.3546048870425356,-0.9350162426854148,52.0,66.0,52.0,55.75,6.8495741960115115,2.0,2.0,42.73913043478261,50.50557802258072,55.75
STR-06,SKU-00006,Frozen,NSW,Regional,2026-07-20,46,361.56,False,7.86,10.957142857142857,3.8142857142857145,0.0,30,7,-0.46472317204376806,-0.8854560256532101,45.0,52.0,53.0,54.0,8.755950357709136,2.0,2.0,42.73913043478261,49.97938309429415,54.0
STR-06,SKU-00006,Frozen,NSW,Regional,2026-07-27,34,267.24,False,7.860000000000001,11.2,4.2,0.0,31,7,-0.5680647467311556,-0.8229838658936565,46.0,45.0,66.0,52.25,9.673847907287637,2.0,2.0,42.73913043478261,45.65852542668076,52.25
STR-06,SKU-00009,Dairy,NSW,Regional,2026-06-08,67,456.27,False,6.81,13.242857142857144,1.8285714285714287,1.0,24,6,0.23931566428755768,-0.970941817426052,84.0,88.0,100.0,89.25,7.365459931328112,2.0,1.0,78.43478260869566,86.33798540993223,89.25
STR-06,SKU-00009,Dairy,NSW,Regional,2026-06-15,79,537.99,False,6.81,11.328571428571427,2.457142857142857,0.0,25,6,0.12053668025532308,-0.992708874098054,67.0,84.0,85.0,81.0,9.486832980505136,2.0,1.0,78.43478260869566,79.05193132382828,81.0
STR-06,SKU-00009,Dairy,NSW,Regional,2026-06-22,91,619.71,False,6.81,11.9,1.1857142857142857,0.0,26,6,-3.216245299353273e-16,-1.0,79.0,67.0,88.0,79.5,9.110433579144297,2.0,1.0,78.43478260869566,78.9954446842247,79.5
STR-06,SKU-00009,Dairy,NSW,Regional,2026-06-29,89,606.0899999999999,False,6.81,10.257142857142856,4.742857142857143,0.0,27,6,-0.12053668025532283,-0.992708874098054,91.0,79.0,84.0,80.25,10.11187420807834,2.0,1.0,78.43478260869566,81.03283682002392,80.25
STR-06,SKU-00009,Dairy,NSW,Regional,2026-07-06,83,565.23,False,6.81,10.742857142857144,4.628571428571428,0.0,28,7,-0.23931566428755743,-0.9709418174260521,89.0,91.0,67.0,81.5,10.999999999999998,2.0,1.0,78.43478260869566,79.31627850827962,81.5
STR-06,SKU-00009,Dairy,NSW,Regional,2026-07-13,78,531.18,False,6.81,10.485714285714286,2.642857142857143,0.0,29,7,-0.3546048870425356,-0.9350162426854148,83.0,89.0,79.0,85.5,5.5075705472861,2.0,1.0,78.43478260869566,81.47487677813167,85.5
STR-06,SKU-00009,Dairy,NSW,Regional,2026-07-20,88,599.28,False,6.81,10.957142857142857,3.8142857142857145,0.0,30,7,-0.46472317204376806,-0.8854560256532101,78.0,83.0,91.0,85.25,5.909032633745277,2.0,1.0,78.43478260869566,81.03580536128229,85.25
STR-06,SKU-00009,Dairy,NSW,Regional,2026-07-27,50,340.5,False,6.81,11.2,4.2,0.0,31,7,-0.5680647467311556,-0.8229838658936565,88.0,78.0,89.0,84.5,5.066228051190219,2.0,1.0,78.43478260869566,81.84083967574838,84.5
STR-06,SKU-00010,Household,NSW,Regional,2026-06-08,50,405.5,False,8.11,13.242857142857144,1.8285714285714287,1.0,24,6,0.23931566428755768,-0.970941817426052,40.0,52.0,47.0,44.0,6.782329983125253,2.0,3.0,45.69565217391305,45.752542558869514,44.0
STR-06,SKU-00010,Household,NSW,Regional,2026-06-15,50,405.5,False,8.11,11.328571428571427,2.457142857142857,0.0,25,6,0.12053668025532308,-0.992708874098054,50.0,40.0,37.0,44.75,7.365459931328104,2.0,3.0,45.69565217391305,44.535754808313456,44.75
STR-06,SKU-00010,Household,NSW,Regional,2026-06-22,43,348.73,False,8.11,11.9,1.1857142857142857,0.0,26,6,-3.216245299353273e-16,-1.0,50.0,50.0,52.0,48.0,5.416025603090621,2.0,3.0,45.69565217391305,45.43642569377901,48.0
STR-06,SKU-00010,Household,NSW,Regional,2026-06-29,52,421.72,False,8.11,10.257142857142856,4.742857142857143,0.0,27,6,-0.12053668025532283,-0.992708874098054,43.0,50.0,40.0,45.75,5.057996968497818,2.0,3.0,45.69565217391305,47.27122060030727,45.75
STR-06,SKU-00010,Household,NSW,Regional,2026-07-06,26,210.85999999999999,False,8.11,10.742857142857144,4.628571428571428,0.0,28,7,-0.23931566428755743,-0.9709418174260521,52.0,43.0,50.0,48.75,3.9475730941089777,2.0,3.0,45.69565217391305,47.04706301327351,48.75
STR-06,SKU-00010,Household,NSW,Regional,2026-07-13,115,340.62,False,8.11,10.485714285714286,2.642857142857143,0.0,29,7,-0.3546048870425356,-0.9350162426854148,26.0,52.0,50.0,42.75,11.814539065631513,2.0,3.0,45.69565217391305,45.925698517231496,42.75
STR-06,SKU-00010,Household,NSW,Regional,2026-07-20,48,389.28,False,8.11,10.957142857142857,3.8142857142857145,0.0,30,7,-0.46472317204376806,-0.8854560256532101,115.0,26.0,43.0,59.0,38.85871845545089,2.0,3.0,45.69565217391305,49.55411684517877,59.0
STR-06,SKU-00010,Household,NSW,Regional,2026-07-27,32,259.52,False,8.11,11.2,4.2,0.0,31,7,-0.5680647467311556,-0.8229838658936565,48.0,115.0,52.0,60.25,38.248093634410935,2.0,3.0,45.69565217391305,42.9720750448614,60.25
STR-06,SKU-00011,Personal Care,NSW,Regional,2026-06-08,32,351.04,False,10.97,13.242857142857144,1.8285714285714287,1.0,24,6,0.23931566428755768,-0.970941817426052,36.0,21.0,40.0,31.0,8.602325267042627,2.0,4.0,30.456521739130434,30.328762645786306,31.0
STR-06,SKU-00011,Personal Care,NSW,Regional,2026-06-15,34,372.98,False,10.97,11.328571428571427,2.457142857142857,0.0,25,6,0.12053668025532308,-0.992708874098054,32.0,36.0,27.0,29.0,6.48074069840786,2.0,4.0,30.456521739130434,30.095713598104826,29.0
STR-06,SKU-00011,Personal Care,NSW,Regional,2026-06-22,34,372.98,False,10.97,11.9,1.1857142857142857,0.0,26,6,-3.216245299353273e-16,-1.0,34.0,32.0,21.0,30.75,6.701989754294367,2.0,4.0,30.456521739130434,30.30818362277769,30.75
STR-06,SKU-00011,Personal Care,NSW,Regional,2026-06-29,26,285.22,False,10.97,10.257142857142856,4.742857142857143,0.0,27,6,-0.12053668025532283,-0.992708874098054,34.0,34.0,36.0,34.0,1.632993161855452,2.0,4.0,30.456521739130434,32.740841969097644,34.0
STR-06,SKU-00011,Personal Care,NSW,Regional,2026-07-06,34,372.98,False,10.97,10.742857142857144,4.628571428571428,0.0,28,7,-0.23931566428755743,-0.9709418174260521,26.0,34.0,32.0,31.5,3.785938897200183,2.0,4.0,30.456521739130434,30.79290410057792,31.5
STR-06,SKU-00011,Personal Care,NSW,Regional,2026-07-13,24,263.28,False,10.97,10.485714285714286,2.642857142857143,0.0,29,7,-0.3546048870425356,-0.9350162426854148,34.0,26.0,34.0,32.0,4.0,2.0,4.0,30.456521739130434,29.99546135389462,32.0
STR-06,SKU-00011,Personal Care,NSW,Regional,2026-07-20,23,252.31,False,10.97,10.957142857142857,3.8142857142857145,0.0,30,7,-0.46472317204376806,-0.8854560256532101,24.0,34.0,34.0,29.5,5.259911279353167,2.0,4.0,30.456521739130434,30.02218918951216,29.5
STR-06,SKU-00011,Personal Care,NSW,Regional,2026-07-27,23,252.31,False,10.97,11.2,4.2,0.0,31,7,-0.5680647467311556,-0.8229838658936565,23.0,24.0,26.0,26.75,4.9916597106239795,2.0,4.0,30.456521739130434,29.66604546469788,26.75
STR-06,SKU-00014,Snacks,NSW,Regional,2026-06-08,100,724.0,False,7.24,13.242857142857144,1.8285714285714287,1.0,24,6,0.23931566428755768,-0.970941817426052,81.0,96.0,98.0,93.75,8.655441448399193,2.0,5.0,116.04347826086956,92.0438496344897,93.75
STR-06,SKU-00014,Snacks,NSW,Regional,2026-06-15,101,731.24,False,7.24,11.328571428571427,2.457142857142857,0.0,25,6,0.12053668025532308,-0.992708874098054,100.0,81.0,100.0,94.25,9.032349269892823,2.0,5.0,116.04347826086956,94.10779780641711,94.25
STR-06,SKU-00014,Snacks,NSW,Regional,2026-06-22,101,731.24,False,7.24,11.9,1.1857142857142857,0.0,26,6,-3.216245299353273e-16,-1.0,101.0,100.0,96.0,94.5,9.255628917943218,2.0,5.0,116.04347826086956,96.56354806551322,94.5
STR-06,SKU-00014,Snacks,NSW,Regional,2026-06-29,76,550.24,False,7.24,10.257142857142856,4.742857142857143,0.0,27,6,-0.12053668025532283,-0.992708874098054,101.0,101.0,81.0,95.75,9.844626283748243,2.0,5.0,116.04347826086956,96.75490690267644,95.75
STR-06,SKU-00014,Snacks,NSW,Regional,2026-07-06,91,658.84,False,7.24,10.742857142857144,4.628571428571428,0.0,28,7,-0.23931566428755743,-0.9709418174260521,76.0,101.0,100.0,94.5,12.342339054382414,2.0,5.0,116.04347826086956,88.14121994397183,94.5
STR-06,SKU-00014,Snacks,NSW,Regional,2026-07-13,97,702.28,False,7.24,10.485714285714286,2.642857142857143,0.0,29,7,-0.3546048870425356,-0.9350162426854148,91.0,76.0,101.0,92.25,11.814539065631523,2.0,5.0,116.04347826086956,92.29258111572382,92.25
STR-06,SKU-00014,Snacks,NSW,Regional,2026-07-20,95,687.8,False,7.24,10.957142857142857,3.8142857142857145,0.0,30,7,-0.46472317204376806,-0.8854560256532101,97.0,91.0,101.0,91.25,10.965856099730658,2.0,5.0,116.04347826086956,94.24096670814089,91.25
STR-06,SKU-00014,Snacks,NSW,Regional,2026-07-27,56,405.44,False,7.24,11.2,4.2,0.0,31,7,-0.5680647467311556,-0.8229838658936565,95.0,97.0,76.0,89.75,9.500000000000004,2.0,5.0,116.04347826086956,92.3347888642717,89.75
STR-06,SKU-00015,Dairy,NSW,Regional,2026-06-08,67,213.06,False,3.18,13.242857142857144,1.8285714285714287,1.0,24,6,0.23931566428755768,-0.970941817426052,66.0,53.0,69.0,62.0,7.071067811865519,2.0,1.0,61.58695652173913,65.09713652491571,62.0
STR-06,SKU-00015,Dairy,NSW,Regional,2026-06-15,53,168.54,False,3.18,11.328571428571427,2.457142857142857,0.0,25,6,0.12053668025532308,-0.992708874098054,67.0,66.0,60.0,61.5,6.454972243679077,2.0,1.0,61.58695652173913,63.51775943257296,61.5
STR-06,SKU-00015,Dairy,NSW,Regional,2026-06-22,64,203.52,False,3.18,11.9,1.1857142857142857,0.0,26,6,-3.216245299353273e-16,-1.0,53.0,67.0,53.0,59.75,7.804912982645437,2.0,1.0,61.58695652173913,60.56437219785835,59.75
STR-06,SKU-00015,Dairy,NSW,Regional,2026-06-29,72,193.98000000000002,False,3.18,10.257142857142856,4.742857142857143,0.0,27,6,-0.12053668025532283,-0.992708874098054,64.0,53.0,66.0,62.5,6.454972243679077,2.0,1.0,61.58695652173913,62.24044897892106,62.5
STR-06,SKU-00015,Dairy,NSW,Regional,2026-07-06,49,155.82,False,3.18,10.742857142857144,4.628571428571428,0.0,28,7,-0.23931566428755743,-0.9709418174260521,72.0,64.0,67.0,64.0,8.041558721209919,2.0,1.0,61.58695652173913,65.76828051497391,64.0
STR-06,SKU-00015,Dairy,NSW,Regional,2026-07-13,56,178.08,False,3.18,10.485714285714286,2.642857142857143,0.0,29,7,-0.3546048870425356,-0.9350162426854148,49.0,72.0,53.0,59.5,10.472185381603369,2.0,1.0,61.58695652173913,60.348245368439045,59.5
STR-06,SKU-00015,Dairy,NSW,Regional,2026-07-20,71,225.78000000000003,False,3.18,10.957142857142857,3.8142857142857145,0.0,30,7,-0.46472317204376806,-0.8854560256532101,56.0,49.0,64.0,60.25,9.945685831890493,2.0,1.0,61.58695652173913,59.81946343407079,60.25
STR-06,SKU-00015,Dairy,NSW,Regional,2026-07-27,37,117.66,False,3.18,11.2,4.2,0.0,31,7,-0.5680647467311556,-0.8229838658936565,71.0,56.0,72.0,62.0,11.343133018115731,2.0,1.0,61.58695652173913,61.743118370705396,62.0
STR-06,SKU-00017,Beverages,NSW,Regional,2026-06-08,80,299.2,False,3.7399999999999998,13.242857142857144,1.8285714285714287,1.0,24,6,0.23931566428755768,-0.970941817426052,72.0,74.0,83.0,78.0,5.830951894845225,2.0,0.0,129.43478260869566,74.84783191641004,78.0
STR-06,SKU-00017,Beverages,NSW,Regional,2026-06-15,85,317.9,False,3.7399999999999998,11.328571428571427,2.457142857142857,0.0,25,6,0.12053668025532308,-0.992708874098054,80.0,72.0,83.0,77.25,5.123475382979714,2.0,0.0,129.43478260869566,77.23830009236056,77.25
STR-06,SKU-00017,Beverages,NSW,Regional,2026-06-22,59,220.66,False,3.7399999999999998,11.9,1.1857142857142857,0.0,26,6,-3.216245299353273e-16,-1.0,85.0,80.0,74.0,77.75,5.9090326337452055,2.0,0.0,129.43478260869566,75.80253615108847,77.75
STR-06,SKU-00017,Beverages,NSW,Regional,2026-06-29,63,235.62,False,3.7399999999999998,10.257142857142856,4.742857142857143,0.0,27,6,-0.12053668025532283,-0.992708874098054,59.0,85.0,72.0,74.0,11.343133018115665,2.0,0.0,129.43478260869566,69.40063320691397,74.0
STR-06,SKU-00017,Beverages,NSW,Regional,2026-07-06,80,299.2,False,3.7399999999999998,10.742857142857144,4.628571428571428,0.0,28,7,-0.23931566428755743,-0.9709418174260521,63.0,59.0,80.0,71.75,12.685293322058651,2.0,0.0,129.43478260869566,69.91144972862617,71.75
STR-06,SKU-00017,Beverages,NSW,Regional,2026-07-13,60,224.39999999999998,False,3.7399999999999998,10.485714285714286,2.642857142857143,0.0,29,7,-0.3546048870425356,-0.9350162426854148,80.0,63.0,85.0,71.75,12.685293322058651,2.0,0.0,129.43478260869566,74.62518714405132,71.75
STR-06,SKU-00017,Beverages,NSW,Regional,2026-07-20,75,280.5,False,3.7399999999999998,10.957142857142857,3.8142857142857145,0.0,30,7,-0.46472317204376806,-0.8854560256532101,60.0,80.0,59.0,65.5,9.814954576223592,2.0,0.0,129.43478260869566,66.83934254494255,65.5
STR-06,SKU-00017,Beverages,NSW,Regional,2026-07-27,47,175.78,False,3.7400000000000007,11.2,4.2,0.0,31,7,-0.5680647467311556,-0.8229838658936565,75.0,60.0,63.0,69.5,9.539392014169408,2.0,0.0,129.43478260869566,68.66468315097521,69.5
STR-06,SKU-00018,Snacks,NSW,Regional,2026-06-08,43,145.34,False,3.38,13.242857142857144,1.8285714285714287,1.0,24,6,0.23931566428755768,-0.970941817426052,59.0,57.0,60.0,59.5,2.081665999466141,2.0,5.0,63.54347826086956,60.63905368625201,59.5
STR-06,SKU-00018,Snacks,NSW,Regional,2026-06-15,49,165.62,False,3.38,11.328571428571427,2.457142857142857,0.0,25,6,0.12053668025532308,-0.992708874098054,43.0,59.0,62.0,55.25,8.421203397773189,2.0,5.0,63.54347826086956,58.68811244074375,55.25
STR-06,SKU-00018,Snacks,NSW,Regional,2026-06-22,55,185.9,False,3.38,11.9,1.1857142857142857,0.0,26,6,-3.216245299353273e-16,-1.0,49.0,43.0,57.0,52.0,7.393691004272948,2.0,5.0,63.54347826086956,54.11810273672028,52.0
STR-06,SKU-00018,Snacks,NSW,Regional,2026-06-29,42,141.96,False,3.38,10.257142857142856,4.742857142857143,0.0,27,6,-0.12053668025532283,-0.992708874098054,55.0,49.0,59.0,51.5,7.0000000000000036,2.0,5.0,63.54347826086956,55.908524433217316,51.5
STR-06,SKU-00018,Snacks,NSW,Regional,2026-07-06,61,206.18,False,3.38,10.742857142857144,4.628571428571428,0.0,28,7,-0.23931566428755743,-0.9709418174260521,42.0,55.0,43.0,47.25,6.020797289396151,2.0,5.0,63.54347826086956,51.73340258806851,47.25
STR-06,SKU-00018,Snacks,NSW,Regional,2026-07-13,56,189.28,False,3.38,10.485714285714286,2.642857142857143,0.0,29,7,-0.3546048870425356,-0.9350162426854148,61.0,42.0,49.0,51.75,8.139410298049857,2.0,5.0,63.54347826086956,56.19898072075079,51.75
STR-06,SKU-00018,Snacks,NSW,Regional,2026-07-20,54,182.52,False,3.38,10.957142857142857,3.8142857142857145,0.0,30,7,-0.46472317204376806,-0.8854560256532101,56.0,61.0,55.0,53.5,8.103497187428816,2.0,5.0,63.54347826086956,56.85181086536964,53.5
STR-06,SKU-00018,Snacks,NSW,Regional,2026-07-27,44,148.72,False,3.38,11.2,4.2,0.0,31,7,-0.5680647467311556,-0.8229838658936565,54.0,56.0,42.0,53.25,8.057087976847884,2.0,5.0,63.54347826086956,55.38267664698022,53.25
STR-06,SKU-00019,Dairy,NSW,Regional,2026-06-08,73,652.62,False,8.94,13.242857142857144,1.8285714285714287,1.0,24,6,0.23931566428755768,-0.970941817426052,77.0,74.0,91.0,76.5,11.150485789118497,2.0,1.0,66.1086956521739,75.7271197954018,76.5
STR-06,SKU-00019,Dairy,NSW,Regional,2026-06-15,76,679.44,False,8.94,11.328571428571427,2.457142857142857,0.0,25,6,0.12053668025532308,-0.992708874098054,73.0,77.0,64.0,72.0,5.5976185412489095,2.0,1.0,66.1086956521739,69.5717586604101,72.0
STR-06,SKU-00019,Dairy,NSW,Regional,2026-06-22,73,652.62,False,8.94,11.9,1.1857142857142857,0.0,26,6,-3.216245299353273e-16,-1.0,76.0,73.0,74.0,75.0,1.8257418583506133,2.0,1.0,66.1086956521739,69.38049248573859,75.0
STR-06,SKU-00019,Dairy,NSW,Regional,2026-06-29,74,509.58000000000004,False,8.94,10.257142857142856,4.742857142857143,0.0,27,6,-0.12053668025532283,-0.992708874098054,73.0,76.0,77.0,74.75,2.0615528128088827,2.0,1.0,66.1086956521739,73.6351516088596,74.75
STR-06,SKU-00019,Dairy,NSW,Regional,2026-07-06,68,607.92,False,8.94,10.742857142857144,4.628571428571428,0.0,28,7,-0.23931566428755743,-0.9709418174260521,74.0,73.0,73.0,74.0,1.4142135623731718,2.0,1.0,66.1086956521739,72.87741350921142,74.0
STR-06,SKU-00019,Dairy,NSW,Regional,2026-07-13,79,706.26,False,8.94,10.485714285714286,2.642857142857143,0.0,29,7,-0.3546048870425356,-0.9350162426854148,68.0,74.0,76.0,72.75,3.403429642777054,2.0,1.0,66.1086956521739,70.29814254524875,72.75
STR-06,SKU-00019,Dairy,NSW,Regional,2026-07-20,66,590.04,False,8.94,10.957142857142857,3.8142857142857145,0.0,30,7,-0.46472317204376806,-0.8854560256532101,79.0,68.0,73.0,73.5,4.509249752822917,2.0,1.0,66.1086956521739,70.04797592775581,73.5
STR-06,SKU-00019,Dairy,NSW,Regional,2026-07-27,55,491.7,False,8.94,11.2,4.2,0.0,31,7,-0.5680647467311556,-0.8229838658936565,66.0,79.0,74.0,71.75,5.909032633745297,2.0,1.0,66.1086956521739,68.82463338506491,71.75
STR-06,SKU-00020,Household,NSW,Regional,2026-06-08,29,274.92,False,9.48,13.242857142857144,1.8285714285714287,1.0,24,6,0.23931566428755768,-0.970941817426052,25.0,37.0,34.0,32.5,5.196152422706632,2.0,3.0,33.630434782608695,32.552439311806026,32.5
STR-06,SKU-00020,Household,NSW,Regional,2026-06-15,46,436.08,False,9.48,11.328571428571427,2.457142857142857,0.0,25,6,0.12053668025532308,-0.992708874098054,29.0,25.0,34.0,31.25,5.315072906367325,2.0,3.0,33.630434782608695,32.34949113026581,31.25
STR-06,SKU-00020,Household,NSW,Regional,2026-06-22,23,218.04,False,9.48,11.9,1.1857142857142857,0.0,26,6,-3.216245299353273e-16,-1.0,46.0,29.0,37.0,34.25,9.287087810503355,2.0,3.0,33.630434782608695,33.383804271860335,34.25
STR-06,SKU-00020,Household,NSW,Regional,2026-06-29,36,341.28,False,9.48,10.257142857142856,4.742857142857143,0.0,27,6,-0.12053668025532283,-0.992708874098054,23.0,46.0,25.0,30.75,10.468205831628138,2.0,3.0,33.630434782608695,33.731250234245095,30.75
STR-06,SKU-00020,Household,NSW,Regional,2026-07-06,28,265.44,False,9.48,10.742857142857144,4.628571428571428,0.0,28,7,-0.23931566428755743,-0.9709418174260521,36.0,23.0,29.0,33.5,9.882644720249063,2.0,3.0,33.630434782608695,33.29340167420304,33.5
STR-06,SKU-00020,Household,NSW,Regional,2026-07-13,32,303.36,False,9.48,10.485714285714286,2.642857142857143,0.0,29,7,-0.3546048870425356,-0.9350162426854148,28.0,36.0,46.0,33.25,10.04572877727976,2.0,3.0,33.630434782608695,33.381052238464484,33.25
STR-06,SKU-00020,Household,NSW,Regional,2026-07-20,25,237.0,False,9.48,10.957142857142857,3.8142857142857145,0.0,30,7,-0.46472317204376806,-0.8854560256532101,32.0,28.0,23.0,29.75,5.560275772537428,2.0,3.0,33.630434782608695,32.26020018366811,29.75
STR-06,SKU-00020,Household,NSW,Regional,2026-07-27,13,123.24000000000001,False,9.48,11.2,4.2,0.0,31,7,-0.5680647467311556,-0.8229838658936565,25.0,32.0,36.0,30.25,4.787135538781692,2.0,3.0,33.630434782608695,32.824832230226995,30.25
STR-06,SKU-00021,Personal Care,NSW,Regional,2026-06-08,23,72.22,False,3.14,13.242857142857144,1.8285714285714287,1.0,24,6,0.23931566428755768,-0.970941817426052,22.0,27.0,23.0,24.75,2.6299556396765857,2.0,4.0,23.782608695652176,24.447439392918323,24.75
STR-06,SKU-00021,Personal Care,NSW,Regional,2026-06-15,18,56.52,False,3.14,11.328571428571427,2.457142857142857,0.0,25,6,0.12053668025532308,-0.992708874098054,23.0,22.0,27.0,24.75,2.6299556396765857,2.0,4.0,23.782608695652176,24.521414251758284,24.75
STR-06,SKU-00021,Personal Care,NSW,Regional,2026-06-22,34,106.75999999999999,False,3.14,11.9,1.1857142857142857,0.0,26,6,-3.216245299353273e-16,-1.0,18.0,23.0,27.0,22.5,3.6968455021364743,2.0,4.0,23.782608695652176,24.025510203304446,22.5
STR-06,SKU-00021,Personal Care,NSW,Regional,2026-06-29,25,78.5,False,3.14,10.257142857142856,4.742857142857143,0.0,27,6,-0.12053668025532283,-0.992708874098054,34.0,18.0,22.0,24.25,6.849574196011507,2.0,4.0,23.782608695652176,24.459727948319642,24.25
STR-06,SKU-00021,Personal Care,NSW,Regional,2026-07-06,31,97.34,False,3.14,10.742857142857144,4.628571428571428,0.0,28,7,-0.23931566428755743,-0.9709418174260521,25.0,34.0,23.0,25.0,6.683312551921142,2.0,4.0,23.782608695652176,24.65211506751394,25.0
STR-06,SKU-00021,Personal Care,NSW,Regional,2026-07-13,18,56.519999999999996,False,3.14,10.485714285714286,2.642857142857143,0.0,29,7,-0.3546048870425356,-0.9350162426854148,31.0,25.0,18.0,27.0,7.071067811865476,2.0,4.0,23.782608695652176,22.960080698257663,27.0
STR-06,SKU-00021,Personal Care,NSW,Regional,2026-07-20,24,75.36,False,3.14,10.957142857142857,3.8142857142857145,0.0,30,7,-0.46472317204376806,-0.8854560256532101,18.0,31.0,34.0,27.0,7.071067811865476,2.0,4.0,23.782608695652176,24.022701375649774,27.0
STR-06,SKU-00021,Personal Care,NSW,Regional,2026-07-27,18,56.519999999999996,False,3.14,11.2,4.2,0.0,31,7,-0.5680647467311556,-0.8229838658936565,24.0,18.0,25.0,24.5,5.322906474223773,2.0,4.0,23.782608695652176,24.21694438222562,24.5
STR-06,SKU-00022,Frozen,NSW,Regional,2026-06-08,76,564.6800000000001,False,7.43,13.242857142857144,1.8285714285714287,1.0,24,6,0.23931566428755768,-0.970941817426052,69.0,64.0,78.0,70.0,5.830951894845305,2.0,2.0,71.58695652173913,73.34487467225276,70.0
STR-06,SKU-00022,Frozen,NSW,Regional,2026-06-15,87,646.41,False,7.43,11.328571428571427,2.457142857142857,0.0,25,6,0.12053668025532308,-0.992708874098054,76.0,69.0,69.0,69.5,4.932882862316253,2.0,2.0,71.58695652173913,72.75528701041358,69.5
STR-06,SKU-00022,Frozen,NSW,Regional,2026-06-22,95,705.85,False,7.43,11.9,1.1857142857142857,0.0,26,6,-3.216245299353273e-16,-1.0,87.0,76.0,64.0,74.0,9.966610925150704,2.0,2.0,71.58695652173913,75.45379379761377,74.0
STR-06,SKU-00022,Frozen,NSW,Regional,2026-06-29,86,638.98,False,7.43,10.257142857142856,4.742857142857143,0.0,27,6,-0.12053668025532283,-0.992708874098054,95.0,87.0,69.0,81.75,11.528949070347512,2.0,2.0,71.58695652173913,77.2306506848066,81.75
STR-06,SKU-00022,Frozen,NSW,Regional,2026-07-06,82,609.26,False,7.43,10.742857142857144,4.628571428571428,0.0,28,7,-0.23931566428755743,-0.9709418174260521,86.0,95.0,76.0,86.0,7.78888096369862,2.0,2.0,71.58695652173913,80.78640606526494,86.0
STR-06,SKU-00022,Frozen,NSW,Regional,2026-07-13,81,601.83,False,7.43,10.485714285714286,2.642857142857143,0.0,29,7,-0.3546048870425356,-0.9350162426854148,82.0,86.0,87.0,87.5,5.446711546122739,2.0,2.0,71.58695652173913,78.02501067773345,87.5
STR-06,SKU-00022,Frozen,NSW,Regional,2026-07-20,76,564.6800000000001,False,7.43,10.957142857142857,3.8142857142857145,0.0,30,7,-0.46472317204376806,-0.8854560256532101,81.0,82.0,95.0,86.0,6.37704215656967,2.0,2.0,71.58695652173913,78.16405039238202,86.0
STR-06,SKU-00022,Frozen,NSW,Regional,2026-07-27,58,430.94,False,7.43,11.2,4.2,0.0,31,7,-0.5680647467311556,-0.8229838658936565,76.0,81.0,86.0,81.25,4.112987559751033,2.0,2.0,71.58695652173913,77.10224750072034,81.25
STR-06,SKU-00023,Beverages,NSW,Regional,2026-06-08,66,277.2,False,4.2,13.242857142857144,1.8285714285714287,1.0,24,6,0.23931566428755768,-0.970941817426052,49.0,57.0,55.0,54.0,3.464101615137752,2.0,0.0,86.93478260869566,59.14022257176271,54.0
STR-06,SKU-00023,Beverages,NSW,Regional,2026-06-15,59,247.8,False,4.2,11.328571428571427,2.457142857142857,0.0,25,6,0.12053668025532308,-0.992708874098054,66.0,49.0,55.0,56.75,7.0415433914258685,2.0,0.0,86.93478260869566,58.76235223206996,56.75
STR-06,SKU-00023,Beverages,NSW,Regional,2026-06-22,41,172.2,False,4.2,11.9,1.1857142857142857,0.0,26,6,-3.216245299353273e-16,-1.0,59.0,66.0,57.0,57.75,6.994045086119095,2.0,0.0,86.93478260869566,56.82216439540369,57.75
STR-06,SKU-00023,Beverages,NSW,Regional,2026-06-29,54,226.8,False,4.2,10.257142857142856,4.742857142857143,0.0,27,6,-0.12053668025532283,-0.992708874098054,41.0,59.0,49.0,53.75,10.996211468804457,2.0,0.0,86.93478260869566,56.38592700549474,53.75
STR-06,SKU-00023,Beverages,NSW,Regional,2026-07-06,51,214.2,False,4.2,10.742857142857144,4.628571428571428,0.0,28,7,-0.23931566428755743,-0.9709418174260521,54.0,41.0,66.0,55.0,10.551461194229608,2.0,0.0,86.93478260869566,55.10372134719011,55.0
STR-06,SKU-00023,Beverages,NSW,Regional,2026-07-13,57,239.4,False,4.2,10.485714285714286,2.642857142857143,0.0,29,7,-0.3546048870425356,-0.9350162426854148,51.0,54.0,59.0,51.25,7.588368291888139,2.0,0.0,86.93478260869566,51.76767905450505,51.25
STR-06,SKU-00023,Beverages,NSW,Regional,2026-07-20,48,201.6,False,4.2,10.957142857142857,3.8142857142857145,0.0,30,7,-0.46472317204376806,-0.8854560256532101,57.0,51.0,41.0,50.75,6.946221994724902,2.0,0.0,86.93478260869566,50.37644028817483,50.75
STR-06,SKU-00023,Beverages,NSW,Regional,2026-07-27,31,130.2,False,4.2,11.2,4.2,0.0,31,7,-0.5680647467311556,-0.8229838658936565,48.0,57.0,54.0,52.5,3.8729833462074157,2.0,0.0,86.93478260869566,52.2310684738476,52.5
STR-06,SKU-00024,Snacks,NSW,Regional,2026-06-08,61,131.15,False,2.15,13.242857142857144,1.8285714285714287,1.0,24,6,0.23931566428755768,-0.970941817426052,61.0,78.0,77.0,71.25,7.932002689527204,2.0,5.0,86.91304347826087,75.20552133995677,71.25
STR-06,SKU-00024,Snacks,NSW,Regional,2026-06-15,78,167.7,False,2.15,11.328571428571427,2.457142857142857,0.0,25,6,0.12053668025532308,-0.992708874098054,61.0,61.0,69.0,67.25,8.098353742170902,2.0,5.0,86.91304347826087,68.78736134526216,67.25
STR-06,SKU-00024,Snacks,NSW,Regional,2026-06-22,70,150.5,False,2.15,11.9,1.1857142857142857,0.0,26,6,-3.216245299353273e-16,-1.0,78.0,61.0,78.0,69.5,9.814954576223643,2.0,5.0,86.91304347826087,74.41877781603976,69.5
STR-06,SKU-00024,Snacks,NSW,Regional,2026-06-29,73,156.95,False,2.15,10.257142857142856,4.742857142857143,0.0,27,6,-0.12053668025532283,-0.992708874098054,70.0,78.0,61.0,67.5,8.185352771872457,2.0,5.0,86.91304347826087,73.65866093074708,67.5
STR-06,SKU-00024,Snacks,NSW,Regional,2026-07-06,53,113.95,False,2.15,10.742857142857144,4.628571428571428,0.0,28,7,-0.23931566428755743,-0.9709418174260521,73.0,70.0,61.0,70.5,7.1414284285428575,2.0,5.0,86.91304347826087,75.1093374042691,70.5
STR-06,SKU-00024,Snacks,NSW,Regional,2026-07-13,66,141.9,False,2.15,10.485714285714286,2.642857142857143,0.0,29,7,-0.3546048870425356,-0.9350162426854148,53.0,73.0,78.0,68.5,10.847426730181992,2.0,5.0,86.91304347826087,67.85667276629631,68.5
STR-06,SKU-00024,Snacks,NSW,Regional,2026-07-20,57,122.55,False,2.15,10.957142857142857,3.8142857142857145,0.0,30,7,-0.46472317204376806,-0.8854560256532101,66.0,53.0,70.0,65.5,8.81286937760153,2.0,5.0,86.91304347826087,67.84364493155942,65.5
STR-06,SKU-00024,Snacks,NSW,Regional,2026-07-27,39,83.85,False,2.15,11.2,4.2,0.0,31,7,-0.5680647467311556,-0.8229838658936565,57.0,66.0,73.0,62.25,8.995369179009096,2.0,5.0,86.91304347826087,67.83888178528333,62.25
STR-07,SKU-00002,Snacks,QLD,Metro,2026-06-08,67,216.41,False,3.23,20.485714285714288,4.485714285714286,1.0,24,6,0.23931566428755768,-0.970941817426052,97.0,91.0,98.0,93.25,5.188127472091125,1.0,5.0,91.82608695652173,91.16261359659387,93.25
STR-07,SKU-00002,Snacks,QLD,Metro,2026-06-15,81,261.63,False,3.23,20.17142857142857,4.914285714285714,0.0,25,6,0.12053668025532308,-0.992708874098054,67.0,97.0,87.0,85.5,13.000000000000002,1.0,5.0,91.82608695652173,84.10531960113994,85.5
STR-07,SKU-00002,Snacks,QLD,Metro,2026-06-22,77,248.71,False,3.23,19.400000000000002,4.042857142857143,0.0,26,6,-3.216245299353273e-16,-1.0,81.0,67.0,91.0,84.0,13.114877048604,1.0,5.0,91.82608695652173,80.89817385355893,84.0
STR-07,SKU-00002,Snacks,QLD,Metro,2026-06-29,90,290.7,False,3.23,20.24285714285714,5.728571428571429,0.0,27,6,-0.12053668025532283,-0.992708874098054,77.0,81.0,97.0,80.5,12.476644848141936,1.0,5.0,91.82608695652173,81.93303497145759,80.5
STR-07,SKU-00002,Snacks,QLD,Metro,2026-07-06,78,251.94,False,3.23,20.3,3.557142857142857,0.0,28,7,-0.23931566428755743,-0.9709418174260521,90.0,77.0,67.0,78.75,9.535023160258536,1.0,5.0,91.82608695652173,83.0819412478323,78.75
STR-07,SKU-00002,Snacks,QLD,Metro,2026-07-13,71,229.33,False,3.23,18.385714285714283,6.071428571428571,0.0,29,7,-0.3546048870425356,-0.9350162426854148,78.0,90.0,81.0,81.5,5.916079783099616,1.0,5.0,91.82608695652173,82.45710728867455,81.5
STR-07,SKU-00002,Snacks,QLD,Metro,2026-07-20,72,232.56,False,3.23,19.357142857142858,2.442857142857143,0.0,30,7,-0.46472317204376806,-0.8854560256532101,71.0,78.0,77.0,79.0,7.9582242575422155,1.0,5.0,91.82608695652173,77.7222994111021,79.0
STR-07,SKU-00002,Snacks,QLD,Metro,2026-07-27,57,184.10999999999999,False,3.2299999999999995,19.02,6.0200000000000005,0.0,31,7,-0.5680647467311556,-0.8229838658936565,72.0,71.0,90.0,77.75,8.732124598286491,1.0,5.0,91.82608695652173,78.79420243971387,77.75
STR-07,SKU-00003,Dairy,QLD,Metro,2026-06-08,98,858.28,False,9.98,20.485714285714288,4.485714285714286,1.0,24,6,0.23931566428755768,-0.970941817426052,115.0,115.0,291.0,157.75,88.86459737525776,1.0,1.0,111.52173913043478,107.75715518103081,157.75
STR-07,SKU-00003,Dairy,QLD,Metro,2026-06-15,119,1187.62,False,9.98,20.17142857142857,4.914285714285714,0.0,25,6,0.12053668025532308,-0.992708874098054,98.0,115.0,110.0,109.5,8.02080627701067,1.0,1.0,111.52173913043478,129.2213781659142,109.5
STR-07,SKU-00003,Dairy,QLD,Metro,2026-06-22,105,1047.9,False,9.98,19.400000000000002,4.042857142857143,0.0,26,6,-3.216245299353273e-16,-1.0,119.0,98.0,115.0,111.75,9.358596760910995,1.0,1.0,111.52173913043478,120.47328846470687,111.75
STR-07,SKU-00003,Dairy,QLD,Metro,2026-06-29,119,1187.62,False,9.98,20.24285714285714,5.728571428571429,0.0,27,6,-0.12053668025532283,-0.992708874098054,105.0,119.0,115.0,109.25,9.535023160258561,1.0,1.0,111.52173913043478,129.69868533357152,109.25
STR-07,SKU-00003,Dairy,QLD,Metro,2026-07-06,121,1207.58,False,9.98,20.3,3.557142857142857,0.0,28,7,-0.23931566428755743,-0.9709418174260521,119.0,105.0,98.0,110.25,10.500000000000023,1.0,1.0,111.52173913043478,121.91902052109577,110.25
STR-07,SKU-00003,Dairy,QLD,Metro,2026-07-13,112,1117.76,False,9.98,18.385714285714283,6.071428571428571,0.0,29,7,-0.3546048870425356,-0.9350162426854148,121.0,119.0,119.0,116.0,7.393691004272978,1.0,1.0,111.52173913043478,135.86046840599835,116.0
STR-07,SKU-00003,Dairy,QLD,Metro,2026-07-20,113,1127.74,False,9.98,19.357142857142858,2.442857142857143,0.0,30,7,-0.46472317204376806,-0.8854560256532101,112.0,121.0,105.0,114.25,7.274384280931765,1.0,1.0,111.52173913043478,118.08757799282759,114.25
STR-07,SKU-00003,Dairy,QLD,Metro,2026-07-27,79,788.4200000000001,False,9.98,19.02,6.0200000000000005,0.0,31,7,-0.5680647467311556,-0.8229838658936565,113.0,112.0,119.0,116.25,4.425306015783975,1.0,1.0,111.52173913043478,135.63867676258815,116.25
STR-07,SKU-00004,Household,QLD,Metro,2026-06-08,33,317.79,False,9.63,20.485714285714288,4.485714285714286,1.0,24,6,0.23931566428755768,-0.970941817426052,38.0,30.0,42.0,39.75,7.932002689527233,1.0,3.0,41.5,41.888113976780794,39.75
STR-07,SKU-00004,Household,QLD,Metro,2026-06-15,49,471.87,False,9.63,20.17142857142857,4.914285714285714,0.0,25,6,0.12053668025532308,-0.992708874098054,33.0,38.0,49.0,37.5,8.346656017032645,1.0,3.0,41.5,40.186669211217946,37.5
STR-07,SKU-00004,Household,QLD,Metro,2026-06-22,24,231.12,False,9.63,19.400000000000002,4.042857142857143,0.0,26,6,-3.216245299353273e-16,-1.0,49.0,33.0,30.0,37.5,8.346656017032645,1.0,3.0,41.5,40.06383936130644,37.5
STR-07,SKU-00004,Household,QLD,Metro,2026-06-29,29,279.27000000000004,False,9.63,20.24285714285714,5.728571428571429,0.0,27,6,-0.12053668025532283,-0.992708874098054,24.0,49.0,38.0,36.0,10.424330514074622,1.0,3.0,41.5,38.53679922645026,36.0
STR-07,SKU-00004,Household,QLD,Metro,2026-07-06,36,346.68,False,9.63,20.3,3.557142857142857,0.0,28,7,-0.23931566428755743,-0.9709418174260521,29.0,24.0,33.0,33.75,10.81280105553909,1.0,3.0,41.5,37.70385175607064,33.75
STR-07,SKU-00004,Household,QLD,Metro,2026-07-13,43,414.09000000000003,False,9.63,18.385714285714283,6.071428571428571,0.0,29,7,-0.3546048870425356,-0.9350162426854148,36.0,29.0,49.0,34.5,10.847426730182015,1.0,3.0,41.5,36.67549807711473,34.5
STR-07,SKU-00004,Household,QLD,Metro,2026-07-20,39,375.57,False,9.63,19.357142857142858,2.442857142857143,0.0,30,7,-0.46472317204376806,-0.8854560256532101,43.0,36.0,24.0,33.0,8.286535263104073,1.0,3.0,41.5,37.354789020022615,33.0
STR-07,SKU-00004,Household,QLD,Metro,2026-07-27,34,327.42,False,9.63,19.02,6.0200000000000005,0.0,31,7,-0.5680647467311556,-0.8229838658936565,39.0,43.0,29.0,36.75,5.909032633745331,1.0,3.0,41.5,40.528137679388756,36.75
STR-07,SKU-00005,Personal Care,QLD,Metro,2026-06-08,41,140.63,False,3.43,20.485714285714288,4.485714285714286,1.0,24,6,0.23931566428755768,-0.970941817426052,39.0,37.0,31.0,36.75,4.031128874149276,1.0,4.0,39.26086956521739,38.54978416915653,36.75
STR-07,SKU-00005,Personal Care,QLD,Metro,2026-06-15,30,102.9,False,3.43,20.17142857142857,4.914285714285714,0.0,25,6,0.12053668025532308,-0.992708874098054,41.0,39.0,40.0,39.25,1.7078251276599388,1.0,4.0,39.26086956521739,39.855636188859066,39.25
STR-07,SKU-00005,Personal Care,QLD,Metro,2026-06-22,33,113.19,False,3.43,19.400000000000002,4.042857142857143,0.0,26,6,-3.216245299353273e-16,-1.0,30.0,41.0,37.0,36.75,4.787135538781692,1.0,4.0,39.26086956521739,39.19071548892203,36.75
STR-07,SKU-00005,Personal Care,QLD,Metro,2026-06-29,43,147.49,False,3.43,20.24285714285714,5.728571428571429,0.0,27,6,-0.12053668025532283,-0.992708874098054,33.0,30.0,39.0,35.75,5.123475382979801,1.0,4.0,39.26086956521739,37.505340093166765,35.75
STR-07,SKU-00005,Personal Care,QLD,Metro,2026-07-06,35,120.05,False,3.43,20.3,3.557142857142857,0.0,28,7,-0.23931566428755743,-0.9709418174260521,43.0,33.0,41.0,36.75,6.238322424070969,1.0,4.0,39.26086956521739,38.42653351392383,36.75
STR-07,SKU-00005,Personal Care,QLD,Metro,2026-07-13,36,123.47999999999999,False,3.43,18.385714285714283,6.071428571428571,0.0,29,7,-0.3546048870425356,-0.9350162426854148,35.0,43.0,30.0,35.25,5.560275772537428,1.0,4.0,39.26086956521739,36.89562355266799,35.25
STR-07,SKU-00005,Personal Care,QLD,Metro,2026-07-20,40,137.2,False,3.43,19.357142857142858,2.442857142857143,0.0,30,7,-0.46472317204376806,-0.8854560256532101,36.0,35.0,33.0,36.75,4.349329450233299,1.0,4.0,39.26086956521739,38.08659887042261,36.75
STR-07,SKU-00005,Personal Care,QLD,Metro,2026-07-27,30,102.9,False,3.4300000000000006,19.02,6.0200000000000005,0.0,31,7,-0.5680647467311556,-0.8229838658936565,40.0,36.0,43.0,38.5,3.6968455021364757,1.0,4.0,39.26086956521739,38.64029781990388,38.5
STR-07,SKU-00006,Frozen,QLD,Metro,2026-06-08,89,699.54,False,7.86,20.485714285714288,4.485714285714286,1.0,24,6,0.23931566428755768,-0.970941817426052,88.0,84.0,73.0,83.5,7.325753658611983,1.0,2.0,79.80434782608695,84.83493147585612,83.5
STR-07,SKU-00006,Frozen,QLD,Metro,2026-06-15,82,644.52,False,7.86,20.17142857142857,4.914285714285714,0.0,25,6,0.12053668025532308,-0.992708874098054,89.0,88.0,89.0,87.5,2.3804761428476584,1.0,2.0,79.80434782608695,86.63915042155162,87.5
STR-07,SKU-00006,Frozen,QLD,Metro,2026-06-22,84,660.24,False,7.86,19.400000000000002,4.042857142857143,0.0,26,6,-3.216245299353273e-16,-1.0,82.0,89.0,84.0,85.75,3.304037933599865,1.0,2.0,79.80434782608695,83.80981895880853,85.75
STR-07,SKU-00006,Frozen,QLD,Metro,2026-06-29,86,675.96,False,7.86,20.24285714285714,5.728571428571429,0.0,27,6,-0.12053668025532283,-0.992708874098054,84.0,82.0,88.0,85.75,3.304037933599865,1.0,2.0,79.80434782608695,85.3381314442463,85.75
STR-07,SKU-00006,Frozen,QLD,Metro,2026-07-06,84,660.24,False,7.86,20.3,3.557142857142857,0.0,28,7,-0.23931566428755743,-0.9709418174260521,86.0,84.0,89.0,85.25,2.9860788111948526,1.0,2.0,79.80434782608695,83.56018004659812,85.25
STR-07,SKU-00006,Frozen,QLD,Metro,2026-07-13,82,644.52,False,7.86,18.385714285714283,6.071428571428571,0.0,29,7,-0.3546048870425356,-0.9350162426854148,84.0,86.0,82.0,84.0,1.632993161855513,1.0,2.0,79.80434782608695,83.17320848190485,84.0
STR-07,SKU-00006,Frozen,QLD,Metro,2026-07-20,93,730.98,False,7.86,19.357142857142858,2.442857142857143,0.0,30,7,-0.46472317204376806,-0.8854560256532101,82.0,84.0,84.0,84.0,1.632993161855513,1.0,2.0,79.80434782608695,81.47692014438714,84.0
STR-07,SKU-00006,Frozen,QLD,Metro,2026-07-27,57,448.02,False,7.860000000000001,19.02,6.0200000000000005,0.0,31,7,-0.5680647467311556,-0.8229838658936565,93.0,82.0,86.0,86.25,4.787135538781712,1.0,2.0,79.80434782608695,87.83278425705396,86.25
STR-07,SKU-00007,Beverages,QLD,Metro,2026-06-08,90,397.8,False,4.42,20.485714285714288,4.485714285714286,1.0,24,6,0.23931566428755768,-0.970941817426052,100.0,109.0,123.0,111.5,9.609023536933028,1.0,0.0,162.1304347826087,107.35470950985544,111.5
STR-07,SKU-00007,Beverages,QLD,Metro,2026-06-15,106,468.52000000000004,False,4.42,20.17142857142857,4.914285714285714,0.0,25,6,0.12053668025532308,-0.992708874098054,90.0,100.0,114.0,103.25,10.563301251660532,1.0,0.0,162.1304347826087,96.85919218499745,103.25
STR-07,SKU-00007,Beverages,QLD,Metro,2026-06-22,109,481.78,False,4.42,19.400000000000002,4.042857142857143,0.0,26,6,-3.216245299353273e-16,-1.0,106.0,90.0,109.0,101.25,8.381527307120082,1.0,0.0,162.1304347826087,95.50802475082439,101.25
STR-07,SKU-00007,Beverages,QLD,Metro,2026-06-29,109,481.78,False,4.42,20.24285714285714,5.728571428571429,0.0,27,6,-0.12053668025532283,-0.992708874098054,109.0,106.0,100.0,101.25,8.381527307120084,1.0,0.0,162.1304347826087,102.05811925749768,101.25
STR-07,SKU-00007,Beverages,QLD,Metro,2026-07-06,105,464.1,False,4.42,20.3,3.557142857142857,0.0,28,7,-0.23931566428755743,-0.9709418174260521,109.0,109.0,90.0,103.5,9.110433579144278,1.0,0.0,162.1304347826087,101.43537201266167,103.5
STR-07,SKU-00007,Beverages,QLD,Metro,2026-07-13,89,393.38,False,4.42,18.385714285714283,6.071428571428571,0.0,29,7,-0.3546048870425356,-0.9350162426854148,105.0,109.0,106.0,107.25,2.0615528128087406,1.0,0.0,162.1304347826087,110.33944023929008,107.25
STR-07,SKU-00007,Beverages,QLD,Metro,2026-07-20,102,450.84000000000003,False,4.42,19.357142857142858,2.442857142857143,0.0,30,7,-0.46472317204376806,-0.8854560256532101,89.0,105.0,109.0,103.0,9.521904571390447,1.0,0.0,162.1304347826087,97.65645676461538,103.0
STR-07,SKU-00007,Beverages,QLD,Metro,2026-07-27,43,190.06,False,4.42,19.02,6.0200000000000005,0.0,31,7,-0.5680647467311556,-0.8229838658936565,102.0,89.0,109.0,101.25,8.655441448399168,1.0,0.0,162.1304347826087,96.71360045154772,101.25
STR-07,SKU-00008,Snacks,QLD,Metro,2026-06-08,85,223.55,False,2.63,20.485714285714288,4.485714285714286,1.0,24,6,0.23931566428755768,-0.970941817426052,102.0,115.0,118.0,110.25,7.500000000000106,1.0,5.0,131.04347826086956,105.37244934725102,110.25
STR-07,SKU-00008,Snacks,QLD,Metro,2026-06-15,99,260.37,False,2.63,20.17142857142857,4.914285714285714,0.0,25,6,0.12053668025532308,-0.992708874098054,85.0,102.0,106.0,102.0,12.5698050899766,1.0,5.0,131.04347826086956,96.59967147896873,102.0
STR-07,SKU-00008,Snacks,QLD,Metro,2026-06-22,103,270.89,False,2.63,19.400000000000002,4.042857142857143,0.0,26,6,-3.216245299353273e-16,-1.0,99.0,85.0,115.0,100.25,12.311918344975123,1.0,5.0,131.04347826086956,99.86614942944574,100.25
STR-07,SKU-00008,Snacks,QLD,Metro,2026-06-29,99,260.37,False,2.63,20.24285714285714,5.728571428571429,0.0,27,6,-0.12053668025532283,-0.992708874098054,103.0,99.0,102.0,97.25,8.341662504161562,1.0,5.0,131.04347826086956,98.63846772294657,97.25
STR-07,SKU-00008,Snacks,QLD,Metro,2026-07-06,91,239.32999999999998,False,2.63,20.3,3.557142857142857,0.0,28,7,-0.23931566428755743,-0.9709418174260521,99.0,103.0,85.0,96.5,7.895146188218109,1.0,5.0,131.04347826086956,98.71091896336871,96.5
STR-07,SKU-00008,Snacks,QLD,Metro,2026-07-13,95,249.85,False,2.63,18.385714285714283,6.071428571428571,0.0,29,7,-0.3546048870425356,-0.9350162426854148,91.0,99.0,99.0,98.0,5.033222956847327,1.0,5.0,131.04347826086956,99.56906208505723,98.0
STR-07,SKU-00008,Snacks,QLD,Metro,2026-07-20,107,281.40999999999997,False,2.63,19.357142857142858,2.442857142857143,0.0,30,7,-0.46472317204376806,-0.8854560256532101,95.0,91.0,103.0,97.0,5.16397779494338,1.0,5.0,131.04347826086956,97.89919437942959,97.0
STR-07,SKU-00008,Snacks,QLD,Metro,2026-07-27,76,199.88,False,2.63,19.02,6.0200000000000005,0.0,31,7,-0.5680647467311556,-0.8229838658936565,107.0,95.0,99.0,98.0,6.831300510639851,1.0,5.0,131.04347826086956,98.16703618157784,98.0
STR-07,SKU-00010,Household,QLD,Metro,2026-06-08,74,600.14,False,8.11,20.485714285714288,4.485714285714286,1.0,24,6,0.23931566428755768,-0.970941817426052,50.0,73.0,65.0,60.5,10.472185381603335,1.0,3.0,53.47826086956522,56.12967382883213,60.5
STR-07,SKU-00010,Household,QLD,Metro,2026-06-15,66,535.26,False,8.11,20.17142857142857,4.914285714285714,0.0,25,6,0.12053668025532308,-0.992708874098054,74.0,50.0,54.0,62.75,12.526638282742365,1.0,3.0,53.47826086956522,57.85219434351235,62.75
STR-07,SKU-00010,Household,QLD,Metro,2026-06-22,52,421.72,False,8.11,19.400000000000002,4.042857142857143,0.0,26,6,-3.216245299353273e-16,-1.0,66.0,74.0,73.0,65.75,11.086778913041721,1.0,3.0,53.47826086956522,58.03314583216859,65.75
STR-07,SKU-00010,Household,QLD,Metro,2026-06-29,46,373.06,False,8.11,20.24285714285714,5.728571428571429,0.0,27,6,-0.12053668025532283,-0.992708874098054,52.0,66.0,50.0,60.5,11.474609652039002,1.0,3.0,53.47826086956522,55.534048070393276,60.5
STR-07,SKU-00010,Household,QLD,Metro,2026-07-06,50,405.5,False,8.11,20.3,3.557142857142857,0.0,28,7,-0.23931566428755743,-0.9709418174260521,46.0,52.0,74.0,59.5,12.793227374930323,1.0,3.0,53.47826086956522,54.73274588719436,59.5
STR-07,SKU-00010,Household,QLD,Metro,2026-07-13,61,494.71,False,8.11,18.385714285714283,6.071428571428571,0.0,29,7,-0.3546048870425356,-0.9350162426854148,50.0,46.0,66.0,53.5,8.698658900466587,1.0,3.0,53.47826086956522,51.90554670709421,53.5
STR-07,SKU-00010,Household,QLD,Metro,2026-07-20,48,389.28,False,8.11,19.357142857142858,2.442857142857143,0.0,30,7,-0.46472317204376806,-0.8854560256532101,61.0,50.0,52.0,52.25,6.344288770224753,1.0,3.0,53.47826086956522,53.60040378284652,52.25
STR-07,SKU-00010,Household,QLD,Metro,2026-07-27,45,364.95,False,8.11,19.02,6.0200000000000005,0.0,31,7,-0.5680647467311556,-0.8229838658936565,48.0,61.0,46.0,51.25,6.70198975429436,1.0,3.0,53.47826086956522,52.357502224988686,51.25
STR-07,SKU-00012,Frozen,QLD,Metro,2026-06-08,110,565.4,True,5.14,20.485714285714288,4.485714285714286,1.0,24,6,0.23931566428755768,-0.970941817426052,93.0,102.0,90.0,93.5,5.91607978309965,1.0,2.0,82.76086956521739,95.10655455358398,93.5
STR-07,SKU-00012,Frozen,QLD,Metro,2026-06-15,91,467.74,False,5.14,20.17142857142857,4.914285714285714,0.0,25,6,0.12053668025532308,-0.992708874098054,110.0,93.0,89.0,98.5,9.39858145324781,1.0,2.0,82.76086956521739,92.43521950839107,98.5
STR-07,SKU-00012,Frozen,QLD,Metro,2026-06-22,102,524.28,False,5.14,19.400000000000002,4.042857142857143,0.0,26,6,-3.216245299353273e-16,-1.0,91.0,110.0,102.0,99.0,8.755950357709153,1.0,2.0,82.76086956521739,90.39779132278264,99.0
STR-07,SKU-00012,Frozen,QLD,Metro,2026-06-29,104,534.56,False,5.14,20.24285714285714,5.728571428571429,0.0,27,6,-0.12053668025532283,-0.992708874098054,102.0,91.0,93.0,99.0,8.755950357709153,1.0,2.0,82.76086956521739,92.51744726764397,99.0
STR-07,SKU-00012,Frozen,QLD,Metro,2026-07-06,105,539.6999999999999,False,5.14,20.3,3.557142857142857,0.0,28,7,-0.23931566428755743,-0.9709418174260521,104.0,102.0,110.0,101.75,7.93200268952722,1.0,2.0,82.76086956521739,97.00604672446724,101.75
STR-07,SKU-00012,Frozen,QLD,Metro,2026-07-13,109,560.26,False,5.14,18.385714285714283,6.071428571428571,0.0,29,7,-0.3546048870425356,-0.9350162426854148,105.0,104.0,91.0,100.5,6.454972243679058,1.0,2.0,82.76086956521739,93.19418186257145,100.5
STR-07,SKU-00012,Frozen,QLD,Metro,2026-07-20,90,462.59999999999997,False,5.14,19.357142857142858,2.442857142857143,0.0,30,7,-0.46472317204376806,-0.8854560256532101,109.0,105.0,102.0,105.0,2.94392028877601,1.0,2.0,82.76086956521739,98.63613462056263,105.0
STR-07,SKU-00012,Frozen,QLD,Metro,2026-07-27,61,313.53999999999996,False,5.14,19.02,6.0200000000000005,0.0,31,7,-0.5680647467311556,-0.8229838658936565,90.0,109.0,104.0,102.0,8.286535263104057,1.0,2.0,82.76086956521739,92.02337249876352,102.0
STR-07,SKU-00013,Beverages,QLD,Metro,2026-06-08,107,529.65,False,4.95,20.485714285714288,4.485714285714286,1.0,24,6,0.23931566428755768,-0.970941817426052,125.0,151.0,133.0,135.25,11.086778913041762,1.0,0.0,188.67391304347825,135.0256498573842,135.25
STR-07,SKU-00013,Beverages,QLD,Metro,2026-06-15,121,598.95,False,4.95,20.17142857142857,4.914285714285714,0.0,25,6,0.12053668025532308,-0.992708874098054,107.0,125.0,132.0,128.75,18.191115047370445,1.0,0.0,188.67391304347825,122.71248156537783,128.75
STR-07,SKU-00013,Beverages,QLD,Metro,2026-06-22,109,539.55,False,4.95,19.400000000000002,4.042857142857143,0.0,26,6,-3.216245299353273e-16,-1.0,121.0,107.0,151.0,126.0,18.366636418607904,1.0,0.0,188.67391304347825,123.15105796637451,126.0
STR-07,SKU-00013,Beverages,QLD,Metro,2026-06-29,115,569.25,False,4.95,20.24285714285714,5.728571428571429,0.0,27,6,-0.12053668025532283,-0.992708874098054,109.0,121.0,125.0,115.5,8.850612031567882,1.0,0.0,188.67391304347825,116.64989680281472,115.5
STR-07,SKU-00013,Beverages,QLD,Metro,2026-07-06,105,519.75,False,4.95,20.3,3.557142857142857,0.0,28,7,-0.23931566428755743,-0.9709418174260521,115.0,109.0,107.0,113.0,6.324555320336824,1.0,0.0,188.67391304347825,116.50282463117715,113.0
STR-07,SKU-00013,Beverages,QLD,Metro,2026-07-13,102,504.9,False,4.95,18.385714285714283,6.071428571428571,0.0,29,7,-0.3546048870425356,-0.9350162426854148,105.0,115.0,121.0,112.5,7.000000000000059,1.0,0.0,188.67391304347825,117.82291319187017,112.5
STR-07,SKU-00013,Beverages,QLD,Metro,2026-07-20,101,420.75,False,4.95,19.357142857142858,2.442857142857143,0.0,30,7,-0.46472317204376806,-0.8854560256532101,102.0,105.0,109.0,107.75,5.6199051000291975,1.0,0.0,188.67391304347825,112.59733932667959,107.75
STR-07,SKU-00013,Beverages,QLD,Metro,2026-07-27,73,361.35,False,4.95,19.02,6.0200000000000005,0.0,31,7,-0.5680647467311556,-0.8229838658936565,101.0,102.0,115.0,105.75,6.396613687465228,1.0,0.0,188.67391304347825,111.04069149867952,105.75
STR-07,SKU-00014,Snacks,QLD,Metro,2026-06-08,93,673.3199999999999,False,7.24,20.485714285714288,4.485714285714286,1.0,24,6,0.23931566428755768,-0.970941817426052,58.0,79.0,68.0,69.5,8.888194417315587,1.0,5.0,78.91304347826087,71.05075620025382,69.5
STR-07,SKU-00014,Snacks,QLD,Metro,2026-06-15,73,528.52,False,7.24,20.17142857142857,4.914285714285714,0.0,25,6,0.12053668025532308,-0.992708874098054,93.0,58.0,73.0,75.75,14.499999999999998,1.0,5.0,78.91304347826087,75.10962538380385,75.75
STR-07,SKU-00014,Snacks,QLD,Metro,2026-06-22,68,492.32,False,7.24,19.400000000000002,4.042857142857143,0.0,26,6,-3.216245299353273e-16,-1.0,73.0,93.0,79.0,75.75,14.499999999999998,1.0,5.0,78.91304347826087,75.72332973712709,75.75
STR-07,SKU-00014,Snacks,QLD,Metro,2026-06-29,65,470.6,False,7.24,20.24285714285714,5.728571428571429,0.0,27,6,-0.12053668025532283,-0.992708874098054,68.0,73.0,58.0,73.0,14.719601443879743,1.0,5.0,78.91304347826087,74.11633608118784,73.0
STR-07,SKU-00014,Snacks,QLD,Metro,2026-07-06,68,492.32,False,7.24,20.3,3.557142857142857,0.0,28,7,-0.23931566428755743,-0.9709418174260521,65.0,68.0,93.0,74.75,12.606215398233786,1.0,5.0,78.91304347826087,73.9900997096437,74.75
STR-07,SKU-00014,Snacks,QLD,Metro,2026-07-13,70,506.8,False,7.24,18.385714285714283,6.071428571428571,0.0,29,7,-0.3546048870425356,-0.9350162426854148,68.0,65.0,73.0,68.5,3.316624790355398,1.0,5.0,78.91304347826087,70.9420888538822,68.5
STR-07,SKU-00014,Snacks,QLD,Metro,2026-07-20,51,369.24,False,7.24,19.357142857142858,2.442857142857143,0.0,30,7,-0.46472317204376806,-0.8854560256532101,70.0,68.0,68.0,67.75,2.0615528128088276,1.0,5.0,78.91304347826087,70.61719220320937,67.75
STR-07,SKU-00014,Snacks,QLD,Metro,2026-07-27,44,318.56,False,7.24,19.02,6.0200000000000005,0.0,31,7,-0.5680647467311556,-0.8229838658936565,51.0,70.0,65.0,63.5,8.582928793055823,1.0,5.0,78.91304347826087,66.05626003963124,63.5
STR-07,SKU-00016,Household,QLD,Metro,2026-06-08,42,146.16,False,3.48,20.485714285714288,4.485714285714286,1.0,24,6,0.23931566428755768,-0.970941817426052,43.0,48.0,47.0,46.5,2.3804761428476215,1.0,3.0,45.45652173913044,46.76229100724585,46.5
STR-07,SKU-00016,Household,QLD,Metro,2026-06-15,55,191.39999999999998,False,3.48,20.17142857142857,4.914285714285714,0.0,25,6,0.12053668025532308,-0.992708874098054,42.0,43.0,48.0,45.25,3.2015621187164287,1.0,3.0,45.45652173913044,46.383740203241764,45.25
STR-07,SKU-00016,Household,QLD,Metro,2026-06-22,51,177.48,False,3.48,19.400000000000002,4.042857142857143,0.0,26,6,-3.216245299353273e-16,-1.0,55.0,42.0,48.0,47.0,5.944184833375671,1.0,3.0,45.45652173913044,47.298437172751306,47.0
STR-07,SKU-00016,Household,QLD,Metro,2026-06-29,40,139.2,False,3.48,20.24285714285714,5.728571428571429,0.0,27,6,-0.12053668025532283,-0.992708874098054,51.0,55.0,43.0,47.75,6.291528696058959,1.0,3.0,45.45652173913044,47.38527742955805,47.75
STR-07,SKU-00016,Household,QLD,Metro,2026-07-06,55,191.39999999999998,False,3.48,20.3,3.557142857142857,0.0,28,7,-0.23931566428755743,-0.9709418174260521,40.0,51.0,42.0,47.0,7.164728420068227,1.0,3.0,45.45652173913044,46.66560839148185,47.0
STR-07,SKU-00016,Household,QLD,Metro,2026-07-13,33,114.84,False,3.48,18.385714285714283,6.071428571428571,0.0,29,7,-0.3546048870425356,-0.9350162426854148,55.0,40.0,55.0,50.25,7.0887234393789145,1.0,3.0,45.45652173913044,47.487554893931936,50.25
STR-07,SKU-00016,Household,QLD,Metro,2026-07-20,53,184.44,False,3.48,19.357142857142858,2.442857142857143,0.0,30,7,-0.46472317204376806,-0.8854560256532101,33.0,55.0,51.0,44.75,10.078855755160571,1.0,3.0,45.45652173913044,45.07080631058321,44.75
STR-07,SKU-00016,Household,QLD,Metro,2026-07-27,33,114.84,False,3.4799999999999995,19.02,6.0200000000000005,0.0,31,7,-0.5680647467311556,-0.8229838658936565,53.0,33.0,40.0,45.25,10.531698185319721,1.0,3.0,45.45652173913044,44.94131042616701,45.25
STR-07,SKU-00017,Beverages,QLD,Metro,2026-06-08,88,329.12,False,3.7399999999999998,20.485714285714288,4.485714285714286,1.0,24,6,0.23931566428755768,-0.970941817426052,100.0,98.0,133.0,108.75,16.357974609753306,1.0,0.0,155.7173913043478,103.93509434068999,108.75
STR-07,SKU-00017,Beverages,QLD,Metro,2026-06-15,103,385.21999999999997,False,3.7399999999999998,20.17142857142857,4.914285714285714,0.0,25,6,0.12053668025532308,-0.992708874098054,88.0,100.0,104.0,97.5,6.806859285554079,1.0,0.0,155.7173913043478,93.85724677411825,97.5
STR-07,SKU-00017,Beverages,QLD,Metro,2026-06-22,109,407.65999999999997,False,3.7399999999999998,19.400000000000002,4.042857142857143,0.0,26,6,-3.216245299353273e-16,-1.0,103.0,88.0,98.0,97.25,6.500000000000035,1.0,0.0,155.7173913043478,91.08131593536692,97.25
STR-07,SKU-00017,Beverages,QLD,Metro,2026-06-29,90,336.6,False,3.7399999999999998,20.24285714285714,5.728571428571429,0.0,27,6,-0.12053668025532283,-0.992708874098054,109.0,103.0,100.0,100.0,8.831760866327873,1.0,0.0,155.7173913043478,95.25393380031691,100.0
STR-07,SKU-00017,Beverages,QLD,Metro,2026-07-06,98,366.52,False,3.7399999999999998,20.3,3.557142857142857,0.0,28,7,-0.23931566428755743,-0.9709418174260521,90.0,109.0,88.0,97.5,10.148891565092242,1.0,0.0,155.7173913043478,94.46899531870748,97.5
STR-07,SKU-00017,Beverages,QLD,Metro,2026-07-13,76,284.24,False,3.7399999999999998,18.385714285714283,6.071428571428571,0.0,29,7,-0.3546048870425356,-0.9350162426854148,98.0,90.0,103.0,100.0,8.041558721209906,1.0,0.0,155.7173913043478,93.04072740778494,100.0
STR-07,SKU-00017,Beverages,QLD,Metro,2026-07-20,90,336.6,False,3.7399999999999998,19.357142857142858,2.442857142857143,0.0,30,7,-0.46472317204376806,-0.8854560256532101,76.0,98.0,109.0,93.25,13.889444433333793,1.0,0.0,155.7173913043478,86.96853362340403,93.25
STR-07,SKU-00017,Beverages,QLD,Metro,2026-07-27,67,250.58,False,3.7400000000000007,19.02,6.0200000000000005,0.0,31,7,-0.5680647467311556,-0.8229838658936565,90.0,76.0,90.0,88.5,9.14694848934152,1.0,0.0,155.7173913043478,88.90566297686388,88.5
STR-07,SKU-00018,Snacks,QLD,Metro,2026-06-08,101,341.38,False,3.38,20.485714285714288,4.485714285714286,1.0,24,6,0.23931566428755768,-0.970941817426052,134.0,111.0,116.0,119.0,10.230672835481863,1.0,5.0,132.3913043478261,114.36722398147188,119.0
STR-07,SKU-00018,Snacks,QLD,Metro,2026-06-15,128,432.64,False,3.38,20.17142857142857,4.914285714285714,0.0,25,6,0.12053668025532308,-0.992708874098054,101.0,134.0,115.0,115.25,13.817259737975055,1.0,5.0,132.3913043478261,107.60174218809465,115.25
STR-07,SKU-00018,Snacks,QLD,Metro,2026-06-22,124,419.12,False,3.38,19.400000000000002,4.042857142857143,0.0,26,6,-3.216245299353273e-16,-1.0,128.0,101.0,111.0,118.5,15.198684153570658,1.0,5.0,132.3913043478261,113.84806505929637,118.5
STR-07,SKU-00018,Snacks,QLD,Metro,2026-06-29,124,419.12,False,3.38,20.24285714285714,5.728571428571429,0.0,27,6,-0.12053668025532283,-0.992708874098054,124.0,128.0,134.0,121.75,14.430869689661806,1.0,5.0,132.3913043478261,111.69479487022431,121.75
STR-07,SKU-00018,Snacks,QLD,Metro,2026-07-06,110,371.8,False,3.38,20.3,3.557142857142857,0.0,28,7,-0.23931566428755743,-0.9709418174260521,124.0,124.0,101.0,119.25,12.311918344975052,1.0,5.0,132.3913043478261,113.51056092762855,119.25
STR-07,SKU-00018,Snacks,QLD,Metro,2026-07-13,107,361.65999999999997,False,3.38,18.385714285714283,6.071428571428571,0.0,29,7,-0.3546048870425356,-0.9350162426854148,110.0,124.0,128.0,121.5,7.895146188218,1.0,5.0,132.3913043478261,114.45242853437678,121.5
STR-07,SKU-00018,Snacks,QLD,Metro,2026-07-20,114,385.32,False,3.38,19.357142857142858,2.442857142857143,0.0,30,7,-0.46472317204376806,-0.8854560256532101,107.0,110.0,124.0,116.25,9.03234926989281,1.0,5.0,132.3913043478261,111.85996174341597,116.25
STR-07,SKU-00018,Snacks,QLD,Metro,2026-07-27,77,260.26,False,3.38,19.02,6.0200000000000005,0.0,31,7,-0.5680647467311556,-0.8229838658936565,114.0,107.0,124.0,113.75,7.41057802513856,1.0,5.0,132.3913043478261,114.11414953687861,113.75
STR-07,SKU-00019,Dairy,QLD,Metro,2026-06-08,96,858.24,False,8.94,20.485714285714288,4.485714285714286,1.0,24,6,0.23931566428755768,-0.970941817426052,92.0,67.0,83.0,79.5,10.598742063723094,1.0,1.0,79.04347826086956,80.77600732126811,79.5
STR-07,SKU-00019,Dairy,QLD,Metro,2026-06-15,93,831.42,False,8.94,20.17142857142857,4.914285714285714,0.0,25,6,0.12053668025532308,-0.992708874098054,96.0,92.0,76.0,82.75,13.598406769422166,1.0,1.0,79.04347826086956,85.13420807083197,82.75
STR-07,SKU-00019,Dairy,QLD,Metro,2026-06-22,95,849.3,False,8.94,19.400000000000002,4.042857142857143,0.0,26,6,-3.216245299353273e-16,-1.0,93.0,96.0,67.0,87.0,13.441230102437299,1.0,1.0,79.04347826086956,82.66245940161127,87.0
STR-07,SKU-00019,Dairy,QLD,Metro,2026-06-29,101,902.94,False,8.94,20.24285714285714,5.728571428571429,0.0,27,6,-0.12053668025532283,-0.992708874098054,95.0,93.0,92.0,94.0,1.8257418583505187,1.0,1.0,79.04347826086956,86.68386839563529,94.0
STR-07,SKU-00019,Dairy,QLD,Metro,2026-07-06,99,885.06,False,8.94,20.3,3.557142857142857,0.0,28,7,-0.23931566428755743,-0.9709418174260521,101.0,95.0,96.0,96.25,3.4034296427770028,1.0,1.0,79.04347826086956,85.85833004809889,96.25
STR-07,SKU-00019,Dairy,QLD,Metro,2026-07-13,84,750.9599999999999,False,8.94,18.385714285714283,6.071428571428571,0.0,29,7,-0.3546048870425356,-0.9350162426854148,99.0,101.0,93.0,97.0,3.6514837167010894,1.0,1.0,79.04347826086956,88.12896756994071,97.0
STR-07,SKU-00019,Dairy,QLD,Metro,2026-07-20,80,715.2,False,8.94,19.357142857142858,2.442857142857143,0.0,30,7,-0.46472317204376806,-0.8854560256532101,84.0,99.0,95.0,94.75,7.5883682918881314,1.0,1.0,79.04347826086956,84.65307229015549,94.75
STR-07,SKU-00019,Dairy,QLD,Metro,2026-07-27,54,482.76,False,8.94,19.02,6.0200000000000005,0.0,31,7,-0.5680647467311556,-0.8229838658936565,80.0,84.0,101.0,91.0,10.551461194229603,1.0,1.0,79.04347826086956,80.11302576945721,91.0
STR-07,SKU-00020,Household,QLD,Metro,2026-06-08,62,587.76,False,9.48,20.485714285714288,4.485714285714286,1.0,24,6,0.23931566428755768,-0.970941817426052,78.0,64.0,83.0,71.5,10.661457061146319,1.0,3.0,81.15217391304348,77.07249367078342,71.5
STR-07,SKU-00020,Household,QLD,Metro,2026-06-15,70,663.6,False,9.48,20.17142857142857,4.914285714285714,0.0,25,6,0.12053668025532308,-0.992708874098054,62.0,78.0,61.0,66.25,7.9320026895272,1.0,3.0,81.15217391304348,81.93190932948669,66.25
STR-07,SKU-00020,Household,QLD,Metro,2026-06-22,72,682.56,False,9.48,19.400000000000002,4.042857142857143,0.0,26,6,-3.216245299353273e-16,-1.0,70.0,62.0,64.0,68.5,7.187952884282612,1.0,3.0,81.15217391304348,73.72342140570377,68.5
STR-07,SKU-00020,Household,QLD,Metro,2026-06-29,76,720.48,False,9.48,20.24285714285714,5.728571428571429,0.0,27,6,-0.12053668025532283,-0.992708874098054,72.0,70.0,78.0,70.5,6.608075867199674,1.0,3.0,81.15217391304348,88.22288187628648,70.5
STR-07,SKU-00020,Household,QLD,Metro,2026-07-06,71,673.08,False,9.48,20.3,3.557142857142857,0.0,28,7,-0.23931566428755743,-0.9709418174260521,76.0,72.0,62.0,70.0,5.887840577551903,1.0,3.0,81.15217391304348,77.27850649073538,70.0
STR-07,SKU-00020,Household,QLD,Metro,2026-07-13,60,568.8,False,9.48,18.385714285714283,6.071428571428571,0.0,29,7,-0.3546048870425356,-0.9350162426854148,71.0,76.0,70.0,72.25,2.629955639676592,1.0,3.0,81.15217391304348,88.75722173216468,72.25
STR-07,SKU-00020,Household,QLD,Metro,2026-07-20,82,777.3599999999999,False,9.48,19.357142857142858,2.442857142857143,0.0,30,7,-0.46472317204376806,-0.8854560256532101,60.0,71.0,72.0,69.75,6.84957419601151,1.0,3.0,81.15217391304348,74.12508570647749,69.75
STR-07,SKU-00020,Household,QLD,Metro,2026-07-27,58,549.84,False,9.48,19.02,6.0200000000000005,0.0,31,7,-0.5680647467311556,-0.8229838658936565,82.0,60.0,76.0,72.25,9.322910847298,1.0,3.0,81.15217391304348,80.03059350658961,72.25
STR-07,SKU-00021,Personal Care,QLD,Metro,2026-06-08,28,87.92,False,3.14,20.485714285714288,4.485714285714286,1.0,24,6,0.23931566428755768,-0.970941817426052,36.0,34.0,49.0,35.75,10.275375094532235,1.0,4.0,34.891304347826086,35.546052804472446,35.75
STR-07,SKU-00021,Personal Care,QLD,Metro,2026-06-15,31,97.34,False,3.14,20.17142857142857,4.914285714285714,0.0,25,6,0.12053668025532308,-0.992708874098054,28.0,36.0,24.0,30.5,5.507570547286101,1.0,4.0,34.891304347826086,34.506094825511646,30.5
STR-07,SKU-00021,Personal Care,QLD,Metro,2026-06-22,39,122.46000000000001,False,3.14,19.400000000000002,4.042857142857143,0.0,26,6,-3.216245299353273e-16,-1.0,31.0,28.0,34.0,32.25,3.5,1.0,4.0,34.891304347826086,34.69988527118385,32.25
STR-07,SKU-00021,Personal Care,QLD,Metro,2026-06-29,39,122.46000000000001,False,3.14,20.24285714285714,5.728571428571429,0.0,27,6,-0.12053668025532283,-0.992708874098054,39.0,31.0,36.0,33.5,4.932882862316247,1.0,4.0,34.891304347826086,35.52534368984298,33.5
STR-07,SKU-00021,Personal Care,QLD,Metro,2026-07-06,32,100.48,False,3.14,20.3,3.557142857142857,0.0,28,7,-0.23931566428755743,-0.9709418174260521,39.0,39.0,28.0,34.25,5.619905100029122,1.0,4.0,34.891304347826086,33.94941796167255,34.25
STR-07,SKU-00021,Personal Care,QLD,Metro,2026-07-13,28,87.92,False,3.14,18.385714285714283,6.071428571428571,0.0,29,7,-0.3546048870425356,-0.9350162426854148,32.0,39.0,31.0,35.25,4.349329450233296,1.0,4.0,34.891304347826086,35.94018919588971,35.25
STR-07,SKU-00021,Personal Care,QLD,Metro,2026-07-20,59,185.26,False,3.14,19.357142857142858,2.442857142857143,0.0,30,7,-0.46472317204376806,-0.8854560256532101,28.0,32.0,39.0,34.5,5.44671154612273,1.0,4.0,34.891304347826086,33.65676491004658,34.5
STR-07,SKU-00021,Personal Care,QLD,Metro,2026-07-27,29,91.06,False,3.14,19.02,6.0200000000000005,0.0,31,7,-0.5680647467311556,-0.8229838658936565,59.0,28.0,39.0,39.5,13.771952173409064,1.0,4.0,34.891304347826086,37.38853118865115,39.5
STR-07,SKU-00022,Frozen,QLD,Metro,2026-06-08,82,609.26,False,7.43,20.485714285714288,4.485714285714286,1.0,24,6,0.23931566428755768,-0.970941817426052,76.0,88.0,65.0,74.75,9.91211380079951,1.0,2.0,56.369565217391305,70.16465064177572,74.75
STR-07,SKU-00022,Frozen,QLD,Metro,2026-06-15,71,527.53,False,7.43,20.17142857142857,4.914285714285714,0.0,25,6,0.12053668025532308,-0.992708874098054,82.0,76.0,70.0,79.0,7.745966692414839,1.0,2.0,56.369565217391305,70.58207258840848,79.0
STR-07,SKU-00022,Frozen,QLD,Metro,2026-06-22,61,453.23,False,7.43,19.400000000000002,4.042857142857143,0.0,26,6,-3.216245299353273e-16,-1.0,71.0,82.0,88.0,79.25,7.365459931328124,1.0,2.0,56.369565217391305,71.27055429734442,79.25
STR-07,SKU-00022,Frozen,QLD,Metro,2026-06-29,68,505.24,False,7.43,20.24285714285714,5.728571428571429,0.0,27,6,-0.12053668025532283,-0.992708874098054,61.0,71.0,76.0,72.5,8.888194417315592,1.0,2.0,56.369565217391305,65.41476581081221,72.5
STR-07,SKU-00022,Frozen,QLD,Metro,2026-07-06,82,520.1,False,7.43,20.3,3.557142857142857,0.0,28,7,-0.23931566428755743,-0.9709418174260521,68.0,61.0,82.0,70.5,8.736894948054108,1.0,2.0,56.369565217391305,65.98776217435451,70.5
STR-07,SKU-00022,Frozen,QLD,Metro,2026-07-13,63,468.09,False,7.43,18.385714285714283,6.071428571428571,0.0,29,7,-0.3546048870425356,-0.9350162426854148,82.0,68.0,71.0,70.5,8.736894948054108,1.0,2.0,56.369565217391305,65.89116900931663,70.5
STR-07,SKU-00022,Frozen,QLD,Metro,2026-07-20,79,586.97,False,7.43,19.357142857142858,2.442857142857143,0.0,30,7,-0.46472317204376806,-0.8854560256532101,63.0,82.0,61.0,68.5,9.469248474227863,1.0,2.0,56.369565217391305,63.11103003371353,68.5
STR-07,SKU-00022,Frozen,QLD,Metro,2026-07-27,41,304.63,False,7.43,19.02,6.0200000000000005,0.0,31,7,-0.5680647467311556,-0.8229838658936565,79.0,63.0,68.0,73.0,8.981462390204989,1.0,2.0,56.369565217391305,65.42014641060553,73.0
STR-07,SKU-00023,Beverages,QLD,Metro,2026-06-08,128,537.6,False,4.2,20.485714285714288,4.485714285714286,1.0,24,6,0.23931566428755768,-0.970941817426052,153.0,131.0,145.0,145.5,10.376254944182286,1.0,0.0,185.6086956521739,136.62222702746018,145.5
STR-07,SKU-00023,Beverages,QLD,Metro,2026-06-15,108,352.8,False,4.2,20.17142857142857,4.914285714285714,0.0,25,6,0.12053668025532308,-0.992708874098054,128.0,153.0,153.0,141.25,13.622897391279652,1.0,0.0,185.6086956521739,136.5381240723847,141.25
STR-07,SKU-00023,Beverages,QLD,Metro,2026-06-22,107,449.4,False,4.2,19.400000000000002,4.042857142857143,0.0,26,6,-3.216245299353273e-16,-1.0,108.0,128.0,131.0,130.0,18.421002506197485,1.0,0.0,185.6086956521739,121.06543445250371,130.0
STR-07,SKU-00023,Beverages,QLD,Metro,2026-06-29,111,466.2,False,4.2,20.24285714285714,5.728571428571429,0.0,27,6,-0.12053668025532283,-0.992708874098054,107.0,108.0,153.0,124.0,21.617893822787963,1.0,0.0,185.6086956521739,123.94214412814377,124.0
STR-07,SKU-00023,Beverages,QLD,Metro,2026-07-06,117,491.40000000000003,False,4.2,20.3,3.557142857142857,0.0,28,7,-0.23931566428755743,-0.9709418174260521,111.0,107.0,128.0,113.5,9.814954576223666,1.0,0.0,185.6086956521739,115.95954637764231,113.5
STR-07,SKU-00023,Beverages,QLD,Metro,2026-07-13,88,369.6,False,4.2,18.385714285714283,6.071428571428571,0.0,29,7,-0.3546048870425356,-0.9350162426854148,117.0,111.0,108.0,110.75,4.500000000000063,1.0,0.0,185.6086956521739,119.34410746888229,110.75
STR-07,SKU-00023,Beverages,QLD,Metro,2026-07-20,100,420.0,False,4.2,19.357142857142858,2.442857142857143,0.0,30,7,-0.46472317204376806,-0.8854560256532101,88.0,117.0,107.0,105.75,12.526638282742391,1.0,0.0,185.6086956521739,110.10695611849161,105.75
STR-07,SKU-00023,Beverages,QLD,Metro,2026-07-27,73,306.6,False,4.2,19.02,6.0200000000000005,0.0,31,7,-0.5680647467311556,-0.8229838658936565,100.0,88.0,111.0,104.0,12.780193008453898,1.0,0.0,185.6086956521739,104.98498087935948,104.0
STR-08,SKU-00001,Beverages,WA,Express,2026-06-08,39,125.58000000000001,False,3.22,14.785714285714286,2.042857142857143,1.0,24,6,0.23931566428755768,-0.970941817426052,38.0,41.0,50.0,41.25,6.184658438426495,0.0,0.0,58.21739130434783,47.634856311422894,41.25
STR-08,SKU-00001,Beverages,WA,Express,2026-06-15,35,112.7,False,3.22,13.314285714285715,1.5142857142857142,0.0,25,6,0.12053668025532308,-0.992708874098054,39.0,38.0,36.0,38.5,2.081665999466147,0.0,0.0,58.21739130434783,41.021046780540594,38.5
STR-08,SKU-00001,Beverages,WA,Express,2026-06-22,41,132.02,False,3.22,14.657142857142857,2.257142857142857,0.0,26,6,-3.216245299353273e-16,-1.0,35.0,39.0,41.0,38.25,2.500000000000012,0.0,0.0,58.21739130434783,41.39896000672006,38.25
STR-08,SKU-00001,Beverages,WA,Express,2026-06-29,38,122.36,False,3.22,14.257142857142856,0.9571428571428572,0.0,27,6,-0.12053668025532283,-0.992708874098054,41.0,35.0,38.0,38.25,2.500000000000012,0.0,0.0,58.21739130434783,40.65180942332368,38.25
STR-08,SKU-00001,Beverages,WA,Express,2026-07-06,30,96.6,False,3.22,12.757142857142856,2.4714285714285715,0.0,28,7,-0.23931566428755743,-0.9709418174260521,38.0,41.0,39.0,38.25,2.500000000000012,0.0,0.0,58.21739130434783,41.386412914177505,38.25
STR-08,SKU-00001,Beverages,WA,Express,2026-07-13,29,93.38000000000001,False,3.22,14.114285714285714,1.6142857142857143,0.0,29,7,-0.3546048870425356,-0.9350162426854148,30.0,38.0,35.0,36.0,4.690415759823436,0.0,0.0,58.21739130434783,38.33910212005186,36.0
STR-08,SKU-00001,Beverages,WA,Express,2026-07-20,27,86.94,False,3.22,13.87142857142857,2.1714285714285717,0.0,30,7,-0.46472317204376806,-0.8854560256532101,29.0,30.0,41.0,34.5,5.916079783099621,0.0,0.0,58.21739130434783,37.789422319009056,34.5
STR-08,SKU-00001,Beverages,WA,Express,2026-07-27,25,80.5,False,3.22,15.059999999999999,2.4,0.0,31,7,-0.5680647467311556,-0.8229838658936565,27.0,29.0,38.0,31.0,4.830458915396487,0.0,0.0,58.21739130434783,37.21442228089815,31.0
STR-08,SKU-00002,Snacks,WA,Express,2026-06-08,39,125.97,False,3.23,14.785714285714286,2.042857142857143,1.0,24,6,0.23931566428755768,-0.970941817426052,38.0,28.0,34.0,32.25,4.645786621588786,0.0,5.0,35.02173913043478,32.730038833741865,32.25
STR-08,SKU-00002,Snacks,WA,Express,2026-06-15,35,113.05,False,3.23,13.314285714285715,1.5142857142857142,0.0,25,6,0.12053668025532308,-0.992708874098054,39.0,38.0,29.0,33.5,5.802298395176405,0.0,5.0,35.02173913043478,32.95684414209986,33.5
STR-08,SKU-00002,Snacks,WA,Express,2026-06-22,24,77.52,False,3.23,14.657142857142857,2.257142857142857,0.0,26,6,-3.216245299353273e-16,-1.0,35.0,39.0,28.0,35.0,4.966554808583782,0.0,5.0,35.02173913043478,33.533782966401496,35.0
STR-08,SKU-00002,Snacks,WA,Express,2026-06-29,27,87.21,False,3.23,14.257142857142856,0.9571428571428572,0.0,27,6,-0.12053668025532283,-0.992708874098054,24.0,35.0,38.0,34.0,6.879922480183432,0.0,5.0,35.02173913043478,32.99903807749147,34.0
STR-08,SKU-00002,Snacks,WA,Express,2026-07-06,31,100.13,False,3.23,12.757142857142856,2.4714285714285715,0.0,28,7,-0.23931566428755743,-0.9709418174260521,27.0,24.0,39.0,31.25,6.946221994724903,0.0,5.0,35.02173913043478,32.26533646780691,31.25
STR-08,SKU-00002,Snacks,WA,Express,2026-07-13,28,90.44,False,3.23,14.114285714285714,1.6142857142857143,0.0,29,7,-0.3546048870425356,-0.9350162426854148,31.0,27.0,35.0,29.25,4.787135538781691,0.0,5.0,35.02173913043478,32.181561627890545,29.25
STR-08,SKU-00002,Snacks,WA,Express,2026-07-20,36,116.28,False,3.23,13.87142857142857,2.1714285714285717,0.0,30,7,-0.46472317204376806,-0.8854560256532101,28.0,31.0,24.0,27.5,2.88675134594813,0.0,5.0,35.02173913043478,31.46284068081477,27.5
STR-08,SKU-00002,Snacks,WA,Express,2026-07-27,23,74.28999999999999,False,3.2299999999999995,15.059999999999999,2.4,0.0,31,7,-0.5680647467311556,-0.8229838658936565,36.0,28.0,27.0,30.5,4.0414518843273814,0.0,5.0,35.02173913043478,31.722583439980617,30.5
STR-08,SKU-00004,Household,WA,Express,2026-06-08,11,96.30000000000001,False,9.63,14.785714285714286,2.042857142857143,1.0,24,6,0.23931566428755768,-0.970941817426052,11.0,18.0,8.0,12.75,4.272001872658767,0.0,3.0,11.130434782608695,12.505054789880049,12.75
STR-08,SKU-00004,Household,WA,Express,2026-06-15,10,96.3,False,9.63,13.314285714285715,1.5142857142857142,0.0,25,6,0.12053668025532308,-0.992708874098054,11.0,11.0,14.0,13.5,3.316624790355401,0.0,3.0,11.130434782608695,12.294682579697396,13.5
STR-08,SKU-00004,Household,WA,Express,2026-06-22,14,134.82000000000002,False,9.63,14.657142857142857,2.257142857142857,0.0,26,6,-3.216245299353273e-16,-1.0,10.0,11.0,18.0,12.5,3.696845502136474,0.0,3.0,11.130434782608695,12.11650174604305,12.5
STR-08,SKU-00004,Household,WA,Express,2026-06-29,13,125.19,False,9.63,14.257142857142856,0.9571428571428572,0.0,27,6,-0.12053668025532283,-0.992708874098054,14.0,10.0,11.0,11.5,1.73205080756888,0.0,3.0,11.130434782608695,12.041569012509948,11.5
STR-08,SKU-00004,Household,WA,Express,2026-07-06,10,96.30000000000001,False,9.63,12.757142857142856,2.4714285714285715,0.0,28,7,-0.23931566428755743,-0.9709418174260521,13.0,14.0,11.0,12.0,1.8257418583505565,0.0,3.0,11.130434782608695,12.00174114960951,12.0
STR-08,SKU-00004,Household,WA,Express,2026-07-13,4,38.52,False,9.63,14.114285714285714,1.6142857142857143,0.0,29,7,-0.3546048870425356,-0.9350162426854148,10.0,13.0,10.0,11.75,2.0615528128088325,0.0,3.0,11.130434782608695,12.035842739584666,11.75
STR-08,SKU-00004,Household,WA,Express,2026-07-20,13,125.19,False,9.63,13.87142857142857,2.1714285714285717,0.0,30,7,-0.46472317204376806,-0.8854560256532101,4.0,10.0,14.0,10.25,4.500000000000001,0.0,3.0,11.130434782608695,12.067247925369726,10.25
STR-08,SKU-00004,Household,WA,Express,2026-07-27,8,77.04,False,9.63,15.059999999999999,2.4,0.0,31,7,-0.5680647467311556,-0.8229838658936565,13.0,4.0,13.0,10.0,4.2426406871192865,0.0,3.0,11.130434782608695,11.737082779071308,10.0
STR-08,SKU-00005,Personal Care,WA,Express,2026-06-08,12,41.16,False,3.43,14.785714285714286,2.042857142857143,1.0,24,6,0.23931566428755768,-0.970941817426052,18.0,11.0,11.0,11.5,4.932882862316247,0.0,4.0,12.08695652173913,12.258148726277096,11.5
STR-08,SKU-00005,Personal Care,WA,Express,2026-06-15,10,34.3,False,3.43,13.314285714285715,1.5142857142857142,0.0,25,6,0.12053668025532308,-0.992708874098054,12.0,18.0,6.0,11.75,4.924428900898052,0.0,4.0,12.08695652173913,12.080187075891985,11.75
STR-08,SKU-00005,Personal Care,WA,Express,2026-06-22,11,37.73,False,3.43,14.657142857142857,2.257142857142857,0.0,26,6,-3.216245299353273e-16,-1.0,10.0,12.0,11.0,12.75,3.5939764421413036,0.0,4.0,12.08695652173913,12.039374507886684,12.75
STR-08,SKU-00005,Personal Care,WA,Express,2026-06-29,15,51.45,False,3.43,14.257142857142856,0.9571428571428572,0.0,27,6,-0.12053668025532283,-0.992708874098054,11.0,10.0,18.0,12.75,3.5939764421413036,0.0,4.0,12.08695652173913,12.086456801935629,12.75
STR-08,SKU-00005,Personal Care,WA,Express,2026-07-06,9,30.87,False,3.43,12.757142857142856,2.4714285714285715,0.0,28,7,-0.23931566428755743,-0.9709418174260521,15.0,11.0,12.0,12.0,2.1602468994692856,0.0,4.0,12.08695652173913,11.861424733847068,12.0
STR-08,SKU-00005,Personal Care,WA,Express,2026-07-13,16,54.88,False,3.43,14.114285714285714,1.6142857142857143,0.0,29,7,-0.3546048870425356,-0.9350162426854148,9.0,15.0,10.0,11.25,2.629955639676582,0.0,4.0,12.08695652173913,11.895526323822224,11.25
STR-08,SKU-00005,Personal Care,WA,Express,2026-07-20,6,20.580000000000002,False,3.43,13.87142857142857,2.1714285714285717,0.0,30,7,-0.46472317204376806,-0.8854560256532101,16.0,9.0,11.0,12.75,3.304037933599834,0.0,4.0,12.08695652173913,11.975486119916148,12.75
STR-08,SKU-00005,Personal Care,WA,Express,2026-07-27,7,24.01,False,3.4300000000000006,15.059999999999999,2.4,0.0,31,7,-0.5680647467311556,-0.8229838658936565,6.0,16.0,15.0,11.5,4.795831523312719,0.0,4.0,12.08695652173913,11.598588691739025,11.5
STR-08,SKU-00006,Frozen,WA,Express,2026-06-08,28,220.07999999999998,False,7.86,14.785714285714286,2.042857142857143,1.0,24,6,0.23931566428755768,-0.970941817426052,20.0,15.0,26.0,20.75,4.573474244670743,0.0,2.0,22.82608695652174,24.080646893475542,20.75
STR-08,SKU-00006,Frozen,WA,Express,2026-06-15,30,235.8,False,7.86,13.314285714285715,1.5142857142857142,0.0,25,6,0.12053668025532308,-0.992708874098054,28.0,20.0,22.0,21.25,5.377421934967223,0.0,2.0,22.82608695652174,23.890419701367197,21.25
STR-08,SKU-00006,Frozen,WA,Express,2026-06-22,27,212.22,False,7.86,14.657142857142857,2.257142857142857,0.0,26,6,-3.216245299353273e-16,-1.0,30.0,28.0,15.0,23.25,6.994045086119093,0.0,2.0,22.82608695652174,23.94992272815641,23.25
STR-08,SKU-00006,Frozen,WA,Express,2026-06-29,14,110.03999999999999,False,7.86,14.257142857142856,0.9571428571428572,0.0,27,6,-0.12053668025532283,-0.992708874098054,27.0,30.0,20.0,26.25,4.3493294502332915,0.0,2.0,22.82608695652174,23.371085781017754,26.25
STR-08,SKU-00006,Frozen,WA,Express,2026-07-06,21,165.06,False,7.86,12.757142857142856,2.4714285714285715,0.0,28,7,-0.23931566428755743,-0.9709418174260521,14.0,27.0,28.0,24.75,7.274384280931729,0.0,2.0,22.82608695652174,24.780448375398304,24.75
STR-08,SKU-00006,Frozen,WA,Express,2026-07-13,19,149.34,False,7.86,14.114285714285714,1.6142857142857143,0.0,29,7,-0.3546048870425356,-0.9350162426854148,21.0,14.0,30.0,23.0,7.071067811865473,0.0,2.0,22.82608695652174,24.705984519524737,23.0
STR-08,SKU-00006,Frozen,WA,Express,2026-07-20,25,196.5,False,7.86,13.87142857142857,2.1714285714285717,0.0,30,7,-0.46472317204376806,-0.8854560256532101,19.0,21.0,27.0,20.25,5.377421934967224,0.0,2.0,22.82608695652174,23.76199746746856,20.25
STR-08,SKU-00006,Frozen,WA,Express,2026-07-27,13,102.17999999999999,False,7.860000000000001,15.059999999999999,2.4,0.0,31,7,-0.5680647467311556,-0.8229838658936565,25.0,19.0,14.0,19.75,4.573474244670745,0.0,2.0,22.82608695652174,22.43484593758414,19.75
STR-08,SKU-00009,Dairy,WA,Express,2026-06-08,60,408.59999999999997,False,6.81,14.785714285714286,2.042857142857143,1.0,24,6,0.23931566428755768,-0.970941817426052,50.0,56.0,36.0,49.5,9.433981132056607,0.0,1.0,43.47826086956522,48.47894261610873,49.5
STR-08,SKU-00009,Dairy,WA,Express,2026-06-15,48,326.88,False,6.81,13.314285714285715,1.5142857142857142,0.0,25,6,0.12053668025532308,-0.992708874098054,60.0,50.0,56.0,55.5,4.1231056256176695,0.0,1.0,43.47826086956522,51.14851351814388,55.5
STR-08,SKU-00009,Dairy,WA,Express,2026-06-22,45,306.45,False,6.81,14.657142857142857,2.257142857142857,0.0,26,6,-3.216245299353273e-16,-1.0,48.0,60.0,56.0,53.5,5.507570547286109,0.0,1.0,43.47826086956522,48.564699811330314,53.5
STR-08,SKU-00009,Dairy,WA,Express,2026-06-29,49,333.69,False,6.81,14.257142857142856,0.9571428571428572,0.0,27,6,-0.12053668025532283,-0.992708874098054,45.0,48.0,50.0,50.75,6.500000000000006,0.0,1.0,43.47826086956522,46.812721763819304,50.75
STR-08,SKU-00009,Dairy,WA,Express,2026-07-06,60,408.6,False,6.81,12.757142857142856,2.4714285714285715,0.0,28,7,-0.23931566428755743,-0.9709418174260521,49.0,45.0,60.0,50.5,6.557438524302007,0.0,1.0,43.47826086956522,46.69597499650811,50.5
STR-08,SKU-00009,Dairy,WA,Express,2026-07-13,47,320.07,False,6.81,14.114285714285714,1.6142857142857143,0.0,29,7,-0.3546048870425356,-0.9350162426854148,60.0,49.0,48.0,50.5,6.557438524302007,0.0,1.0,43.47826086956522,49.657845519854725,50.5
STR-08,SKU-00009,Dairy,WA,Express,2026-07-20,46,313.26,False,6.81,13.87142857142857,2.1714285714285717,0.0,30,7,-0.46472317204376806,-0.8854560256532101,47.0,60.0,45.0,50.25,6.701989754294372,0.0,1.0,43.47826086956522,48.43162435926392,50.25
STR-08,SKU-00009,Dairy,WA,Express,2026-07-27,28,190.68,False,6.81,15.059999999999999,2.4,0.0,31,7,-0.5680647467311556,-0.8229838658936565,46.0,47.0,49.0,50.5,6.454972243679034,0.0,1.0,43.47826086956522,45.82604010828232,50.5
STR-08,SKU-00010,Household,WA,Express,2026-06-08,26,210.85999999999999,False,8.11,14.785714285714286,2.042857142857143,1.0,24,6,0.23931566428755768,-0.970941817426052,21.0,28.0,20.0,22.75,3.5939764421413027,0.0,3.0,23.152173913043477,22.639749464258113,22.75
STR-08,SKU-00010,Household,WA,Express,2026-06-15,15,121.64999999999999,False,8.11,13.314285714285715,1.5142857142857142,0.0,25,6,0.12053668025532308,-0.992708874098054,26.0,21.0,22.0,24.25,3.304037933599833,0.0,3.0,23.152173913043477,22.990084583780035,24.25
STR-08,SKU-00010,Household,WA,Express,2026-06-22,21,170.31,False,8.11,14.657142857142857,2.257142857142857,0.0,26,6,-3.216245299353273e-16,-1.0,15.0,26.0,28.0,22.5,5.802298395176402,0.0,3.0,23.152173913043477,23.126464598826058,22.5
STR-08,SKU-00010,Household,WA,Express,2026-06-29,31,251.40999999999997,False,8.11,14.257142857142856,0.9571428571428572,0.0,27,6,-0.12053668025532283,-0.992708874098054,21.0,15.0,21.0,20.75,4.499999999999999,0.0,3.0,23.152173913043477,22.7103969499203,20.75
STR-08,SKU-00010,Household,WA,Express,2026-07-06,24,194.64,False,8.11,12.757142857142856,2.4714285714285715,0.0,28,7,-0.23931566428755743,-0.9709418174260521,31.0,21.0,26.0,23.25,6.849574196011505,0.0,3.0,23.152173913043477,22.990711361780676,23.25
STR-08,SKU-00010,Household,WA,Express,2026-07-13,31,251.40999999999997,False,8.11,14.114285714285714,1.6142857142857143,0.0,29,7,-0.3546048870425356,-0.9350162426854148,24.0,31.0,15.0,22.75,6.652067347825035,0.0,3.0,23.152173913043477,22.46320881991764,22.75
STR-08,SKU-00010,Household,WA,Express,2026-07-20,21,170.31,False,8.11,13.87142857142857,2.1714285714285717,0.0,30,7,-0.46472317204376806,-0.8854560256532101,31.0,24.0,21.0,26.75,5.0579969684978385,0.0,3.0,23.152173913043477,23.052940190233393,26.75
STR-08,SKU-00010,Household,WA,Express,2026-07-27,18,145.98,False,8.11,15.059999999999999,2.4,0.0,31,7,-0.5680647467311556,-0.8229838658936565,21.0,31.0,31.0,26.75,5.0579969684978385,0.0,3.0,23.152173913043477,22.350913486296992,26.75
STR-08,SKU-00011,Personal Care,WA,Express,2026-06-08,25,274.25,False,10.97,14.785714285714286,2.042857142857143,1.0,24,6,0.23931566428755768,-0.970941817426052,16.0,16.0,19.0,17.75,2.0615528128088516,0.0,4.0,15.978260869565217,15.84528900642723,17.75
STR-08,SKU-00011,Personal Care,WA,Express,2026-06-15,8,87.75999999999999,False,10.97,13.314285714285715,1.5142857142857142,0.0,25,6,0.12053668025532308,-0.992708874098054,25.0,16.0,20.0,19.25,4.272001872658776,0.0,4.0,15.978260869565217,15.67590432118271,19.25
STR-08,SKU-00011,Personal Care,WA,Express,2026-06-22,14,153.58,False,10.97,14.657142857142857,2.257142857142857,0.0,26,6,-3.216245299353273e-16,-1.0,8.0,25.0,16.0,16.25,6.946221994724909,0.0,4.0,15.978260869565217,15.823306435496916,16.25
STR-08,SKU-00011,Personal Care,WA,Express,2026-06-29,21,230.37,False,10.97,14.257142857142856,0.9571428571428572,0.0,27,6,-0.12053668025532283,-0.992708874098054,14.0,8.0,16.0,15.75,7.041543391425876,0.0,4.0,15.978260869565217,15.669174701199783,15.75
STR-08,SKU-00011,Personal Care,WA,Express,2026-07-06,15,164.55,False,10.97,12.757142857142856,2.4714285714285715,0.0,28,7,-0.23931566428755743,-0.9709418174260521,21.0,14.0,25.0,17.0,7.527726527090817,0.0,4.0,15.978260869565217,16.54526028365775,17.0
STR-08,SKU-00011,Personal Care,WA,Express,2026-07-13,14,153.57999999999998,False,10.97,14.114285714285714,1.6142857142857143,0.0,29,7,-0.3546048870425356,-0.9350162426854148,15.0,21.0,8.0,14.5,5.32290647422378,0.0,4.0,15.978260869565217,15.67590432118271,14.5
STR-08,SKU-00011,Personal Care,WA,Express,2026-07-20,21,230.37,False,10.97,13.87142857142857,2.1714285714285717,0.0,30,7,-0.46472317204376806,-0.8854560256532101,14.0,15.0,14.0,16.0,3.3665016461207062,0.0,4.0,15.978260869565217,15.53284751998686,16.0
STR-08,SKU-00011,Personal Care,WA,Express,2026-07-27,15,164.55,False,10.97,15.059999999999999,2.4,0.0,31,7,-0.5680647467311556,-0.8229838658936565,21.0,14.0,21.0,17.75,3.774917217635387,0.0,4.0,15.978260869565217,16.15505751151064,17.75
STR-08,SKU-00012,Frozen,WA,Express,2026-06-08,31,159.33999999999997,True,5.14,14.785714285714286,2.042857142857143,1.0,24,6,0.23931566428755768,-0.970941817426052,34.0,32.0,22.0,29.5,5.259911279353167,0.0,2.0,25.630434782608695,29.392288199672056,29.5
STR-08,SKU-00012,Frozen,WA,Express,2026-06-15,26,133.64,False,5.14,13.314285714285715,1.5142857142857142,0.0,25,6,0.12053668025532308,-0.992708874098054,31.0,34.0,30.0,31.75,1.7078251276599359,0.0,2.0,25.630434782608695,27.45712959588553,31.75
STR-08,SKU-00012,Frozen,WA,Express,2026-06-22,41,210.73999999999998,False,5.14,14.657142857142857,2.257142857142857,0.0,26,6,-3.216245299353273e-16,-1.0,26.0,31.0,32.0,30.75,3.4034296427770245,0.0,2.0,25.630434782608695,27.537788602343916,30.75
STR-08,SKU-00012,Frozen,WA,Express,2026-06-29,31,159.34,False,5.14,14.257142857142856,0.9571428571428572,0.0,27,6,-0.12053668025532283,-0.992708874098054,41.0,26.0,34.0,33.0,6.271629240742261,0.0,2.0,25.630434782608695,28.780299226560096,33.0
STR-08,SKU-00012,Frozen,WA,Express,2026-07-06,28,143.92,False,5.14,12.757142857142856,2.4714285714285715,0.0,28,7,-0.23931566428755743,-0.9709418174260521,31.0,41.0,31.0,32.25,6.291528696058959,0.0,2.0,25.630434782608695,28.128022314042273,32.25
STR-08,SKU-00012,Frozen,WA,Express,2026-07-13,23,118.22,False,5.14,14.114285714285714,1.6142857142857143,0.0,29,7,-0.3546048870425356,-0.9350162426854148,28.0,31.0,26.0,31.5,6.658328118479393,0.0,2.0,25.630434782608695,28.213220473316124,31.5
STR-08,SKU-00012,Frozen,WA,Express,2026-07-20,32,164.48,False,5.14,13.87142857142857,2.1714285714285717,0.0,30,7,-0.46472317204376806,-0.8854560256532101,23.0,28.0,41.0,30.75,7.588368291888141,0.0,2.0,25.630434782608695,28.898505506486835,30.75
STR-08,SKU-00012,Frozen,WA,Express,2026-07-27,21,107.94,False,5.14,15.059999999999999,2.4,0.0,31,7,-0.5680647467311556,-0.8229838658936565,32.0,23.0,31.0,28.5,4.041451884327382,0.0,2.0,25.630434782608695,26.66666154922562,28.5
STR-08,SKU-00013,Beverages,WA,Express,2026-06-08,33,163.35,False,4.95,14.785714285714286,2.042857142857143,1.0,24,6,0.23931566428755768,-0.970941817426052,38.0,59.0,48.0,47.25,8.845903006477073,0.0,0.0,60.76086956521739,52.022837209738356,47.25
STR-08,SKU-00013,Beverages,WA,Express,2026-06-15,33,163.35,False,4.95,13.314285714285715,1.5142857142857142,0.0,25,6,0.12053668025532308,-0.992708874098054,33.0,38.0,44.0,43.5,11.26942766958465,0.0,0.0,60.76086956521739,43.973713742029425,43.5
STR-08,SKU-00013,Beverages,WA,Express,2026-06-22,30,148.5,False,4.95,14.657142857142857,2.257142857142857,0.0,26,6,-3.216245299353273e-16,-1.0,33.0,33.0,59.0,40.75,12.392874296680873,0.0,0.0,60.76086956521739,43.44098725670914,40.75
STR-08,SKU-00013,Beverages,WA,Express,2026-06-29,22,108.9,False,4.95,14.257142857142856,0.9571428571428572,0.0,27,6,-0.12053668025532283,-0.992708874098054,30.0,33.0,38.0,33.5,3.3166247903554176,0.0,0.0,60.76086956521739,36.326855394450135,33.5
STR-08,SKU-00013,Beverages,WA,Express,2026-07-06,34,168.3,False,4.95,12.757142857142856,2.4714285714285715,0.0,28,7,-0.23931566428755743,-0.9709418174260521,22.0,30.0,33.0,29.5,5.196152422706644,0.0,0.0,60.76086956521739,36.13106769055535,29.5
STR-08,SKU-00013,Beverages,WA,Express,2026-07-13,40,198.0,False,4.95,14.114285714285714,1.6142857142857143,0.0,29,7,-0.3546048870425356,-0.9350162426854148,34.0,22.0,33.0,29.75,5.439056290693585,0.0,0.0,60.76086956521739,36.22847062299222,29.75
STR-08,SKU-00013,Beverages,WA,Express,2026-07-20,33,163.35,False,4.95,13.87142857142857,2.1714285714285717,0.0,30,7,-0.46472317204376806,-0.8854560256532101,40.0,34.0,30.0,31.5,7.549834435270758,0.0,0.0,60.76086956521739,36.31572865947217,31.5
STR-08,SKU-00013,Beverages,WA,Express,2026-07-27,26,128.7,False,4.95,15.059999999999999,2.4,0.0,31,7,-0.5680647467311556,-0.8229838658936565,33.0,40.0,22.0,32.25,7.500000000000008,0.0,0.0,60.76086956521739,36.04592259526119,32.25
STR-08,SKU-00014,Snacks,WA,Express,2026-06-08,43,311.32,False,7.24,14.785714285714286,2.042857142857143,1.0,24,6,0.23931566428755768,-0.970941817426052,44.0,48.0,45.0,41.25,8.995369179009087,0.0,5.0,53.891304347826086,46.98011672984833,41.25
STR-08,SKU-00014,Snacks,WA,Express,2026-06-15,53,383.72,False,7.24,13.314285714285715,1.5142857142857142,0.0,25,6,0.12053668025532308,-0.992708874098054,43.0,44.0,28.0,40.75,8.770214744615243,0.0,5.0,53.891304347826086,45.59930015318156,40.75
STR-08,SKU-00014,Snacks,WA,Express,2026-06-22,56,405.44,False,7.24,14.657142857142857,2.257142857142857,0.0,26,6,-3.216245299353273e-16,-1.0,53.0,43.0,48.0,47.0,4.546060565661948,0.0,5.0,53.891304347826086,48.956539285583425,47.0
STR-08,SKU-00014,Snacks,WA,Express,2026-06-29,30,217.20000000000002,False,7.24,14.257142857142856,0.9571428571428572,0.0,27,6,-0.12053668025532283,-0.992708874098054,56.0,53.0,44.0,49.0,6.480740698407858,0.0,5.0,53.891304347826086,49.52944135645015,49.0
STR-08,SKU-00014,Snacks,WA,Express,2026-07-06,54,390.96000000000004,False,7.24,12.757142857142856,2.4714285714285715,0.0,28,7,-0.23931566428755743,-0.9709418174260521,30.0,56.0,43.0,45.5,11.733143937865359,0.0,5.0,53.891304347826086,50.39466982990163,45.5
STR-08,SKU-00014,Snacks,WA,Express,2026-07-13,53,383.72,False,7.24,14.114285714285714,1.6142857142857143,0.0,29,7,-0.3546048870425356,-0.9350162426854148,54.0,30.0,53.0,48.25,12.230426539304887,0.0,5.0,53.891304347826086,49.43376444234681,48.25
STR-08,SKU-00014,Snacks,WA,Express,2026-07-20,34,246.16,False,7.24,13.87142857142857,2.1714285714285717,0.0,30,7,-0.46472317204376806,-0.8854560256532101,53.0,54.0,56.0,48.25,12.230426539304887,0.0,5.0,53.891304347826086,49.792230450949596,48.25
STR-08,SKU-00014,Snacks,WA,Express,2026-07-27,37,267.88,False,7.24,15.059999999999999,2.4,0.0,31,7,-0.5680647467311556,-0.8229838658936565,34.0,53.0,30.0,42.75,12.526638282742365,0.0,5.0,53.891304347826086,47.169370815352266,42.75
STR-08,SKU-00015,Dairy,WA,Express,2026-06-08,65,206.7,False,3.18,14.785714285714286,2.042857142857143,1.0,24,6,0.23931566428755768,-0.970941817426052,69.0,63.0,62.0,65.75,3.774917217635372,0.0,1.0,55.43478260869565,62.80764636341642,65.75
STR-08,SKU-00015,Dairy,WA,Express,2026-06-15,60,190.8,False,3.18,13.314285714285715,1.5142857142857142,0.0,25,6,0.12053668025532308,-0.992708874098054,65.0,69.0,69.0,66.5,2.999999999999996,0.0,1.0,55.43478260869565,59.85187660996176,66.5
STR-08,SKU-00015,Dairy,WA,Express,2026-06-22,58,184.44,False,3.18,14.657142857142857,2.257142857142857,0.0,26,6,-3.216245299353273e-16,-1.0,60.0,65.0,63.0,64.25,3.774917217635373,0.0,1.0,55.43478260869565,58.36196509369503,64.25
STR-08,SKU-00015,Dairy,WA,Express,2026-06-29,56,178.08,False,3.18,14.257142857142856,0.9571428571428572,0.0,27,6,-0.12053668025532283,-0.992708874098054,58.0,60.0,69.0,63.0,4.966554808583779,0.0,1.0,55.43478260869565,56.82064587395154,63.0
STR-08,SKU-00015,Dairy,WA,Express,2026-07-06,69,219.42000000000002,False,3.18,12.757142857142856,2.4714285714285715,0.0,28,7,-0.23931566428755743,-0.9709418174260521,56.0,58.0,65.0,59.75,3.862210075418821,0.0,1.0,55.43478260869565,55.865870461408676,59.75
STR-08,SKU-00015,Dairy,WA,Express,2026-07-13,70,222.6,False,3.18,14.114285714285714,1.6142857142857143,0.0,29,7,-0.3546048870425356,-0.9350162426854148,69.0,56.0,60.0,60.75,5.737304826019501,0.0,1.0,55.43478260869565,58.51924251894141,60.75
STR-08,SKU-00015,Dairy,WA,Express,2026-07-20,60,190.8,False,3.18,13.87142857142857,2.1714285714285717,0.0,30,7,-0.46472317204376806,-0.8854560256532101,70.0,69.0,58.0,63.25,7.274384280931731,0.0,1.0,55.43478260869565,60.85086733477567,63.25
STR-08,SKU-00015,Dairy,WA,Express,2026-07-27,35,111.30000000000001,False,3.18,15.059999999999999,2.4,0.0,31,7,-0.5680647467311556,-0.8229838658936565,60.0,70.0,56.0,63.75,6.849574196011505,0.0,1.0,55.43478260869565,58.21893412439757,63.75
STR-08,SKU-00017,Beverages,WA,Express,2026-06-08,45,168.3,False,3.7399999999999998,14.785714285714286,2.042857142857143,1.0,24,6,0.23931566428755768,-0.970941817426052,47.0,58.0,51.0,51.25,4.787135538781681,0.0,0.0,68.93478260869566,54.85787617534056,51.25
STR-08,SKU-00017,Beverages,WA,Express,2026-06-15,37,138.38,False,3.7399999999999998,13.314285714285715,1.5142857142857142,0.0,25,6,0.12053668025532308,-0.992708874098054,45.0,47.0,49.0,49.75,5.7373048260194945,0.0,0.0,68.93478260869566,48.453573655172,49.75
STR-08,SKU-00017,Beverages,WA,Express,2026-06-22,34,127.16,False,3.7399999999999998,14.657142857142857,2.257142857142857,0.0,26,6,-3.216245299353273e-16,-1.0,37.0,45.0,58.0,46.75,8.655441448399184,0.0,0.0,68.93478260869566,46.100796730676464,46.75
STR-08,SKU-00017,Beverages,WA,Express,2026-06-29,31,115.94,False,3.7399999999999998,14.257142857142856,0.9571428571428572,0.0,27,6,-0.12053668025532283,-0.992708874098054,34.0,37.0,47.0,40.75,6.23832242407096,0.0,0.0,68.93478260869566,42.333092752442916,40.75
STR-08,SKU-00017,Beverages,WA,Express,2026-07-06,34,127.16,False,3.7399999999999998,12.757142857142856,2.4714285714285715,0.0,28,7,-0.23931566428755743,-0.9709418174260521,31.0,34.0,45.0,36.75,6.020797289396139,0.0,0.0,68.93478260869566,40.023802350754025,36.75
STR-08,SKU-00017,Beverages,WA,Express,2026-07-13,42,157.08,False,3.7399999999999998,14.114285714285714,1.6142857142857143,0.0,29,7,-0.3546048870425356,-0.9350162426854148,34.0,31.0,37.0,34.0,2.449489742783157,0.0,0.0,68.93478260869566,36.45786351746931,34.0
STR-08,SKU-00017,Beverages,WA,Express,2026-07-20,38,142.12,False,3.7399999999999998,13.87142857142857,2.1714285714285717,0.0,30,7,-0.46472317204376806,-0.8854560256532101,42.0,34.0,34.0,35.25,4.716990566028291,0.0,0.0,68.93478260869566,38.20577933757003,35.25
STR-08,SKU-00017,Beverages,WA,Express,2026-07-27,26,97.24000000000001,False,3.7400000000000007,15.059999999999999,2.4,0.0,31,7,-0.5680647467311556,-0.8229838658936565,38.0,42.0,31.0,36.25,4.78713553878168,0.0,0.0,68.93478260869566,38.022846281694925,36.25
STR-08,SKU-00018,Snacks,WA,Express,2026-06-08,30,101.4,False,3.38,14.785714285714286,2.042857142857143,1.0,24,6,0.23931566428755768,-0.970941817426052,33.0,34.0,25.0,29.25,4.9244289008980475,0.0,5.0,36.130434782608695,33.27607222359735,29.25
STR-08,SKU-00018,Snacks,WA,Express,2026-06-15,28,94.64,False,3.38,13.314285714285715,1.5142857142857142,0.0,25,6,0.12053668025532308,-0.992708874098054,30.0,33.0,25.0,30.5,4.041451884327374,0.0,5.0,36.130434782608695,33.00490568073238,30.5
STR-08,SKU-00018,Snacks,WA,Express,2026-06-22,37,125.06,False,3.38,14.657142857142857,2.257142857142857,0.0,26,6,-3.216245299353273e-16,-1.0,28.0,30.0,34.0,31.25,2.7537852736430417,0.0,5.0,36.130434782608695,32.90272626355116,31.25
STR-08,SKU-00018,Snacks,WA,Express,2026-06-29,29,98.02,False,3.38,14.257142857142856,0.9571428571428572,0.0,27,6,-0.12053668025532283,-0.992708874098054,37.0,28.0,33.0,32.0,3.9157800414902373,0.0,5.0,36.130434782608695,32.924293684619634,32.0
STR-08,SKU-00018,Snacks,WA,Express,2026-07-06,22,74.36,False,3.38,12.757142857142856,2.4714285714285715,0.0,28,7,-0.23931566428755743,-0.9709418174260521,29.0,37.0,30.0,31.0,4.082482904638625,0.0,5.0,36.130434782608695,32.890179171008604,31.0
STR-08,SKU-00018,Snacks,WA,Express,2026-07-13,37,125.06,False,3.38,14.114285714285714,1.6142857142857143,0.0,29,7,-0.3546048870425356,-0.9350162426854148,22.0,29.0,28.0,29.0,6.1644140029689725,0.0,5.0,36.130434782608695,32.95649211814933,29.0
STR-08,SKU-00018,Snacks,WA,Express,2026-07-20,26,87.88,False,3.38,13.87142857142857,2.1714285714285717,0.0,30,7,-0.46472317204376806,-0.8854560256532101,37.0,22.0,37.0,31.25,7.228416147400478,0.0,5.0,36.130434782608695,32.966742549473004,31.25
STR-08,SKU-00018,Snacks,WA,Express,2026-07-27,19,64.22,False,3.38,15.059999999999999,2.4,0.0,31,7,-0.5680647467311556,-0.8229838658936565,26.0,37.0,29.0,28.5,6.35085296108588,0.0,5.0,36.130434782608695,31.590157148892665,28.5
STR-08,SKU-00019,Dairy,WA,Express,2026-06-08,31,277.14,False,8.94,14.785714285714286,2.042857142857143,1.0,24,6,0.23931566428755768,-0.970941817426052,32.0,39.0,42.0,36.25,5.057996968497836,0.0,1.0,36.21739130434783,38.3992581869341,36.25
STR-08,SKU-00019,Dairy,WA,Express,2026-06-15,35,312.9,False,8.94,13.314285714285715,1.5142857142857142,0.0,25,6,0.12053668025532308,-0.992708874098054,31.0,32.0,32.0,33.5,3.696845502136468,0.0,1.0,36.21739130434783,35.70393802662933,33.5
STR-08,SKU-00019,Dairy,WA,Express,2026-06-22,42,375.48,False,8.94,14.657142857142857,2.257142857142857,0.0,26,6,-3.216245299353273e-16,-1.0,35.0,31.0,39.0,34.25,3.5939764421412996,0.0,1.0,36.21739130434783,35.79363110911316,34.25
STR-08,SKU-00019,Dairy,WA,Express,2026-06-29,46,411.24,False,8.94,14.257142857142856,0.9571428571428572,0.0,27,6,-0.12053668025532283,-0.992708874098054,42.0,35.0,32.0,35.0,4.966554808583776,0.0,1.0,36.21739130434783,36.32569099676001,35.0
STR-08,SKU-00019,Dairy,WA,Express,2026-07-06,29,259.26,False,8.94,12.757142857142856,2.4714285714285715,0.0,28,7,-0.23931566428755743,-0.9709418174260521,46.0,42.0,31.0,38.5,6.757711644237761,0.0,1.0,36.21739130434783,38.54699275048089,38.5
STR-08,SKU-00019,Dairy,WA,Express,2026-07-13,53,473.82,False,8.94,14.114285714285714,1.6142857142857143,0.0,29,7,-0.3546048870425356,-0.9350162426854148,29.0,46.0,35.0,38.0,7.527726527090808,0.0,1.0,36.21739130434783,40.48329272632379,38.0
STR-08,SKU-00019,Dairy,WA,Express,2026-07-20,41,366.53999999999996,False,8.94,13.87142857142857,2.1714285714285717,0.0,30,7,-0.46472317204376806,-0.8854560256532101,53.0,29.0,42.0,42.5,10.082988974836114,0.0,1.0,36.21739130434783,42.02975372054899,42.5
STR-08,SKU-00019,Dairy,WA,Express,2026-07-27,29,259.26,False,8.94,15.059999999999999,2.4,0.0,31,7,-0.5680647467311556,-0.8229838658936565,41.0,53.0,46.0,42.25,10.11187420807834,0.0,1.0,36.21739130434783,38.324037369183976,42.25
STR-08,SKU-00020,Household,WA,Express,2026-06-08,15,142.20000000000002,False,9.48,14.785714285714286,2.042857142857143,1.0,24,6,0.23931566428755768,-0.970941817426052,16.0,11.0,14.0,14.0,2.160246899469287,0.0,3.0,14.195652173913043,14.46670517922548,14.0
STR-08,SKU-00020,Household,WA,Express,2026-06-15,13,123.24000000000001,False,9.48,13.314285714285715,1.5142857142857142,0.0,25,6,0.12053668025532308,-0.992708874098054,15.0,16.0,15.0,14.25,2.217355782608345,0.0,3.0,14.195652173913043,14.112659741911205,14.25
STR-08,SKU-00020,Household,WA,Express,2026-06-22,16,151.68,False,9.48,14.657142857142857,2.257142857142857,0.0,26,6,-3.216245299353273e-16,-1.0,13.0,15.0,11.0,13.75,2.217355782608345,0.0,3.0,14.195652173913043,14.078558151936049,13.75
STR-08,SKU-00020,Household,WA,Express,2026-06-29,16,151.68,False,9.48,14.257142857142856,0.9571428571428572,0.0,27,6,-0.12053668025532283,-0.992708874098054,16.0,13.0,16.0,15.0,1.4142135623730956,0.0,3.0,14.195652173913043,14.096765048762592,15.0
STR-08,SKU-00020,Household,WA,Express,2026-07-06,18,170.64000000000001,False,9.48,12.757142857142856,2.4714285714285715,0.0,28,7,-0.23931566428755743,-0.9709418174260521,16.0,16.0,15.0,15.0,1.4142135623730956,0.0,3.0,14.195652173913043,14.078558151936049,15.0
STR-08,SKU-00020,Household,WA,Express,2026-07-13,11,104.28,False,9.48,14.114285714285714,1.6142857142857143,0.0,29,7,-0.3546048870425356,-0.9350162426854148,18.0,16.0,13.0,15.75,2.0615528128088307,0.0,3.0,14.195652173913043,14.112659741911205,15.75
STR-08,SKU-00020,Household,WA,Express,2026-07-20,11,104.28,False,9.48,13.87142857142857,2.1714285714285717,0.0,30,7,-0.46472317204376806,-0.8854560256532101,11.0,18.0,16.0,15.25,2.98607881119482,0.0,3.0,14.195652173913043,14.167075931652166,15.25
STR-08,SKU-00020,Household,WA,Express,2026-07-27,17,161.16,False,9.48,15.059999999999999,2.4,0.0,31,7,-0.5680647467311556,-0.8229838658936565,11.0,11.0,16.0,14.0,3.5590260840104375,0.0,3.0,14.195652173913043,13.784986717876478,14.0
STR-08,SKU-00021,Personal Care,WA,Express,2026-06-08,19,59.66,False,3.14,14.785714285714286,2.042857142857143,1.0,24,6,0.23931566428755768,-0.970941817426052,27.0,15.0,16.0,20.25,5.737304826019501,0.0,4.0,22.391304347826086,22.171537765482583,20.25
STR-08,SKU-00021,Personal Care,WA,Express,2026-06-15,23,72.22,False,3.14,13.314285714285715,1.5142857142857142,0.0,25,6,0.12053668025532308,-0.992708874098054,19.0,27.0,23.0,21.0,5.1639777949432215,0.0,4.0,22.391304347826086,22.42476756740893,21.0
STR-08,SKU-00021,Personal Care,WA,Express,2026-06-22,21,65.94,False,3.14,14.657142857142857,2.257142857142857,0.0,26,6,-3.216245299353273e-16,-1.0,23.0,19.0,15.0,21.0,5.1639777949432215,0.0,4.0,22.391304347826086,21.330652599375036,21.0
STR-08,SKU-00021,Personal Care,WA,Express,2026-06-29,19,59.66,False,3.14,14.257142857142856,0.9571428571428572,0.0,27,6,-0.12053668025532283,-0.992708874098054,21.0,23.0,27.0,22.5,3.4156502553198647,0.0,4.0,22.391304347826086,22.52859664174598,22.5
STR-08,SKU-00021,Personal Care,WA,Express,2026-07-06,25,78.5,False,3.14,12.757142857142856,2.4714285714285715,0.0,28,7,-0.23931566428755743,-0.9709418174260521,19.0,21.0,19.0,20.5,1.9148542155126738,0.0,4.0,22.391304347826086,21.21406967451134,20.5
STR-08,SKU-00021,Personal Care,WA,Express,2026-07-13,22,69.08,False,3.14,14.114285714285714,1.6142857142857143,0.0,29,7,-0.3546048870425356,-0.9350162426854148,25.0,19.0,23.0,22.0,2.5819888974716094,0.0,4.0,22.391304347826086,22.063463542284396,22.0
STR-08,SKU-00021,Personal Care,WA,Express,2026-07-20,27,84.78,False,3.14,13.87142857142857,2.1714285714285717,0.0,30,7,-0.46472317204376806,-0.8854560256532101,22.0,25.0,21.0,21.75,2.4999999999999982,0.0,4.0,22.391304347826086,22.1797624086466,21.75
STR-08,SKU-00021,Personal Care,WA,Express,2026-07-27,10,31.4,False,3.14,15.059999999999999,2.4,0.0,31,7,-0.5680647467311556,-0.8229838658936565,27.0,22.0,19.0,23.25,3.4999999999999987,0.0,4.0,22.391304347826086,21.283404912386487,23.25
STR-08,SKU-00023,Beverages,WA,Express,2026-06-08,54,226.8,False,4.2,14.785714285714286,2.042857142857143,1.0,24,6,0.23931566428755768,-0.970941817426052,47.0,71.0,58.0,60.5,10.472185381603342,0.0,0.0,79.1086956521739,60.25064432992156,60.5
STR-08,SKU-00023,Beverages,WA,Express,2026-06-15,37,155.4,False,4.2,13.314285714285715,1.5142857142857142,0.0,25,6,0.12053668025532308,-0.992708874098054,54.0,47.0,66.0,59.5,10.969655114602894,0.0,0.0,79.1086956521739,57.60431185005693,59.5
STR-08,SKU-00023,Beverages,WA,Express,2026-06-22,39,163.8,False,4.2,14.657142857142857,2.257142857142857,0.0,26,6,-3.216245299353273e-16,-1.0,37.0,54.0,71.0,52.25,14.314910641239324,0.0,0.0,79.1086956521739,49.287563271067164,52.25
STR-08,SKU-00023,Beverages,WA,Express,2026-06-29,48,201.6,False,4.2,14.257142857142856,0.9571428571428572,0.0,27,6,-0.12053668025532283,-0.992708874098054,39.0,37.0,47.0,44.25,7.804912982645407,0.0,0.0,79.1086956521739,43.164208279492314,44.25
STR-08,SKU-00023,Beverages,WA,Express,2026-07-06,36,151.2,False,4.2,12.757142857142856,2.4714285714285715,0.0,28,7,-0.23931566428755743,-0.9709418174260521,48.0,39.0,54.0,44.5,7.937253933193781,0.0,0.0,79.1086956521739,43.58460840561965,44.5
STR-08,SKU-00023,Beverages,WA,Express,2026-07-13,35,147.0,False,4.2,14.114285714285714,1.6142857142857143,0.0,29,7,-0.3546048870425356,-0.9350162426854148,36.0,48.0,37.0,40.0,5.477225575051675,0.0,0.0,79.1086956521739,42.46015567563565,40.0
STR-08,SKU-00023,Beverages,WA,Express,2026-07-20,48,201.6,False,4.2,13.87142857142857,2.1714285714285717,0.0,30,7,-0.46472317204376806,-0.8854560256532101,35.0,36.0,39.0,39.5,5.9160797830996295,0.0,0.0,79.1086956521739,42.0527036766435,39.5
STR-08,SKU-00023,Beverages,WA,Express,2026-07-27,31,130.2,False,4.2,15.059999999999999,2.4,0.0,31,7,-0.5680647467311556,-0.8229838658936565,48.0,35.0,48.0,41.75,7.228416147400492,0.0,0.0,79.1086956521739,42.54114913085723,41.75
STR-08,SKU-00024,Snacks,WA,Express,2026-06-08,23,49.45,False,2.15,14.785714285714286,2.042857142857143,1.0,24,6,0.23931566428755768,-0.970941817426052,26.0,37.0,32.0,31.0,4.6904157598234795,0.0,5.0,41.56521739130435,35.9151869557616,31.0
STR-08,SKU-00024,Snacks,WA,Express,2026-06-15,40,86.0,False,2.15,13.314285714285715,1.5142857142857142,0.0,25,6,0.12053668025532308,-0.992708874098054,23.0,26.0,29.0,28.75,6.020797289396187,0.0,5.0,41.56521739130435,35.42653843432808,28.75
STR-08,SKU-00024,Snacks,WA,Express,2026-06-22,37,79.55,False,2.15,14.657142857142857,2.257142857142857,0.0,26,6,-3.216245299353273e-16,-1.0,40.0,23.0,37.0,31.5,8.266397845091525,0.0,5.0,41.56521739130435,35.44360494184627,31.5
STR-08,SKU-00024,Snacks,WA,Express,2026-06-29,29,62.35,False,2.15,14.257142857142856,0.9571428571428572,0.0,27,6,-0.12053668025532283,-0.992708874098054,37.0,40.0,26.0,31.5,8.266397845091525,0.0,5.0,41.56521739130435,35.534507838646846,31.5
STR-08,SKU-00024,Snacks,WA,Express,2026-07-06,28,60.2,False,2.15,12.757142857142856,2.4714285714285715,0.0,28,7,-0.23931566428755743,-0.9709418174260521,29.0,37.0,23.0,32.25,7.719024117939638,0.0,5.0,41.56521739130435,35.43105784930371,32.25
STR-08,SKU-00024,Snacks,WA,Express,2026-07-13,32,68.8,False,2.15,14.114285714285714,1.6142857142857143,0.0,29,7,-0.3546048870425356,-0.9350162426854148,28.0,29.0,40.0,33.5,5.916079783099656,0.0,5.0,41.56521739130435,36.230421890671906,33.5
STR-08,SKU-00024,Snacks,WA,Express,2026-07-20,28,60.2,False,2.15,13.87142857142857,2.1714285714285717,0.0,30,7,-0.46472317204376806,-0.8854560256532101,32.0,28.0,37.0,31.5,4.041451884327438,0.0,5.0,41.56521739130435,35.32143557792736,31.5
STR-08,SKU-00024,Snacks,WA,Express,2026-07-27,17,36.55,False,2.15,15.059999999999999,2.4,0.0,31,7,-0.5680647467311556,-0.8229838658936565,28.0,32.0,29.0,29.25,1.892969448600215,0.0,5.0,41.56521739130435,35.12007621287467,29.25
